rule_chain,node_name,node_type,status,output_field,source_fields,source_params,tinyexpr,tinyexpr_suggested,multi_output_sibling_fields,reason,original_code
AccelerographRC,Cuerpo de alerta,TbTransformMsgNode,needs_manual_review,,,,,,,no se encontró ninguna asignación msg.<campo> = <expresión> reconocible,"metadata.percepcion = msg.percepcion;
metadata.escala = msg.escala;
metadata.potencial = msg.potencial;
metadata.file_evt = msg.file_evt;
var time = new Date(msg.starttime);
var numberOfMlSeconds = time.getTime();
var addMlSeconds = (5 * 60) * 60000;
var time = new Date(numberOfMlSeconds - addMlSeconds);
metadata.fecha = time;
metadata.eje = msg.eje;
metadata.maxPGA = msg.maxPGA;
return { msg: msg, metadata: metadata, msgType: msgType };"
AccelerographRC,Guarda nombres,TbTransformMsgNode,needs_manual_review,,,,,,,no se encontró ninguna asignación msg.<campo> = <expresión> reconocible,"metadata.file_evt = msg.file_evt;
metadata.fecha = msg.starttime;
return {msg: msg, metadata: metadata, msgType: msgType};"
AccelerographRC,Solo Goldfields,TbJsFilterNode,not_a_formula,,,,,,,"nodo de filtro/switch (compuerta booleana o enrutamiento), no calcula un valor de telemetría","msg.umbral_alerta=0.04

if(metadata.deviceName=='GF.Station AC-03 LVU AGUILAS, SN: 362' || metadata.deviceName=='GF.Station AC-02 BARREL FARM, SN: 100441' || metadata.deviceName=='GF.STATION AC-01'){
    
    if(msg.umbral_alerta<parseFloat(msg.maxPGA) ){
    
        return true 
    }
    else{
        return false
    }
    
}
else{
    
    return false
}"
AccelerographRC,Umbral,TbTransformMsgNode,needs_manual_review,,,,,,,no se encontró ninguna asignación msg.<campo> = <expresión> reconocible,"metadata.texto=""El acelerografo detectó un evento que superó al umbral máximo 0.04G""
return {msg: msg, metadata: metadata, msgType: msgType};"
AccelerographRC,Verifica escala,TbJsFilterNode,not_a_formula,,,,,,,"nodo de filtro/switch (compuerta booleana o enrutamiento), no calcula un valor de telemetría","var escala = msg.escala;
if (typeof escala !== 'undefined') {
    return true;
} else {
    return false;
}"
AlarmasBoroAcelerografo,Agrupar máximos,TbTransformMsgNode,needs_manual_review,,,,,,,"contiene if/else o ternario -- tinyexpr no tiene control de flujo, requiere decisión manual de cómo modelarlo (o si corresponde partir en 2 fórmulas + alarma)","var maxch0 = parseFloat(msg.maxch0);
var maxch1 = parseFloat(msg.maxch1);
var maxch2 = parseFloat(msg.maxch2);
if (!isNaN(maxch0) && !isNaN(maxch1) && !isNaN(maxch2)) {
    msg.maxchs_array = [maxch0, maxch1, maxch2];
}
return { msg: msg, metadata: metadata, msgType: msgType };"
AlarmasBoroAcelerografo,Correo,TbTransformMsgNode,needs_manual_review,,,,,,,"contiene if/else o ternario -- tinyexpr no tiene control de flujo, requiere decisión manual de cómo modelarlo (o si corresponde partir en 2 fórmulas + alarma)","var NIVELES_ALERTA = {
    'VERDE': {
        'min': 3,
        'max': 10,
        'color': '[VERDE]',
        'observacion': 'Sismo muy leve, imperceptible.',
        'riesgo': 'Bajo',
        'accion': 'Continuar con las actividades con normalidad.',
        'prioridad': 1
    },
    'AMARILLO': {
        'min': 10,
        'max': 30,
        'color': '[AMARILLO]',
        'observacion': 'Sismo leve, vibraciones de estructuras.',
        'riesgo': 'Medio',
        'accion': 'Evaluar la implementación de controles de seguridad.',
        'prioridad': 2
    },
    'NARANJA': {
        'min': 30,
        'max': 100,
        'color': '[NARANJA]',
        'observacion': 'Sismo moderado, posibles daños leves.',
        'riesgo': 'Moderado',
        'accion': 'Ejecutar los controles de seguridad.',
        'prioridad': 3
    },
    'ROJO': {
        'min': 100,
        'max': 10000,
        'color': '[ROJO]',
        'observacion': 'Sismo fuerte, posibles daños estructurales, rápida apertura de grietas y/o desplazamiento violento del material, falla del talud.',
        'riesgo': 'Alto',
        'accion': 'Detener los trabajos y evacuar al personal y equipos.',
        'prioridad': 4
    }
}

function processArray(array) {
    var maxValue = null;
    array = String(array);
    var myArray = array.split("","").map(function(elemento) {return parseFloat(elemento);});
    // Usar valores absolutos para encontrar el máximo
    maxValue = Math.max(Math.abs(myArray[0]), Math.abs(myArray[1]));
    maxValue = Math.max(maxValue, Math.abs(myArray[2]));
    return maxValue;
}

function obtenerObservacion(nivel) {
    var descripciones = {
        'VERDE': 'Sismo muy leve, imperceptible.',
        'AMARILLO': 'Sismo leve, vibraciones de estructuras.',
        'NARANJA': 'Sismo moderado, posibles daños leves.',
        'ROJO': 'Sismo fuerte, posibles daños estructurales, rápida apertura de grietas y/o desplazamiento violento del material, falla del talud.'
    };
    return descripciones[nivel] || 'No determinado';
}

function obtenerRiesgo(nivel) {
    var riesgos = {
        'VERDE': 'Bajo',
        'AMARILLO': 'Medio',
        'NARANJA': 'Moderado',
        'ROJO': 'Alto'
    };
    return riesgos[nivel] || 'No determinado';
}

function determinarNivelAlerta(valorCms2) {
    // Ordenar niveles por prioridad descendente (ROJO -> VERDE)
    var niveles = Object.keys(NIVELES_ALERTA).sort(function(a, b) {
        return NIVELES_ALERTA[b].prioridad - NIVELES_ALERTA[a].prioridad;
    });
    
    // Buscar el nivel apropiado
    for (var i = 0; i < niveles.length; i++) {
        var nivel = niveles[i];
        var info = NIVELES_ALERTA[nivel];
        if (valorCms2 >= info.min && valorCms2 < info.max) {
            return nivel;
        }
    }
    
    // Si no se encuentra, retornar el de menor prioridad (VERDE)
    return niveles[niveles.length - 1];
}

if (metadata.ss_type == 'accelerograph') {
    var GRAVEDAD = 9.80665;  // m/s²
    var fecha = new Date(parseFloat(metadata.ts));
    var myArray = String(msg.maxchs_array).split("","").map(function(elemento) {return parseFloat(elemento);});
    var maxValue = processArray(msg.maxchs_array);
    msg.maxValue = maxValue;
    
    // Determinar nivel de alerta basado en maxValue
    var valorAbs = Math.abs(maxValue);
    //var valorCms2 = valorAbs * GRAVEDAD * 100;
    var valorCms2 = valorAbs;
    var nivelAlerta = determinarNivelAlerta(valorCms2);
    
    // Asignar toda la información del nivel de alerta
    var nivelInfo = NIVELES_ALERTA[nivelAlerta];
    metadata.umbral_texto = nivelAlerta;
    metadata.nivel_color = nivelInfo.color;
    metadata.nivel_observacion = nivelInfo.observacion;
    metadata.nivel_riesgo = nivelInfo.riesgo;
    metadata.nivel_accion = nivelInfo.accion;
    metadata.nivel_prioridad = nivelInfo.prioridad;
    metadata.nivel_min = nivelInfo.min;
    metadata.nivel_max = nivelInfo.max;
    
    // Variables para plantilla MAX_alertas_Acelerografo
    var fechaTexto = fecha.toLocaleDateString() + ' ' + fecha.toLocaleTimeString();
    
    // Asunto del correo según nivel de alerta
    var emojis = {
        'VERDE': '🟢',
        'AMARILLO': '🟡',
        'NARANJA': '🟠',
        'ROJO': '🔴'
    };
    
    
    metadata.valor1 = metadata.deviceName;  // Dispositivo
    metadata.valor2 = fechaTexto;  // Fecha y Hora
    metadata.valor3 = emojis[nivelAlerta]+ '-' + nivelAlerta + ' - ' + obtenerRiesgo(nivelAlerta);  // Nivel y Riesgo
    metadata.valor4 = valorAbs.toFixed(6) + ' gal';  // Max PGA
    
    // Determinar eje de mayor aceleración
    var maxIndex = myArray.indexOf(Math.max.apply(null, myArray));
    var ejes = ['HNN', 'HNE', 'HNZ'];
    metadata.valor5 = ejes[maxIndex];  // Eje de Mayor Aceleración
    
    metadata.valor6 = obtenerObservacion(nivelAlerta);  // Observación geotécnica
    metadata.valor7 = nivelInfo.accion;  // Acción requerida
    metadata.valor8 = myArray[0].toFixed(6) + ' gal';  // Canal HNN
    metadata.valor9 = myArray[1].toFixed(6) + ' gal';  // Canal HNE
    metadata.valor10 = myArray[2].toFixed(6) + ' gal';  // Canal HNZ
  
}
return { msg: msg, metadata: metadata, msgType: msgType };"
AlarmasBoroAcelerografo,Envia solo la hora actual,TbJsFilterNode,not_a_formula,,,,,,,"nodo de filtro/switch (compuerta booleana o enrutamiento), no calcula un valor de telemetría","var fecha=new Date().getTime()
var horas=(fecha-parseFloat(metadata.ts))/3600000

if(horas<1){ return true
}
else{ return false }"
AlarmasBoroAcelerografo,Fecha,TbTransformMsgNode,needs_manual_review,,,,,,,"contiene if/else o ternario -- tinyexpr no tiene control de flujo, requiere decisión manual de cómo modelarlo (o si corresponde partir en 2 fórmulas + alarma)","var fechaUTC = new Date(parseFloat(metadata.ts));


var fechaCorrigida = new Date(fechaUTC.getTime()-5*60*60*1000);

// Extraer los componentes
var dia = fechaCorrigida.getDate();
var mes = fechaCorrigida.getMonth() + 1; // Enero = 0
var anio = fechaCorrigida.getFullYear();
var hora = fechaCorrigida.getHours();
var minuto = fechaCorrigida.getMinutes();
var segundo = fechaCorrigida.getSeconds();

// Agregar ceros a la izquierda si es necesario
if (dia < 10) dia = '0' + dia;
if (mes < 10) mes = '0' + mes;
if (hora < 10) hora = '0' + hora;
if (minuto < 10) minuto = '0' + minuto;
if (segundo < 10) segundo = '0' + segundo;

// Unir todo en formato español
var fechaTexto = dia + '/' + mes + '/' + anio + ' ' + hora + ':' + minuto + ':' + segundo;
metadata.valor2=fechaTexto
metadata.valor1 = metadata.deviceName;
return {msg: msg, metadata: metadata, msgType: msgType};"
AlarmasBrocal,Condicion Alertas Acelerografos,TbJsSwitchNode,not_a_formula,,,,,,,"nodo de filtro/switch (compuerta booleana o enrutamiento), no calcula un valor de telemetría","var magEvento = parseFloat(msg.mag_evento);
var distanciaEpicentro = parseFloat(msg.distancia_epicentro);

if (isNaN(magEvento) || !isFinite(magEvento) || 
    isNaN(distanciaEpicentro) || !isFinite(distanciaEpicentro)) {
    return [""Sin Valor""];
}
if (msg.mag_evento > 7 && msg.distancia_epicentro <= 100) {
    return [""Peligro""];
} else if (msg.mag_evento > 6 && msg.distancia_epicentro <= 200) {
    return [""Alerta""] ;
} else  {
    return[""Normal""];
}"
AlarmasBrocal,Condicion Alertas Piezometro,TbJsSwitchNode,not_a_formula,,,,,,,"nodo de filtro/switch (compuerta booleana o enrutamiento), no calcula un valor de telemetría","if (msg.ALT==""Seco""){
    return ['normal'];
}
else{
    
    var alt = !isNaN(parseFloat(msg.ALT)) ? parseFloat(msg.ALT) : 'none';
    var nivel_alerta=metadata.shared_nivel_alerta
    var nivel_peligro=metadata.shared_nivel_peligro

    if(alt < nivel_alerta) {
        return ['normal'];
    }
    if(alt >= nivel_alerta && alt <= nivel_peligro) {
        return ['alerta'];
    }
    if(alt > nivel_peligro) {
        return ['peligro'];
    }


    
}"
AlarmasBrocal,Corrige,TbTransformMsgNode,needs_manual_review,,,,,,,no se encontró ninguna asignación msg.<campo> = <expresión> reconocible,"/*var ALT_anterior = metadata.ALT;
var ALT = 88383;

var diferencia = ALT - parseFloat(ALT_anterior.replace(/""/g, """"));

msg.diferencia = diferencia;
return {msg: msg, metadata: metadata, msgType: msgType};
*/

//var ALT_diario =  parseFloat(metadata.ALT.replace(/""/g, """"));
var newMsg={}
var altData = JSON.parse(metadata.ALT);

// Extraer el valor numérico
var valorAnterior = altData[0].value;

newMsg.ALT_diario=valorAnterior

return {msg: newMsg, metadata: metadata, msgType: msgType};"
AlarmasBrocal,Envia solo la hora actual,TbJsFilterNode,not_a_formula,,,,,,,"nodo de filtro/switch (compuerta booleana o enrutamiento), no calcula un valor de telemetría","var fecha=new Date().getTime()
var horas=(fecha-parseFloat(metadata.ts))/3600000

if(horas<1){ return true
}
else{ return false }"
AlarmasBrocal,Envia solo la hora actual,TbJsFilterNode,not_a_formula,,,,,,,"nodo de filtro/switch (compuerta booleana o enrutamiento), no calcula un valor de telemetría","var fecha=new Date().getTime()
var horas=(fecha-parseFloat(metadata.ts))/3600000

if(horas<1){ return true
}
else{ return false }"
AlarmasBrocal,Fecha,TbTransformMsgNode,needs_manual_review,,,,,,,"contiene if/else o ternario -- tinyexpr no tiene control de flujo, requiere decisión manual de cómo modelarlo (o si corresponde partir en 2 fórmulas + alarma)","var fechaUTC = new Date(parseFloat(metadata.ts));

// Restar 5 horas (UTC -5)
var fechaCorrigida = new Date(fechaUTC.getTime() - 5 * 60 * 60 * 1000);

// Extraer los componentes
var dia = fechaCorrigida.getDate();
var mes = fechaCorrigida.getMonth() + 1; // Enero = 0
var anio = fechaCorrigida.getFullYear();
var hora = fechaCorrigida.getHours();
var minuto = fechaCorrigida.getMinutes();
var segundo = fechaCorrigida.getSeconds();

// Agregar ceros a la izquierda si es necesario
if (dia < 10) dia = '0' + dia;
if (mes < 10) mes = '0' + mes;
if (hora < 10) hora = '0' + hora;
if (minuto < 10) minuto = '0' + minuto;
if (segundo < 10) segundo = '0' + segundo;

// Unir todo en formato español
var fechaTexto = dia + '/' + mes + '/' + anio + ' ' + hora + ':' + minuto + ':' + segundo;
metadata.valor2=fechaTexto
metadata.valor1 = metadata.deviceName;
return {msg: msg, metadata: metadata, msgType: msgType};"
AlarmasBrocal,Fecha,TbTransformMsgNode,needs_manual_review,,,,,,,"contiene if/else o ternario -- tinyexpr no tiene control de flujo, requiere decisión manual de cómo modelarlo (o si corresponde partir en 2 fórmulas + alarma)","var fechaUTC = new Date(parseFloat(metadata.ts));


var fechaCorrigida = new Date(fechaUTC.getTime()-5*60*60*1000);

// Extraer los componentes
var dia = fechaCorrigida.getDate();
var mes = fechaCorrigida.getMonth() + 1; // Enero = 0
var anio = fechaCorrigida.getFullYear();
var hora = fechaCorrigida.getHours();
var minuto = fechaCorrigida.getMinutes();
var segundo = fechaCorrigida.getSeconds();

// Agregar ceros a la izquierda si es necesario
if (dia < 10) dia = '0' + dia;
if (mes < 10) mes = '0' + mes;
if (hora < 10) hora = '0' + hora;
if (minuto < 10) minuto = '0' + minuto;
if (segundo < 10) segundo = '0' + segundo;

// Unir todo en formato español
var fechaTexto = dia + '/' + mes + '/' + anio + ' ' + hora + ':' + minuto + ':' + segundo;
metadata.valor2=fechaTexto
metadata.valor1 = metadata.deviceName;
return {msg: msg, metadata: metadata, msgType: msgType};"
AlarmasBrocal,Generate new data,TbTransformMsgNode,needs_manual_review,,,,,,,"contiene if/else o ternario -- tinyexpr no tiene control de flujo, requiere decisión manual de cómo modelarlo (o si corresponde partir en 2 fórmulas + alarma)","var alt = !isNaN(parseFloat(msg.ALT)) ? parseFloat(msg.ALT) : 'none';

metadata.valor2 = new Date(parseFloat(metadata.ts)).toLocaleString('es-PE');
metadata.valor3 = ""Nivel Piezométrico - Nivel Peligro | Piezómetro"";
metadata.valor4 = ""Retirar el personal y equipos del area. Actuar segun el manual de mantenimiento y el plan de contigencia"";
metadata.valor5 = parseFloat(alt);
metadata.valor6 = 'Cota de Nivel Piezometrico';
metadata.valor7 = ""m.s.n.m"";
metadata.valor8 = ""Peligro"";
msg.nivelAlarma=""Peligro"";

return {msg: msg, metadata: metadata, msgType: msgType};"
AlarmasBrocal,Generate new data,TbTransformMsgNode,needs_manual_review,nivelAlarma,,,,,,"la expresión asignada a msg.nivelAlarma contiene '""' -- no es aritmética pura traducible a tinyexpr","var mag_evento =msg.mag_evento
var distancia_epicentro =msg.distancia_epicentro
metadata.valor3 = ""Nivel Alerta | Acelerografo""; //Titulo del correo
metadata.valor4 = ""Plan de monitoreo mensual"";
metadata.valor5 = parseFloat(mag_evento);
msg.nivelAlarma=""Alerta"";
metadata.valor6 = distancia_epicentro;
metadata.valor7 = """";
return {msg: msg, metadata: metadata, msgType: msgType};"
AlarmasBrocal,Generate new data,TbTransformMsgNode,needs_manual_review,nivelAlarma,,,,,,"la expresión asignada a msg.nivelAlarma contiene '""' -- no es aritmética pura traducible a tinyexpr","var mag_evento =msg.mag_evento
var distancia_epicentro =msg.distancia_epicentro
metadata.valor3 = ""Nivel Normal | Acelerografo""; //Titulo del correo
metadata.valor4 = ""Plan de monitoreo trimestral"";
metadata.valor5 = parseFloat(mag_evento);
msg.nivelAlarma=""Normal"";
metadata.valor6 = distancia_epicentro;
metadata.valor7 = """";
return {msg: msg, metadata: metadata, msgType: msgType};"
AlarmasBrocal,Generate new data,TbTransformMsgNode,needs_manual_review,nivelAlarma,,,,,,"la expresión asignada a msg.nivelAlarma contiene '""' -- no es aritmética pura traducible a tinyexpr","var mag_evento =msg.mag_evento
var distancia_epicentro =msg.distancia_epicentro
metadata.valor3 = ""Nivel Peligro | Acelerografo""; //Titulo del correo
metadata.valor4 = ""Plan de monitoreo semanal"";
metadata.valor5 = parseFloat(mag_evento);
msg.nivelAlarma=""Peligro"";
metadata.valor6 = distancia_epicentro;
metadata.valor7 = """";
return {msg: msg, metadata: metadata, msgType: msgType};"
AlarmasBrocal,Generate new data,TbTransformMsgNode,needs_manual_review,,,,,,,"contiene if/else o ternario -- tinyexpr no tiene control de flujo, requiere decisión manual de cómo modelarlo (o si corresponde partir en 2 fórmulas + alarma)","var alt = !isNaN(parseFloat(msg.ALT)) ? parseFloat(msg.ALT) : 'none';

metadata.valor2 = new Date(parseFloat(metadata.ts)).toLocaleDateString('es-PE');
metadata.valor3 = ""Nivel Piezométrico - Nivel Normal | Piezómetro"";
metadata.valor4 = ""El monitoreo se realiza segun el manual de matenimiento"";
metadata.valor5 = parseFloat(alt);
metadata.valor6 = 'Cota de Nivel Piezometrico';
metadata.valor7 = ""m.s.n.m"";
metadata.valor8 = ""Normal"";
return {msg: msg, metadata: metadata, msgType: msgType};"
AlarmasBrocal,Generate new data,TbTransformMsgNode,needs_manual_review,,,,,,,"contiene if/else o ternario -- tinyexpr no tiene control de flujo, requiere decisión manual de cómo modelarlo (o si corresponde partir en 2 fórmulas + alarma)","var alt = !isNaN(parseFloat(msg.ALT)) ? parseFloat(msg.ALT) : 'none';
metadata.valor1 = metadata.deviceName;
metadata.valor3 = ""Nivel Piezométrico - Nivel Alerta | Piezómetro"";
metadata.valor4 = ""Inspeccion y monitoreo mas frecuente"";
metadata.valor5 = parseFloat(alt);
msg.nivelAlarma=""Alerta"";
metadata.valor6 = 'Cota de Nivel Piezometrico';
metadata.valor7 = ""m.s.n.m"";
metadata.valor8 = ""Alerta"";
return {msg: msg, metadata: metadata, msgType: msgType};"
AlarmasBrocal,Tipo de dispositivo,TbJsSwitchNode,not_a_formula,,,,,,,"nodo de filtro/switch (compuerta booleana o enrutamiento), no calcula un valor de telemetría","var tipo=metadata.deviceType

if(tipo==""piezometer_equation""){
    return ['piezometro'];
}
if(tipo==""piezometer""){
    return ['piezometro'];
}

if(tipo==""accelerograph"") {
    return ['accelerograph'];
}"
AlarmasBrocal,fechas,TbTransformMsgNode,needs_manual_review,,,,,,,no se encontró ninguna asignación msg.<campo> = <expresión> reconocible,"// Obtener la fecha actual
var ahora = new Date();

// Calcular el inicio del día (00:00:00)
var inicioDia = new Date(ahora.getFullYear(), ahora.getMonth(), ahora.getDate());

// Asignar timestamps en milisegundos
metadata.sinceTs = inicioDia.getTime();     // Desde las 00:00 de hoy
metadata.untilTs = ahora.getTime();         // Hasta ahora

return {msg: msg, metadata: metadata, msgType: msgType};"
AlarmasCeldasBrocal,Condicion Alertas Celdas,TbJsSwitchNode,not_a_formula,,,,,,,"nodo de filtro/switch (compuerta booleana o enrutamiento), no calcula un valor de telemetría","var Vel=msg.Velocidad_diaria;

var nivel_alerta=metadata.shared_nivel_alerta;
var nivel_peligro=metadata.shared_nivel_peligro;

    if(Vel < nivel_alerta) {
        return ['normal'];
    }
    if(Vel >= nivel_alerta && Vel <= nivel_peligro) {
        return ['alerta'];
    }
    if(Vel > nivel_peligro) {
        return ['peligro'];
    }"
AlarmasCeldasBrocal,Corrige,TbTransformMsgNode,needs_manual_review,,,,,,,no se encontró ninguna asignación msg.<campo> = <expresión> reconocible,"/*var ALT_anterior = metadata.ALT;
var ALT = 88383;

var diferencia = ALT - parseFloat(ALT_anterior.replace(/""/g, """"));

msg.diferencia = diferencia;
return {msg: msg, metadata: metadata, msgType: msgType};
*/

//var ALT_diario =  parseFloat(metadata.ALT.replace(/""/g, """"));
var newMsg={}
var altData = JSON.parse(metadata.ALT);

// Extraer el valor numérico
var valorAnterior = altData[0].value;

newMsg.ALT_diario=valorAnterior

return {msg: newMsg, metadata: metadata, msgType: msgType};"
AlarmasCeldasBrocal,Envia solo la hora actual,TbJsFilterNode,not_a_formula,,,,,,,"nodo de filtro/switch (compuerta booleana o enrutamiento), no calcula un valor de telemetría","var fecha=new Date().getTime()
var horas=(fecha-parseFloat(metadata.ts))/3600000

if(horas<1){ return true
}
else{ return false }"
AlarmasCeldasBrocal,Fecha,TbTransformMsgNode,needs_manual_review,,,,,,,"contiene if/else o ternario -- tinyexpr no tiene control de flujo, requiere decisión manual de cómo modelarlo (o si corresponde partir en 2 fórmulas + alarma)","var fechaUTC = new Date(parseFloat(metadata.ts));

// Restar 5 horas (UTC -5)
var fechaCorrigida = new Date(fechaUTC.getTime() - 5 * 60 * 60 * 1000);

// Extraer los componentes
var dia = fechaCorrigida.getDate();
var mes = fechaCorrigida.getMonth() + 1; // Enero = 0
var anio = fechaCorrigida.getFullYear();
var hora = fechaCorrigida.getHours();
var minuto = fechaCorrigida.getMinutes();
var segundo = fechaCorrigida.getSeconds();

// Agregar ceros a la izquierda si es necesario
if (dia < 10) dia = '0' + dia;
if (mes < 10) mes = '0' + mes;
if (hora < 10) hora = '0' + hora;
if (minuto < 10) minuto = '0' + minuto;
if (segundo < 10) segundo = '0' + segundo;

// Unir todo en formato español
var fechaTexto = dia + '/' + mes + '/' + anio + ' ' + hora + ':' + minuto + ':' + segundo;
metadata.valor2=fechaTexto
metadata.valor1 = metadata.deviceName;
return {msg: msg, metadata: metadata, msgType: msgType};"
AlarmasCeldasBrocal,Generate new data,TbTransformMsgNode,needs_manual_review,,,,,,,no se encontró ninguna asignación msg.<campo> = <expresión> reconocible,"var diferencia_alt=msg.Velocidad;
metadata.valor1 = metadata.deviceName;
metadata.valor2 = new Date(parseFloat(metadata.ts)).toLocaleDateString('es-PE');
metadata.valor3 = 'Velocidad - Nivel Normal| Celda Asentamiento';
metadata.valor4 = ""El monitoreo se realiza segun el manual de matenimiento"";
metadata.valor5 = parseFloat(diferencia_alt);
metadata.valor6 = ""Velocidad"";
metadata.valor7 = ""cm/mes"";
return {msg: msg, metadata: metadata, msgType: msgType};"
AlarmasCeldasBrocal,Generate new data,TbTransformMsgNode,needs_manual_review,nivelAlarma,,,,,,"la expresión asignada a msg.nivelAlarma contiene '""' -- no es aritmética pura traducible a tinyexpr","var Vel=msg.Velocidad;

metadata.valor3 = ""Velocidad - Nivel Peligro | Celda Asentamiento"";
metadata.valor4 = ""Retirar el personal y equipos del area. Actuar segun el manual de mantenimiento y el plan de contigencia"";
metadata.valor5 = Vel;
msg.nivelAlarma=""Peligro"";
metadata.valor6 = ""Velocidad"";
metadata.valor7 = ""cm/mes"";
return {msg: msg, metadata: metadata, msgType: msgType};"
AlarmasCeldasBrocal,Generate new data,TbTransformMsgNode,needs_manual_review,nivelAlarma,,,,,,"la expresión asignada a msg.nivelAlarma contiene '""' -- no es aritmética pura traducible a tinyexpr","var Vel=msg.Velocidad_diaria;
metadata.valor3 = ""Velocidad - Nivel Alerta | Celda Asentamiento"";
metadata.valor4 = ""Inspeccion y monitoreo mas frecuente"";
metadata.valor5 = parseFloat(Vel);
msg.nivelAlarma=""Alerta"";
metadata.valor6 = ""Velocidad"";
metadata.valor7 = ""cm/mes"";
return {msg: msg, metadata: metadata, msgType: msgType};"
AlarmasCeldasBrocal,fechas,TbTransformMsgNode,needs_manual_review,,,,,,,no se encontró ninguna asignación msg.<campo> = <expresión> reconocible,"// Obtener la fecha actual
var ahora = new Date();

// Calcular el inicio del día (00:00:00)
var inicioDia = new Date(ahora.getFullYear(), ahora.getMonth(), ahora.getDate());

// Asignar timestamps en milisegundos
metadata.sinceTs = inicioDia.getTime();     // Desde las 00:00 de hoy
metadata.untilTs = ahora.getTime();         // Hasta ahora

return {msg: msg, metadata: metadata, msgType: msgType};"
Anexos,Data exists?,TbJsSwitchNode,not_a_formula,,,,,,,"nodo de filtro/switch (compuerta booleana o enrutamiento), no calcula un valor de telemetría","if (Object.keys(msg).length !== 0) {
    return ['DataFound'];
}
return ['DataNotFound'];"
Anexos,Generate new timeseries,TbTransformMsgNode,needs_manual_review,,,,,,,no se encontró ninguna asignación msg.<campo> = <expresión> reconocible,"var newMsg = {};
newMsg.anexo1 = metadata.shared_anexo1;
newMsg.anexo2 = metadata.shared_anexo2;
newMsg.anexo3 = metadata.shared_anexo3;
return {msg: newMsg, metadata: metadata, msgType: msgType};"
Anexos,Generate new timeseries,TbTransformMsgNode,needs_manual_review,,,,,,,"contiene if/else o ternario -- tinyexpr no tiene control de flujo, requiere decisión manual de cómo modelarlo (o si corresponde partir en 2 fórmulas + alarma)","var newMsg = {};
var anexos = metadata.shared_anexos;
var anexo1 = JSON.parse(anexos)['anexo1']['value'];
anexo1 = parseFloat(anexo1);
// Si es numérico y diferente de cero, entonces guarda.
if (!isNaN(anexo1) && anexo1 !== 0) {
    newMsg.anexo1 = anexo1;
}
return {msg: newMsg, metadata: metadata, msgType: msgType};"
Anexos,Generate new timeseries #2,TbTransformMsgNode,needs_manual_review,,,,,,,no se encontró ninguna asignación msg.<campo> = <expresión> reconocible,"var newMsg = {};
newMsg.anexo4 = metadata.shared_anexo4;
newMsg.anexo5 = metadata.shared_anexo5;
newMsg.anexo6 = metadata.shared_anexo6;
newMsg.anexo7 = metadata.shared_anexo7;
return {msg: newMsg, metadata: metadata, msgType: msgType};"
Anexos,Is Settlement Cell?,TbJsSwitchNode,not_a_formula,,,,,,,"nodo de filtro/switch (compuerta booleana o enrutamiento), no calcula un valor de telemetría","function nextRelation(metadata, msg) {
    return ['one','nine'];
}
if(msgType === 'POST_TELEMETRY_REQUEST') {
    return ['two'];
}
return nextRelation(metadata, msg);"
Anexos,What company is?,TbJsSwitchNode,not_a_formula,,,,,,,"nodo de filtro/switch (compuerta booleana o enrutamiento), no calcula un valor de telemetría","var device = metadata.deviceName;
if (device.startsWith('ST')) {
    return ['ST'];
} else if (device.startsWith('AT')) {
    return ['AT'];
} else if (device.startsWith('CJ')) {
    return ['CJ'];
}"
Asentamiento Acumulado,Device Type,TbJsFilterNode,not_a_formula,,,,,,,"nodo de filtro/switch (compuerta booleana o enrutamiento), no calcula un valor de telemetría","if(metadata.ss_type==='settlement-cell' || metadata.ss_type==='settlement-cell-dp'){
    return true;
} else {
    return false;
}"
Asentamiento Acumulado,Filter Device,TbJsFilterNode,not_a_formula,,,,,,,"nodo de filtro/switch (compuerta booleana o enrutamiento), no calcula un valor de telemetría","return metadata.deviceName==""MC.VB-1"" || metadata.deviceName==""MC.VB-2"" || metadata.deviceName==""MC.VB-3"" || metadata.deviceName==""MC.VB-4"" || metadata.deviceName==""MC.VB-5"" || metadata.deviceName==""MC.VB-1'"" || metadata.deviceName==""MC.VB-2'"" || metadata.deviceName==""MC.VB-3'"" || metadata.deviceName==""MC.VB-4'"" || metadata.deviceName==""MC.VB-5'"" || metadata.deviceName==""MC.SA-1"" || metadata.deviceName==""MC.SA-2"" || metadata.deviceName==""MC.SA-3"" || metadata.deviceName==""MC.SA-5"" || metadata.deviceName==""MC.SA-6"" || metadata.deviceName==""MC.SA-7"" || metadata.deviceName==""MC.VB2-1A"" || metadata.deviceName==""MC.VB2-1B"" || metadata.deviceName==""MC.VB2-2A"" || metadata.deviceName==""MC.VB2-2B"" || metadata.deviceName==""MC.VB2-3A"" || metadata.deviceName==""MC.VB2-3B"" || metadata.deviceName==""MC.VB2-4A"" || metadata.deviceName==""MC.VB2-4B"" || metadata.deviceName==""MC.VB2-5A"" || metadata.deviceName==""MC.VB2-5B"" || metadata.deviceName==""MC.SA2-1""  || metadata.deviceName==""MC.SA2-2"" || metadata.deviceName==""MC.SA2-3"" || metadata.deviceName==""MC.SA2-4"" || metadata.deviceName==""MC.SA2-5"";"
Asentamiento Acumulado,TS Processing,TbTransformMsgNode,needs_manual_review,,,,,,,no se encontró ninguna asignación msg.<campo> = <expresión> reconocible,"var newMsg = {};
newMsg.AsentamientoAcumulado = msg.MCA + parseFloat(metadata.shared_asentamientoIni);
return {msg: newMsg, metadata: metadata, msgType: msgType};"
Asentamiento Acumulado,Umbral CS,TbTransformMsgNode,needs_manual_review,,,,,,,no se encontró ninguna asignación msg.<campo> = <expresión> reconocible,"var newMsg = {};
newMsg.AsentamientoAculumado = msg.Asentamiento - metadata.shared_AsentamientoInicial;
return {msg: newMsg, metadata: metadata, msgType: msgType};"
Asentamiento Acumulado,Umbral Pz,TbTransformMsgNode,needs_manual_review,,,,,,,no se encontró ninguna asignación msg.<campo> = <expresión> reconocible,"var newMsg = {};
newMsg.MCAAcumulado = msg.MCA - metadata.shared_MCAInicial;
return {msg: newMsg, metadata: metadata, msgType: msgType};"
Asentamiento Acumulado,Umbral Texto,TbTransformMsgNode,needs_manual_review,umbral_texto,,,,,,la expresión asignada a msg.umbral_texto contiene ''' -- no es aritmética pura traducible a tinyexpr,"msg.umbral_texto='Sin alarma'

return {msg: msg, metadata: metadata, msgType: msgType};"
Asentamiento Acumulado,date,TbJsFilterNode,not_a_formula,,,,,,,"nodo de filtro/switch (compuerta booleana o enrutamiento), no calcula un valor de telemetría","var fecha=new Date().getTime()


var horas=(fecha-parseFloat(metadata.ts))/3600000


if(horas<2){
    
    return true
}
else{
    
    return false
}"
Asentamiento Acumulado,date,TbJsFilterNode,not_a_formula,,,,,,,"nodo de filtro/switch (compuerta booleana o enrutamiento), no calcula un valor de telemetría","var fecha=new Date().getTime()


var horas=(fecha-parseFloat(metadata.ts))/3600000


if(horas<2){
    
    return true
}
else{
    
    return false
}"
BuoyRC,Condicion,TbJsFilterNode,not_a_formula,,,,,,,"nodo de filtro/switch (compuerta booleana o enrutamiento), no calcula un valor de telemetría","if (msg.Altitud==""NAN""){
    return false
}
else{
    return true
}"
BuoyRC,Operacion,TbTransformMsgNode,translated,Altura_corregida,Altitud,shared_offset,Altitud - shared_offset,,,,"//msg.Altura_corregida = msg.Altura_Real + parseFloat(metadata.shared_offset_altura);
//15-09-2025 se cambió la fórmula
msg.Altura_corregida = parseFloat(msg.Altitud) - parseFloat(metadata.shared_offset);
return {msg: msg, metadata: metadata, msgType: msgType};"
CE Tantahuay Alarmas,555,TbTransformMsgNode,needs_manual_review,dia,,,,,"fecha,horas",la expresión de msg.dia (tras sustituir variables locales) contiene 'new Date': 'new Date()',"msg.dia=new Date()
msg.fecha=new Date().getTime()


msg.horas=(msg.fecha-parseFloat(metadata.ts))/3600000




return {msg: msg, metadata: metadata, msgType: msgType};"
CE Tantahuay Alarmas,555,TbTransformMsgNode,needs_manual_review,fecha,,,,,"dia,horas",la expresión de msg.fecha (tras sustituir variables locales) contiene 'new Date': 'new Date().getTime()',"msg.dia=new Date()
msg.fecha=new Date().getTime()


msg.horas=(msg.fecha-parseFloat(metadata.ts))/3600000




return {msg: msg, metadata: metadata, msgType: msgType};"
CE Tantahuay Alarmas,555,TbTransformMsgNode,needs_manual_review,horas,,,,,"dia,fecha",la expresión de msg.horas (tras sustituir variables locales) contiene 'new Date': '((new Date().getTime())-parseFloat(metadata.ts))/3600000',"msg.dia=new Date()
msg.fecha=new Date().getTime()


msg.horas=(msg.fecha-parseFloat(metadata.ts))/3600000




return {msg: msg, metadata: metadata, msgType: msgType};"
CE Tantahuay Alarmas,Filtro,TbJsFilterNode,not_a_formula,,,,,,,"nodo de filtro/switch (compuerta booleana o enrutamiento), no calcula un valor de telemetría","var umbral_max_ce=parseFloat(metadata.shared_max_ce)


if(parseFloat(msg.Conductividad)>umbral_max_ce){
    return true
}
else{
    return false
}"
CE Tantahuay Alarmas,Save,TbTransformMsgNode,needs_manual_review,,,,,,,"contiene if/else o ternario -- tinyexpr no tiene control de flujo, requiere decisión manual de cómo modelarlo (o si corresponde partir en 2 fórmulas + alarma)","var max=parseFloat(metadata.shared_max_ce);


var fecha=new Date(parseFloat(metadata.ts))

if(fecha.getHours<5){fecha.getHours=fecha.getHours+12}


var dateFormat = fecha.getHours()-5 + "":"" + fecha.getMinutes();
metadata.valor1=metadata.deviceName
metadata.valor2=fecha.toLocaleDateString()
metadata.valor3=dateFormat 
metadata.valor4=msg.Conductividad.toFixed(2)

if(parseFloat(msg.Conductividad)> max){

    metadata.umbral_texto='Maximo'
    metadata.valor_umbral=max
 
    
}




return {msg: msg, metadata: metadata, msgType: msgType};"
CE Tantahuay Alarmas,date,TbJsFilterNode,not_a_formula,,,,,,,"nodo de filtro/switch (compuerta booleana o enrutamiento), no calcula un valor de telemetría","var fecha=new Date().getTime()


var horas=(fecha-parseFloat(metadata.ts))/3600000


if(horas<2){
    
    return true
}
else{
    
    return false
}"
Cadena Prueba,condicional,TbTransformMsgNode,needs_manual_review,,,,,,,no se encontró ninguna asignación msg.<campo> = <expresión> reconocible,"return {msg: msg, metadata: metadata, msgType: msgType};"
CadenaTemperatura,Proceso,TbTransformMsgNode,translated,Frecuencia,,,100,,Temp,,"var altitude=parseFloat(metadata.shared_latitude)

msg.Temp=msg.Temp+parseFloat(altitude)

msg.Frecuencia=100

return {msg: msg, metadata: metadata, msgType: msgType};"
CadenaTemperatura,Proceso,TbTransformMsgNode,translated,Temp,,shared_latitude,Temp+(shared_latitude),,Frecuencia,,"var altitude=parseFloat(metadata.shared_latitude)

msg.Temp=msg.Temp+parseFloat(altitude)

msg.Frecuencia=100

return {msg: msg, metadata: metadata, msgType: msgType};"
CasagrandeRC,Formula,TbTransformMsgNode,needs_manual_review,,,,,,,no se encontró ninguna asignación msg.<campo> = <expresión> reconocible,"var newMsg = {};
newMsg.dip = metadata.shared_bh_dip;
newMsg.water_depth_m = msg.water_depth_m;
newMsg.Piez_level = parseFloat(metadata.shared_bh_depth) - (parseFloat(msg.water_depth_m) - parseFloat(metadata.shared_bh_stick_up)) * Math.sin(newMsg.dip * Math.PI / 180);
return { msg: newMsg, metadata: metadata, msgType: msgType };"
CasagrandeRC,Manual Readings,TbTransformMsgNode,needs_manual_review,,,,,,,"contiene if/else o ternario -- tinyexpr no tiene control de flujo, requiere decisión manual de cómo modelarlo (o si corresponde partir en 2 fórmulas + alarma)","// Restricciones: 0.0 <= NF <= PI y C.I <= C.N.P <= C.S.
var newMsg = {};
var profundidad = !isNaN(parseFloat(metadata.shared_bh_depth)) && parseFloat(metadata.shared_bh_depth) !== 0 ? parseFloat(metadata.shared_bh_depth) : 'none';
var stickUp = parseFloat(metadata.shared_bh_stick_up);
var cotaSuperficie = parseFloat(metadata.shared_bh_surface_level);
newMsg.registro_agua = parseFloat(msg.registro_agua);
newMsg.CNP = cotaSuperficie - newMsg.registro_agua;
/*if (!isNaN(newMsg.NF) && isNaN(newMsg.CNP)) {
    newMsg.CNP = cotaSuperficie - newMsg.registro_agua; // Si llega NF, pero no hay lectura del CNP.
}*/
if (!isNaN(newMsg.registro_agua) && profundidad !== 'none') {
    newMsg.MCA = profundidad - newMsg.registro_agua; // Columna de agua.
} else {
    newMsg.MCA = 0;
}
return { msg: newMsg, metadata: metadata, msgType: msgType };"
CasagrandeRC,Validacion de tipo de dispositivo,TbJsFilterNode,not_a_formula,,,,,,,"nodo de filtro/switch (compuerta booleana o enrutamiento), no calcula un valor de telemetría","if (
(typeof metadata.deviceType !== 'undefined') && 
((metadata.deviceType == 'piez_level' || metadata.deviceType == 'casagrande')
))
{
return true;
} else {
return false;
}"
Celdas_Cuajone,Cuajone Linear RST,TbTransformMsgNode,needs_manual_review,,,,,,,"contiene if/else o ternario -- tinyexpr no tiene control de flujo, requiere decisión manual de cómo modelarlo (o si corresponde partir en 2 fórmulas + alarma)","var mpa_to_psi = 145.038;
var kpa_to_psi = 0.145038;
var psi_to_mca = 0.703089;
var unidad = metadata.shared_unidad; // PSI
var altitud = parseFloat(metadata.shared_altitud);
var mpa = parseFloat(msg.MPA); // En psi para celdas de asentamiento en Cuajone.
// Convertir a PSI:
if (unidad === 'KPA') {
    mpa = mpa * kpa_to_psi;
} else if (unidad === 'MPA') {
    mpa = mpa * mpa_to_psi;
}
msg.MPA = mpa;
msg.z = mpa * psi_to_mca;
//if(msg.z <0){msg.z=0}
msg.ElevacionFinal = altitud - msg.z;
msg.MCA = msg.z;
msg.ALT = msg.ElevacionFinal;
return { msg: msg, metadata: metadata, msgType: msgType };"
Celdas_Cuajone,Valida,TbJsFilterNode,not_a_formula,,,,,,,"nodo de filtro/switch (compuerta booleana o enrutamiento), no calcula un valor de telemetría","if (msg.Freq == 'NaN' || msg.oriFreq== ""NaN"" || msg.Temp== ""NaN"" || msg.oriTemp== ""NaN"" || msg.Temp== ""NAN"") {
    return false;
} else {
    return true;
}"
Centinela Camposol Alarmas,Device,TbJsFilterNode,not_a_formula,,,,,,,"nodo de filtro/switch (compuerta booleana o enrutamiento), no calcula un valor de telemetría",return metadata.deviceName == 'CS.CELDA_7CR2_VW' || metadata.deviceName == 'CS.Celda_SA-01' ;
Centinela Camposol Alarmas,Umbral Texto,TbJsFilterNode,not_a_formula,,,,,,,"nodo de filtro/switch (compuerta booleana o enrutamiento), no calcula un valor de telemetría","if(metadata.texto=='Vacio' ){
        return false
    }
    else{
        return true
    }"
Centinela Camposol Alarmas,Umbral Texto,TbJsFilterNode,not_a_formula,,,,,,,"nodo de filtro/switch (compuerta booleana o enrutamiento), no calcula un valor de telemetría","if(metadata.texto=='Vacio' ){
        return false
    }
    else{
        return true
    }"
Centinela Camposol Alarmas,Umbrales,TbTransformMsgNode,needs_manual_review,,,,,,,"contiene if/else o ternario -- tinyexpr no tiene control de flujo, requiere decisión manual de cómo modelarlo (o si corresponde partir en 2 fórmulas + alarma)","var texto='Vacio'


 
if ( (typeof msg.MCA == 'undefined') || (msg.MCA == isNaN) || (msg.MCA == 'NaN') || (msg.MCA == 'NAN') )
{
	  texto='Vacio'
}
else{
    
 
    if(parseFloat(msg.MCA) < parseFloat(metadata.ss_nivel_bajo)){
         
        texto='Alerta, se ha superado el asentamiento  '+String(metadata.ss_nivel_bajo)+' cm, para mayor detalle visite su plataforma de monitoreo Beemetry.'
         
    }

    
    if(parseFloat(msg.MCA) > parseFloat(metadata.ss_nivel_alto)){
         
         texto='Alerta, se ha superado el asentamiento '+String(metadata.ss_nivel_alto)+' cm, para mayor detalle visite su plataforma de monitoreo Beemetry.'

    }
     
     
     

}



msg.altoUmbral=parseFloat(metadata.ss_nivel_alto)
msg.bajoUmbral=parseFloat(metadata.ss_nivel_bajo)
msg.altoUmbralmax=parseFloat(metadata.ss_nivel_alto_max)
msg.bajoUmbralmax=parseFloat(metadata.ss_nivel_bajo_max)

msg.ts=metadata.ts
metadata.texto=texto
msg.texto=texto
msg.deviceName=metadata.deviceName

return {msg: msg, metadata: metadata, msgType: msgType};"
Centinela Camposol Alarmas,Umbrales Max,TbTransformMsgNode,needs_manual_review,,,,,,,"contiene if/else o ternario -- tinyexpr no tiene control de flujo, requiere decisión manual de cómo modelarlo (o si corresponde partir en 2 fórmulas + alarma)","var texto='Vacio'


 
if ( (typeof msg.MCA == 'undefined') || (msg.MCA == isNaN) || (msg.MCA == 'NaN') || (msg.MCA == 'NAN') )
{
	  texto='Vacio'
}
else{
    
 
     
     if(parseFloat(msg.MCA) < parseFloat(metadata.ss_nivel_bajo_max)){
         
         texto='Alerta, se ha superado el asentamiento minimo  '+String(metadata.ss_nivel_bajo_max)+' cm, para mayor detalle visite su plataforma de monitoreo Beemetry.'
     
      
     }
     
  
  
     if(parseFloat(msg.MCA) > parseFloat(metadata.ss_nivel_alto_max)){
         
         texto='Alerta, se ha superado el asentamiento maximo '+String(metadata.ss_nivel_alto_max)+' cm, para mayor detalle visite su plataforma de monitoreo Beemetry.'
 

     }
     
     
     

}



msg.altoUmbral=parseFloat(metadata.ss_nivel_alto)
msg.bajoUmbral=parseFloat(metadata.ss_nivel_bajo)
msg.altoUmbralmax=parseFloat(metadata.ss_nivel_alto_max)
msg.bajoUmbralmax=parseFloat(metadata.ss_nivel_bajo_max)

msg.ts=metadata.ts
metadata.texto=texto
msg.texto=texto
msg.deviceName=metadata.deviceName

return {msg: msg, metadata: metadata, msgType: msgType};"
Centinela Camposol Alarmas,date,TbJsFilterNode,not_a_formula,,,,,,,"nodo de filtro/switch (compuerta booleana o enrutamiento), no calcula un valor de telemetría","var fecha=new Date().getTime()


var horas=(fecha-parseFloat(metadata.ts))/3600000


if(horas<1){
    
    return true
}
else{
    
    return false
}"
Coimolache Correccion,Correccion,TbTransformMsgNode,needs_manual_review,,,,,,,"contiene if/else o ternario -- tinyexpr no tiene control de flujo, requiere decisión manual de cómo modelarlo (o si corresponde partir en 2 fórmulas + alarma)","msg.pH_C=msg.pH 
msg.Caudal_m3s_C=msg.Caudal_m3s
msg.Temperatura_CE_C=msg.Temperatura_CE
msg.Nivel_C=msg.Nivel
msg.Conductividad_C=msg.Conductividad
msg.Velocidad_C=msg.Velocidad
msg.Volt_CR310_C=msg.Volt_CR310
msg.Temperatura_pH_C=msg.Temperatura_pH
msg.Caudal_m3h_C=msg.Caudal_m3h
msg.Caudal_lts_C=msg.Caudal_lts
msg.ts_C=metadata.ts

if (parseFloat(msg.Nivel)<=0.01){
    msg.senal_nivel='Cero'
    msg.pH_C='undefined' 
msg.Caudal_m3s_C='undefined'
msg.Temperatura_CE_C='undefined'
msg.Nivel_C='undefined'
msg.Conductividad_C='undefined'
msg.pH_C='undefined'
msg.Velocidad_C='undefined'
msg.Volt_CR310_C='undefined'
msg.Temperatura_pH_C='undefined'
msg.Caudal_m3h_C='undefined'
msg.Caudal_lts_C='undefined'
msg.Caudal_lts_C='undefined'
msg.ts_C='undefined'
}

return {msg: msg, metadata: metadata, msgType: msgType};"
Comentario,Comentario,TbTransformMsgNode,needs_manual_review,,,,,,,no se encontró ninguna asignación msg.<campo> = <expresión> reconocible,"return {msg: msg, metadata: metadata, msgType: msgType};"
Empresa Alarmas,Buenaventura,TbJsFilterNode,not_a_formula,,,,,,,"nodo de filtro/switch (compuerta booleana o enrutamiento), no calcula un valor de telemetría","msg.empresa=metadata.deviceName.substr(0,2);

if(msg.empresa=='BR'){
    return true
}
else{
    return false
}"
Empresa Alarmas,Camposol,TbJsFilterNode,not_a_formula,,,,,,,"nodo de filtro/switch (compuerta booleana o enrutamiento), no calcula un valor de telemetría","msg.empresa=metadata.deviceName.substr(0,2);

if(msg.empresa=='CS'){
    return true
}
else{
    return false
}"
Empresa Alarmas,El Toro,TbJsFilterNode,not_a_formula,,,,,,,"nodo de filtro/switch (compuerta booleana o enrutamiento), no calcula un valor de telemetría","msg.empresa=metadata.deviceName.substr(0,2);

if(msg.empresa=='ET'){
    return true
}
else{
    return false
}"
Empresa Alarmas,G.P Coricancha,TbJsFilterNode,not_a_formula,,,,,,,"nodo de filtro/switch (compuerta booleana o enrutamiento), no calcula un valor de telemetría","msg.empresa=metadata.deviceName.substr(0,2);

if(msg.empresa=='GP'){
    return true
}
else{
    return false
}"
Empresa Alarmas,GoldFields,TbJsFilterNode,not_a_formula,,,,,,,"nodo de filtro/switch (compuerta booleana o enrutamiento), no calcula un valor de telemetría","msg.empresa=metadata.deviceName.substr(0,2);

if(msg.empresa=='GF'){
    return true
}
else{
    return false
}"
Empresa Alarmas,Huaron,TbJsFilterNode,not_a_formula,,,,,,,"nodo de filtro/switch (compuerta booleana o enrutamiento), no calcula un valor de telemetría","msg.empresa=metadata.deviceName.substr(0,2);

if(msg.empresa=='HU'){
    return true
}
else{
    return false
}"
Empresa Alarmas,Kolpa,TbJsFilterNode,not_a_formula,,,,,,,"nodo de filtro/switch (compuerta booleana o enrutamiento), no calcula un valor de telemetría","msg.empresa=metadata.deviceName.substr(0,2);

if(msg.empresa=='KO'){
    return true
}
else{
    return false
}"
Empresa Alarmas,Metro_lima,TbJsFilterNode,not_a_formula,,,,,,,"nodo de filtro/switch (compuerta booleana o enrutamiento), no calcula un valor de telemetría","msg.empresa=metadata.deviceName.substr(0,2);

if(msg.empresa=='ML'){
    return true
}
else{
    return false
}"
Empresa Alarmas,Minsur,TbJsFilterNode,not_a_formula,,,,,,,"nodo de filtro/switch (compuerta booleana o enrutamiento), no calcula un valor de telemetría","msg.empresa=metadata.deviceName.substr(0,2);

if(msg.empresa=='MS'){
    return true
}
else{
    return false
}"
Empresa Alarmas,Pucamarca,TbJsFilterNode,not_a_formula,,,,,,,"nodo de filtro/switch (compuerta booleana o enrutamiento), no calcula un valor de telemetría","msg.empresa=metadata.deviceName.substr(0,2);

if(msg.empresa=='PU'){
    return true
}
else{
    return false
}"
Empresa Alarmas,Quebrada Honda,TbJsFilterNode,not_a_formula,,,,,,,"nodo de filtro/switch (compuerta booleana o enrutamiento), no calcula un valor de telemetría","msg.empresa=metadata.deviceName.substr(0,2);

if(msg.empresa=='ST'){
    return true
}
else{
    return false
}"
Empresa Alarmas,Raura,TbJsFilterNode,not_a_formula,,,,,,,"nodo de filtro/switch (compuerta booleana o enrutamiento), no calcula un valor de telemetría","msg.empresa=metadata.deviceName.substr(0,2);

if(msg.empresa=='RA'){
    return true
}
else{
    return false
}"
Empresa Alarmas,Tajo Mina,TbJsFilterNode,not_a_formula,,,,,,,"nodo de filtro/switch (compuerta booleana o enrutamiento), no calcula un valor de telemetría","msg.empresa=metadata.deviceName.substr(0,2);

if(msg.empresa=='SJ'){
    return true
}
else{
    return false
}"
Empresa Alarmas,Tambomayo,TbJsFilterNode,not_a_formula,,,,,,,"nodo de filtro/switch (compuerta booleana o enrutamiento), no calcula un valor de telemetría","msg.empresa=metadata.deviceName.substr(0,2);

if(msg.empresa=='TB'){
    return true
}
else{
    return false
}"
Empresa Alarmas,Volcan,TbJsFilterNode,not_a_formula,,,,,,,"nodo de filtro/switch (compuerta booleana o enrutamiento), no calcula un valor de telemetría","msg.empresa=metadata.deviceName.substr(0,2);

if(msg.empresa=='AL'){
    return true
}
else{
    return false
}"
Empresa Alarmas,condicional,TbTransformMsgNode,needs_manual_review,,,,,,,no se encontró ninguna asignación msg.<campo> = <expresión> reconocible,"return {msg: msg, metadata: metadata, msgType: msgType};"
ExtensometerOld,Filtra,TbJsFilterNode,not_a_formula,,,,,,,"nodo de filtro/switch (compuerta booleana o enrutamiento), no calcula un valor de telemetría","if(msg.tipo=='reproceso'){
    return true   
}
else{
    return false 
}"
ExtensometerOld,Formula,TbTransformMsgNode,needs_manual_review,,,,,,,"contiene if/else o ternario -- tinyexpr no tiene control de flujo, requiere decisión manual de cómo modelarlo (o si corresponde partir en 2 fórmulas + alarma)","if(msg.primer_valor=='correcto'){
    
    msg.timestamp=metadata.ts
    
    msg.desplazamiento=0
    
    msg.desplazamiento_acumulado=0
    
    msg.desplazamiento_acumulado_total=0
}


msg.timestamp=parseFloat(metadata.ts)

var dif_horas = parseFloat(metadata.ts) - parseFloat(metadata.timestamp) 

msg.lect_anterior = parseFloat(metadata.lectura)

msg.dif_horas_original = parseFloat(dif_horas)

msg.dif_horas = parseFloat(dif_horas/3600000);

msg.dif_horas_1 = parseFloat(dif_horas/3600000);

msg.token=metadata.shared_token

if(msg.cambio==""NaN"" || msg.cambio=="""" || msg.cambio==""NaN"" || msg.cambio=="" ""){
    
    if(metadata.shared_equation=='ascendente'){

        msg.desplazamiento= parseFloat(metadata.lectura)-parseFloat(msg.lectura) 
    }
    else{
        
        msg.desplazamiento= parseFloat(msg.lectura)-parseFloat(metadata.lectura) 
        
    }
    
}
else{ 
    msg.nandesplazamiento=0
    msg.desplazamiento=parseFloat(msg.cambio)-parseFloat(msg.lectura) }




//18 Marzo Quite valor absoluto de desplazamiento
//msg.desplazamiento=msg.desplazamiento


    msg.velocidadcmhr=(msg.desplazamiento/msg.dif_horas_1);
    msg.velocidadcmd =((msg.desplazamiento/msg.dif_horas_1)*24);



var fecha = new Date(parseInt(metadata.ts))

msg.mes = fecha.getMonth() 
msg.anio = fecha.getYear() 

var fecha_ant = new Date(parseInt(metadata.timestamp))

msg.mes_ant = fecha_ant.getMonth() 
msg.anio_ant = fecha_ant.getYear() 



if(msg.mes==msg.mes_ant && msg.anio==msg.anio_ant){
msg.desplazamiento_acumulado = parseFloat(msg.desplazamiento)+parseFloat(metadata.desplazamiento_acumulado)}
else{
msg.desplazamiento_acumulado=parseFloat(msg.desplazamiento)
}



msg.desplazamiento_acumulado_total=(parseFloat(msg.desplazamiento)+parseFloat(metadata.desplazamiento_acumulado_total))

msg.equation = metadata.shared_equation
/*
try {
   if (msg.valor_inicial===true){
       msg.desplazamiento=0
       msg.desplazamiento_acumulado=0
       msg.desplazamiento_acumulado_total=0
   }
}
catch (e) {
    
}
*/

return {
    msg: msg,
    metadata: metadata,
    msgType: msgType
};"
ExtensometerOld,Formula Inicial,TbTransformMsgNode,translated,desplazamiento_acumulado,,,0,,"desplazamiento_acumulado_total,timestamp",,"msg.timestamp=metadata.ts

msg.desplazamiento_acumulado=0

msg.desplazamiento_acumulado_total=0


return {
    msg: msg,
    metadata: metadata,
    msgType: msgType
};"
ExtensometerOld,Formula Inicial,TbTransformMsgNode,translated,desplazamiento_acumulado_total,,,0,,"desplazamiento_acumulado,timestamp",,"msg.timestamp=metadata.ts

msg.desplazamiento_acumulado=0

msg.desplazamiento_acumulado_total=0


return {
    msg: msg,
    metadata: metadata,
    msgType: msgType
};"
ExtensometerOld,Formula Inicial,TbTransformMsgNode,needs_manual_review,timestamp,,,,,"desplazamiento_acumulado,desplazamiento_acumulado_total","usa metadata.ts -- no es un parámetro de calibración (timestamp/nombre de dispositivo/texto de reporte), sin equivalente numérico","msg.timestamp=metadata.ts

msg.desplazamiento_acumulado=0

msg.desplazamiento_acumulado_total=0


return {
    msg: msg,
    metadata: metadata,
    msgType: msgType
};"
ExtensometerOld,Verifica cambio,TbJsFilterNode,not_a_formula,,,,,,,"nodo de filtro/switch (compuerta booleana o enrutamiento), no calcula un valor de telemetría","if(msg.cambio){
  return true;  
}
else{
    return false
}"
ExtensometerRC,Calculate Disp. Accu.,TbTransformMsgNode,needs_manual_review,,,,,,,"contiene if/else o ternario -- tinyexpr no tiene control de flujo, requiere decisión manual de cómo modelarlo (o si corresponde partir en 2 fórmulas + alarma)","var tsDatetime = metadata.tsDate + ' ' + metadata.tsTime;
var lineabase = metadata.shared_lineabase;
var positionIni = parseFloat(metadata.shared_positionIni);
var position = parseFloat(msg.position);
if (!isNaN(position)) {
    msg.displacementAccu = position - positionIni; // en cm.
    if (tsDatetime == lineabase) {
        msg.displacementAccu = 0;
    }
}
metadata.sinceTs = parseInt(metadata.ts) - (3600000 + 900000); // Le quito 1 horas con 1 minuto.
metadata.untilTs = parseInt(metadata.ts) + 900000; // Le agrego 1 minuto.
return { msg: msg, metadata: metadata, msgType: msgType };"
ExtensometerRC,Calculate Disp. Inc. & Vel. Hour,TbTransformMsgNode,needs_manual_review,,,,,,,"contiene if/else o ternario -- tinyexpr no tiene control de flujo, requiere decisión manual de cómo modelarlo (o si corresponde partir en 2 fórmulas + alarma)","function getClosestBefore(data, ts) {
    var closestValue;
    var closestTs = 0;
    for (var i = 0; i < data.length; i++) {
        var point = data[i];
        var pointTs = parseInt(point.ts);
        if (pointTs < ts && pointTs > closestTs) {
            closestTs = pointTs;
            closestValue = parseFloat(point.value);
        }
    }
    return closestValue;
}
/* Parámetro usado para obtener mediante filtro preciso el anterior considerando periodo de datos... */
// var sinceTs = parseInt(metadata.sinceTs) + 60000; // Reincorporamos 1 minuto para filtrar.
var ts = parseInt(metadata.ts);
var tsDatetime = metadata.tsDate + ' ' + metadata.tsTime;
var lineabase = metadata.shared_lineabase;
var positionHistory = JSON.parse(metadata.position);
var displacementAccuHistory = JSON.parse(metadata.displacementAccu);
/* Estas lineas comentadas brindan precisión, sin embargo, la data proveniente no tiene periodo fijo... */
// var forwardPosition = positionHistory.filter(function(h) { return h['ts'] == sinceTs });
// var forwardDisplacementAccu = displacementAccuHistory.filter(function(h) { return h['ts'] == sinceTs });




var forwardPosition = getClosestBefore(positionHistory, ts);

msg.Estado='llege aqui 2'
msg.forwardPosition=String(forwardPosition)

var forwardDisplacementAccu = getClosestBefore(displacementAccuHistory, ts);
var position = parseFloat(msg.position);
var displacementAccu = parseFloat(msg.displacementAccu);
if (!isNaN(position) && !isNaN(displacementAccu)) {
    msg.displacementInc = position - forwardPosition;
    msg.velocityPerHour = displacementAccu - forwardDisplacementAccu;
    if (isNaN(msg.displacementInc)) {
        msg.displacementInc = 'NaN';
    }
    if (isNaN(msg.velocityPerHour)) {
        msg.velocityPerHour = 'NaN';
    }
    if (tsDatetime == lineabase) {
        msg.displacementInc = 0;
        msg.velocityPerHour = 0;
    }
    /*
    if (forwardPosition.length === 1) {
        forwardPosition = parseFloat(forwardPosition[0]['value']);
        msg.displacementInc = position - forwardPosition;
    }
    if (forwardDisplacementAccu.length === 1) {
        forwardDisplacementAccu = parseFloat(forwardDisplacementAccu[0]['value']);
        msg.velocityPerHour = displacementAccu - forwardDisplacementAccu;
    }
    */
}
return { msg: msg, metadata: metadata, msgType: msgType };"
ExtensometerRC,Calculate Pos. & Data,TbTransformMsgNode,needs_manual_review,,,,,,,"contiene if/else o ternario -- tinyexpr no tiene control de flujo, requiere decisión manual de cómo modelarlo (o si corresponde partir en 2 fórmulas + alarma)","var orientation = typeof metadata.shared_orientation !== 'undefined' ? metadata.shared_orientation : '';
var offset = parseFloat(metadata.shared_offset);
var XaxisTiltIni = parseFloat(metadata.shared_XaxisTiltIni);
var YaxisTiltIni = parseFloat(metadata.shared_YaxisTiltIni);
var ZaxisTiltIni = parseFloat(metadata.shared_ZaxisTiltIni);
var XaxisTilt = parseFloat(msg.XaxisTilt);
var YaxisTilt = parseFloat(msg.YaxisTilt);
var ZaxisTilt = parseFloat(msg.ZaxisTilt);
var laserDistance = parseFloat(msg.laserDistance); // en m
if (!isNaN(laserDistance)) {
    msg.position = ((-1 * laserDistance) + offset) * 100; // en cm.
    msg.XaxisVariation = XaxisTilt - XaxisTiltIni;
    msg.YaxisVariation = YaxisTilt - YaxisTiltIni;
    msg.ZaxisVariation = ZaxisTilt - ZaxisTiltIni;
    msg.XaxisDeformation = Math.sin(msg.XaxisVariation * Math.PI / 180) * 100; // In cm.
    msg.YaxisDeformation = Math.sin(msg.YaxisVariation * Math.PI / 180) * 100; // In cm.
    msg.ZaxisDeformation = Math.sin(msg.ZaxisVariation * Math.PI / 180) * 100; // In cm.
    switch (orientation) {
        case 'X-Y':
        case 'Y-X':
            msg.resultingDeformation = Math.sqrt(Math.pow(msg.XaxisDeformation, 2) + Math.pow(msg.YaxisDeformation, 2));
            break;
        case 'Z-Y':
        case 'Y-Z':
            msg.resultingDeformation = Math.sqrt(Math.pow(msg.ZaxisDeformation, 2) + Math.pow(msg.YaxisDeformation, 2));
            break;
        case 'X-Z':
        case 'Z-X':
            msg.resultingDeformation = Math.sqrt(Math.pow(msg.XaxisDeformation, 2) + Math.pow(msg.ZaxisDeformation, 2));
            break;
        default:
            break;
    }
}
return { msg: msg, metadata: metadata, msgType: msgType };"
ExtensometerRC,Calculate Position,TbTransformMsgNode,needs_manual_review,,,,,,,"contiene if/else o ternario -- tinyexpr no tiene control de flujo, requiere decisión manual de cómo modelarlo (o si corresponde partir en 2 fórmulas + alarma)","var paramA = parseFloat(metadata.shared_paramA);
var paramB = parseFloat(metadata.shared_paramB);
var offSet = parseFloat(metadata.shared_offset);
var amperage = parseFloat(msg.amperage);
if (!isNaN(amperage)) {
    msg.position = (paramA * amperage) + paramB; // en cm.
    msg.position = msg.position + offSet ; // en cm.
}
return { msg: msg, metadata: metadata, msgType: msgType };"
ExtensometerRC,Calculate Vel. Daily,TbTransformMsgNode,needs_manual_review,,,,,,,"contiene if/else o ternario -- tinyexpr no tiene control de flujo, requiere decisión manual de cómo modelarlo (o si corresponde partir en 2 fórmulas + alarma)","var sinceTs = parseInt(metadata.sinceTs) + 60000; // Reincorporamos 1 minuto para filtrar.
var displacementAccuHistory = JSON.parse(metadata.displacementAccu);
var forwardDisplacementAccu = displacementAccuHistory.filter(function(h) { return h['ts'] == sinceTs });
var displacementAccu = parseFloat(msg.displacementAccu);
if (!isNaN(displacementAccu)) {
    if (forwardDisplacementAccu.length === 1) {
        forwardDisplacementAccu = parseFloat(forwardDisplacementAccu[0]['value']);
        msg.velocityPerDay = displacementAccu - forwardDisplacementAccu;
    }
}
return { msg: msg, metadata: metadata, msgType: msgType };"
ExtensometerRC,Calculate Vel. Hour Inc.,TbTransformMsgNode,needs_manual_review,,,,,,,"contiene if/else o ternario -- tinyexpr no tiene control de flujo, requiere decisión manual de cómo modelarlo (o si corresponde partir en 2 fórmulas + alarma)","function getClosestBefore(data, ts) {
    var closestValue;
    var closestTs = 0;
    for (var i = 0; i < data.length; i++) {
        var point = data[i];
        var pointTs = parseInt(point.ts);
        if (pointTs < ts && pointTs > closestTs) {
            closestTs = pointTs;
            closestValue = parseFloat(point.value);
        }
    }
    return closestValue;
}
/* Parámetro usado para obtener mediante filtro preciso el anterior considerando periodo de datos... */
// var sinceTs = parseInt(metadata.sinceTs) + 60000; // Reincorporamos 1 minuto para filtrar.
var ts = parseInt(metadata.ts);
var tsDatetime = metadata.tsDate + ' ' + metadata.tsTime;
var lineabase = metadata.shared_lineabase;
var velocityPerHourHistory = JSON.parse(metadata.velocityPerHour);
/* Estas lineas comentadas brindan precisión, sin embargo, la data proveniente no tiene periodo fijo... */
// var forwardVelocityPerHour = velocityPerHourHistory.filter(function(h) { return h['ts'] == sinceTs });
var forwardVelocityPerHour = getClosestBefore(velocityPerHourHistory, ts);
var velocityPerHour = parseFloat(msg.velocityPerHour);
if (!isNaN(velocityPerHour)) {
    msg.velocityPerHourInc = velocityPerHour - forwardVelocityPerHour;
    if (isNaN(msg.velocityPerHourInc)) {
        msg.velocityPerHourInc = 'NaN';
    }
    if (tsDatetime == lineabase) {
        msg.velocityPerHourInc = 0;
    }
    /*if (forwardVelocityPerHour.length === 1) {
        forwardVelocityPerHour = parseFloat(forwardVelocityPerHour[0]['value']);
        msg.velocityPerHourInc = velocityPerHour - forwardVelocityPerHour;
    }*/
}
return { msg: msg, metadata: metadata, msgType: msgType };"
ExtensometerRC,Calculate Vel. Mensual,TbTransformMsgNode,needs_manual_review,,,,,,,"contiene if/else o ternario -- tinyexpr no tiene control de flujo, requiere decisión manual de cómo modelarlo (o si corresponde partir en 2 fórmulas + alarma)","var sinceTs = parseInt(metadata.sinceTs) + 60000; // Reincorporamos 1 minuto para filtrar.
var displacementAccuHistory = JSON.parse(metadata.displacementAccu);
var forwardDisplacementAccu = displacementAccuHistory.filter(function(h) { return h['ts'] == sinceTs });
var displacementAccu = parseFloat(msg.displacementAccu);
if (!isNaN(displacementAccu)) {
    if (forwardDisplacementAccu.length === 1) {
        forwardDisplacementAccu = parseFloat(forwardDisplacementAccu[0]['value']);
        msg.velocityPerMonth = displacementAccu - forwardDisplacementAccu;
    }
}
return { msg: msg, metadata: metadata, msgType: msgType };"
ExtensometerRC,Calculate Vel. Semanal,TbTransformMsgNode,needs_manual_review,,,,,,,"contiene if/else o ternario -- tinyexpr no tiene control de flujo, requiere decisión manual de cómo modelarlo (o si corresponde partir en 2 fórmulas + alarma)","var sinceTs = parseInt(metadata.sinceTs) + 60000; // Reincorporamos 1 minuto para filtrar.
var displacementAccuHistory = JSON.parse(metadata.displacementAccu);
var forwardDisplacementAccu = displacementAccuHistory.filter(function(h) { return h['ts'] == sinceTs });
var displacementAccu = parseFloat(msg.displacementAccu);
if (!isNaN(displacementAccu)) {
    if (forwardDisplacementAccu.length === 1) {
        forwardDisplacementAccu = parseFloat(forwardDisplacementAccu[0]['value']);
        msg.velocityPerWeek = displacementAccu - forwardDisplacementAccu;
    }
}
return { msg: msg, metadata: metadata, msgType: msgType };"
ExtensometerRC,Default formula,TbTransformMsgNode,needs_manual_review,,,,,,,"contiene if/else o ternario -- tinyexpr no tiene control de flujo, requiere decisión manual de cómo modelarlo (o si corresponde partir en 2 fórmulas + alarma)","if (msg.primer_valor == 'correcto') {
    msg.timestamp = metadata.ts;
    msg.desplazamiento = 0;
    msg.desplazamiento_acumulado = 0;
    msg.desplazamiento_acumulado_total = 0;
}
msg.timestamp = parseFloat(metadata.ts);
var dif_horas = parseFloat(metadata.ts) - parseFloat(msg.timestamp_prev);
msg.lect_anterior = parseFloat(msg.lectura_prev);
msg.dif_horas_original = parseFloat(dif_horas);
msg.dif_horas = parseFloat(dif_horas / 3600000);
msg.dif_horas_1 = parseFloat(dif_horas / 3600000);
msg.token = metadata.shared_token;
if (msg.cambio == ""NaN"" || msg.cambio == """" || msg.cambio == ""NaN"" || msg.cambio == "" "") {
    if (metadata.shared_equation == 'ascendente') {
        msg.desplazamiento = parseFloat(msg.lectura_prev) - parseFloat(msg.lectura);
    } else {
        msg.desplazamiento = parseFloat(msg.lectura) - parseFloat(msg.lectura_prev);
    }
} else {
    msg.nandesplazamiento = 0;
    msg.desplazamiento = parseFloat(msg.cambio) - parseFloat(msg.lectura);
}
//18 Marzo Quite valor absoluto de desplazamiento
msg.velocidadcmhr = (msg.desplazamiento / msg.dif_horas_1);
msg.velocidadcmd = ((msg.desplazamiento / msg.dif_horas_1) * 24);
var fecha = new Date(parseInt(metadata.ts));
msg.mes = fecha.getMonth();
msg.anio = fecha.getYear();
var fecha_ant = new Date(parseInt(msg.timestamp_prev));
msg.mes_ant = fecha_ant.getMonth();
msg.anio_ant = fecha_ant.getYear();
if (msg.mes == msg.mes_ant && msg.anio == msg.anio_ant) {
    msg.desplazamiento_acumulado = parseFloat(msg.desplazamiento) + parseFloat(msg.desplazamiento_acumulado_prev);
} else {
    msg.desplazamiento_acumulado = parseFloat(msg.desplazamiento);
}
msg.desplazamiento_acumulado_total = (parseFloat(msg.desplazamiento) + parseFloat(msg.desplazamiento_acumulado_total_prev));
msg.equation = metadata.shared_equation;
return {
    msg: msg,
    metadata: metadata,
    msgType: msgType
};"
ExtensometerRC,Is criteria valid?,TbJsFilterNode,not_a_formula,,,,,,,"nodo de filtro/switch (compuerta booleana o enrutamiento), no calcula un valor de telemetría","if (msg.tipo == 'editando' || msg.origen == 'app') {
    return true;
} else {
    return false;
}"
ExtensometerRC,Is periodical to lineabase?,TbJsSwitchNode,not_a_formula,,,,,,,"nodo de filtro/switch (compuerta booleana o enrutamiento), no calcula un valor de telemetría","/*
// Verificamos que el metadata.ts sea igual tiempo que la lineabase (con diferente día).
function nextRelation(metadata) {
    var lineabase = metadata.shared_lineabase; // Ej: ""2025-06-17 18:00:00"".
    // Extraer hora y fecha de lineabase:
    var lbTime = lineabase.split(' ')[1]; // ""18:00:00"".
    var lbDate = lineabase.split(' ')[0]; // ""2025-06-17"".
    // Extraer hora y fecha por partes de ts:
    var tsMillis = parseInt(metadata.ts); // Ej: 3600000 milisegundos.
    var datetime = new Date(tsMillis - (5 * 3600000)); // UTC-5 local time.
    var year = datetime.getFullYear();
    var month = datetime.getMonth() + 1;
    var day = datetime.getDate();
    var hours = datetime.getHours();
    var minutes = datetime.getMinutes();
    var seconds = datetime.getSeconds();
    if (month < 10) { month = '0' + month.toString(); }
    else { month = month.toString(); }
    if (day < 10) { day = '0' + day.toString(); }
    else { day = day.toString(); }
    if (hours < 10) { hours = '0' + hours.toString(); }
    else { hours = hours.toString(); }
    if (minutes < 10) { minutes = '0' + minutes.toString(); }
    else { minutes = minutes.toString(); }
    if (seconds < 10) { seconds = '0' + seconds.toString(); }
    else { seconds = seconds.toString(); }
    var tsDate = year + '-' + month + '-' + day; // Para comparar con lbDate.
    var tsTime = hours + ':' + minutes + ':' + seconds;
    // Comparación principal:
    if (tsTime == lbTime && tsDate != lbDate) {
        // Corroborar con test function string param: 'ACTUAL: ' + tsDate + ' ' + tsTime + ' | LINEABASE: ' + lbDate + ' ' + lbTime + ' PASS ' + String(tsTime == lbTime) + ' ' + String(tsDate != lbDate
        return ['Yes'];
    } else {
        return ['No'];
    }
}

return nextRelation(metadata);
*/

return ['Yes']"
ExtensometerRC,Modify since and until,TbTransformMsgNode,needs_manual_review,,,,,,,no se encontró ninguna asignación msg.<campo> = <expresión> reconocible,"// Modificamos since y until:
metadata.sinceTs = parseInt(metadata.ts) - ((3600000 * 24 * 30) + 60000); // Le quito 30 días (1 mes) con 1 minuto.
metadata.untilTs = parseInt(metadata.ts) + 60000; // Le agrego 1 minuto.
return {msg: msg, metadata: metadata, msgType: msgType};"
ExtensometerRC,Modify since and until,TbTransformMsgNode,needs_manual_review,,,,,,,no se encontró ninguna asignación msg.<campo> = <expresión> reconocible,"// Modificamos since y until:
metadata.sinceTs = parseInt(metadata.ts) - ((3600000 * 24 * 7) + 60000);
metadata.untilTs = parseInt(metadata.ts) + 60000; // Le agrego 1 minuto.
return {msg: msg, metadata: metadata, msgType: msgType};"
ExtensometerRC,Modify since and until,TbTransformMsgNode,needs_manual_review,,,,,,,no se encontró ninguna asignación msg.<campo> = <expresión> reconocible,"// Modificamos since y until:
metadata.sinceTs = parseInt(metadata.ts) - ((3600000 * 24) + 60000); // Le quito 24 horas con 1 minuto.
metadata.untilTs = parseInt(metadata.ts) + 60000; // Le agrego 1 minuto.
return {msg: msg, metadata: metadata, msgType: msgType};"
ExtensometerRC,Ts Criterion,TbTransformMsgNode,needs_manual_review,,,,,,,"contiene if/else o ternario -- tinyexpr no tiene control de flujo, requiere decisión manual de cómo modelarlo (o si corresponde partir en 2 fórmulas + alarma)","var tsMillis = parseInt(metadata.ts); // Ej: 3600000 milisegundos.
// Convierto mi ts actual en particiones legibles para comparativas.
var datetime = new Date(tsMillis - (5 * 3600000)); // UTC-5 local time (Hora del Perú).
var year = datetime.getFullYear();
var month = datetime.getMonth() + 1;
var day = datetime.getDate();
var hours = datetime.getHours();
var minutes = datetime.getMinutes();
var seconds = datetime.getSeconds();
if (month < 10) { month = '0' + month.toString(); }
else { month = month.toString(); }
if (day < 10) { day = '0' + day.toString(); }
else { day = day.toString(); }
if (hours < 10) { hours = '0' + hours.toString(); }
else { hours = hours.toString(); }
if (minutes < 10) { minutes = '0' + minutes.toString(); }
else { minutes = minutes.toString(); }
if (seconds < 10) { seconds = '0' + seconds.toString(); }
else { seconds = seconds.toString(); }
metadata.tsDate = year + '-' + month + '-' + day; // Parte Date.
metadata.tsTime = hours + ':' + minutes + ':' + seconds; // Parte Time.
return {msg: msg, metadata: metadata, msgType: msgType};"
ExtensometerRC,What type of extensometer?,TbJsSwitchNode,not_a_formula,,,,,,,"nodo de filtro/switch (compuerta booleana o enrutamiento), no calcula un valor de telemetría","function nextRelation(metadata, msg) {
    var relation = ['none'];
    if (msg.hasOwnProperty('amperage')) {
        relation = ['Encoder'];
    } else if (msg.hasOwnProperty('laserDistance')) {
        relation = ['Laser'];
    }
    return relation;
}
return nextRelation(metadata, msg);"
Filtro Frecuencias,Add status to msg,TbTransformMsgNode,needs_manual_review,,,,,,,no se encontró ninguna asignación msg.<campo> = <expresión> reconocible,"var newmsg = {};
newmsg.estado = 'Freq Baja';
return {
    msg: newmsg,
    metadata: metadata,
    msgType: msgType
};"
Filtro Frecuencias,Add status to msg,TbTransformMsgNode,needs_manual_review,,,,,,,no se encontró ninguna asignación msg.<campo> = <expresión> reconocible,"var newmsg = {};
newmsg.estado = 'Freq Alta';
return {
    msg: newmsg,
    metadata: metadata,
    msgType: msgType
};"
Filtro Frecuencias,Switch type,TbJsSwitchNode,not_a_formula,,,,,,,"nodo de filtro/switch (compuerta booleana o enrutamiento), no calcula un valor de telemetría","var frecuencia = msg.Freq;
if (frecuencia <= 12250 && frecuencia >= 2250) {
    var tipo = 'normal';
}
if (frecuencia > 12250) {
    var tipo = 'alta';
}
if (frecuencia < 2250) {
    var tipo = 'baja';
}
switch (tipo) {
    case 'normal':
        return ['normal'];
    case 'alta':
        return ['alta'];
    case 'baja':
        return ['baja'];
    default:
        return ['otro'];
}
/*
var frecuencia = msg.Freq;
if (frecuencia <= 3500 && frecuencia >= 1500) {
    var tipo = 'normal';
}
if (frecuencia > 3500) {
    var tipo = 'alta';
}
if (frecuencia < 1500) {
    var tipo = 'baja';
}
switch (tipo) {
    case 'normal':
        return ['normal'];
    case 'alta':
        return ['alta'];
    case 'baja':
        return ['baja'];
    default:
        return ['otro'];
}
*/"
Filtro NAN,NaN Frequency,TbTransformMsgNode,needs_manual_review,,,,,,,no se encontró ninguna asignación msg.<campo> = <expresión> reconocible,"var newmsg = {};
newmsg.estado = 'Freq NaN';
return {
    msg: newmsg,
    metadata: metadata,
    msgType: msgType
};"
Filtro NAN,NaN Temperature,TbTransformMsgNode,needs_manual_review,,,,,,,no se encontró ninguna asignación msg.<campo> = <expresión> reconocible,"var newmsg = {};
newmsg.estado = 'Temp NaN';
return {
    msg: newmsg,
    metadata: metadata,
    msgType: msgType
};"
Filtro NAN,Parameters Validation,TbJsSwitchNode,not_a_formula,,,,,,,"nodo de filtro/switch (compuerta booleana o enrutamiento), no calcula un valor de telemetría","/**
 * Validación del parámetro ""Freq"" proveniente del servidor de datos.
 */
if (msg.Freq === """" || msg.Freq === ""undefined"" || msg.Freq === ""NaN"" || msg.Freq === ""NAN"") {
    return ['Freq NaN'];
}
if (msg.Temp === """" || msg.Temp === ""undefined"" || msg.Temp === ""NaN"" || msg.Temp === ""NAN"") {
    return ['Temp NaN'];
}
return 'OK'"
Filtro Temperatura,Add status to msg,TbTransformMsgNode,needs_manual_review,,,,,,,no se encontró ninguna asignación msg.<campo> = <expresión> reconocible,"var newmsg = {};
newmsg.estado = 'Temp Alta';
return {
    msg: newmsg,
    metadata: metadata,
    msgType: msgType
};"
Filtro Temperatura,Add status to msg,TbTransformMsgNode,needs_manual_review,,,,,,,no se encontró ninguna asignación msg.<campo> = <expresión> reconocible,"var newmsg = {};
newmsg.estado = 'Temp Baja';
return {
    msg: newmsg,
    metadata: metadata,
    msgType: msgType
};"
Filtro Temperatura,Switch type,TbJsSwitchNode,not_a_formula,,,,,,,"nodo de filtro/switch (compuerta booleana o enrutamiento), no calcula un valor de telemetría","var temp = msg.Temp;
if (temp <= 25 && temp >= 0) {
    var tipo = 'normal';
}
if (temp > 25) {
    var tipo = 'alta';
}
if (temp < 0) {
    var tipo = 'baja';
}
switch (tipo) {
    case 'normal':
        return ['normal'];
    case 'alta':
        return ['alta'];
    case 'baja':
        return ['baja'];
    default:
        return ['otro'];
}
/*
var frecuencia = msg.Freq;
if (frecuencia <= 3500 && frecuencia >= 1500) {
    var tipo = 'normal';
}
if (frecuencia > 3500) {
    var tipo = 'alta';
}
if (frecuencia < 1500) {
    var tipo = 'baja';
}
switch (tipo) {
    case 'normal':
        return ['normal'];
    case 'alta':
        return ['alta'];
    case 'baja':
        return ['baja'];
    default:
        return ['otro'];
}
*/"
Generate Report,If send email,TbJsFilterNode,not_a_formula,,,,,,,"nodo de filtro/switch (compuerta booleana o enrutamiento), no calcula un valor de telemetría",return msg.sendEmail === true;
Generate Report,If send email,TbJsFilterNode,not_a_formula,,,,,,,"nodo de filtro/switch (compuerta booleana o enrutamiento), no calcula un valor de telemetría",return msg.sendEmail === true;
Generate Report,Prepare email metadata,TbTransformMsgNode,needs_manual_review,,,,,,,no se encontró ninguna asignación msg.<campo> = <expresión> reconocible,"metadata['emailFrom'] = msg.emailConfig.from;
metadata['emailTo'] = msg.emailConfig.to;
metadata['emailCc'] = msg.emailConfig.cc || """";
metadata['emailBcc'] = msg.emailConfig.bcc || """";
metadata['emailSubject'] = msg.emailConfig.subject;
metadata['emailBody'] = msg.emailConfig.body;
metadata['emailTimezone'] = msg.reportConfig.timezone;

return {msg: msg, metadata: metadata, msgType: msgType};"
Generate Report,Prepare email metadata,TbTransformMsgNode,needs_manual_review,,,,,,,no se encontró ninguna asignación msg.<campo> = <expresión> reconocible,"metadata['emailFrom'] = msg.emailConfig.from;
metadata['emailTo'] = msg.emailConfig.to;
metadata['emailCc'] = msg.emailConfig.cc || """";
metadata['emailBcc'] = msg.emailConfig.bcc || """";
metadata['emailSubject'] = msg.emailConfig.subject;
metadata['emailBody'] = msg.emailConfig.body;
metadata['emailTimezone'] = msg.reportConfig.timezone;

return {msg: msg, metadata: metadata, msgType: msgType};"
GoldFields Alarmas,Script,TbJsFilterNode,not_a_formula,,,,,,,"nodo de filtro/switch (compuerta booleana o enrutamiento), no calcula un valor de telemetría",return msg.temperature > 20;
GoldFields Alarmas,Script,TbTransformMsgNode,needs_manual_review,,,,,,,no se encontró ninguna asignación msg.<campo> = <expresión> reconocible,"return {msg: msg, metadata: metadata, msgType: msgType};"
GoldFields Alarmas,Script,TbJsFilterNode,not_a_formula,,,,,,,"nodo de filtro/switch (compuerta booleana o enrutamiento), no calcula un valor de telemetría","msg.empresa=metadata.deviceName.substr(0,2);

if(msg.empresa=='GF'){
    return true
}
else{
    return false
}"
HydrometricRC,CMC Tantahuay,TbJsFilterNode,not_a_formula,,,,,,,"nodo de filtro/switch (compuerta booleana o enrutamiento), no calcula un valor de telemetría","if (metadata.deviceName == ""Estacion E-1B"" || metadata.deviceName == ""Estacion E-2"" || metadata.deviceName == ""Estacion E-4"" || metadata.deviceName == ""Estacion E-5"" || metadata.deviceName == ""EstacionE1-B"") {
    return true;
} else {
    return false;
}"
HydrometricRC,Estacion E1,TbJsFilterNode,not_a_formula,,,,,,,"nodo de filtro/switch (compuerta booleana o enrutamiento), no calcula un valor de telemetría","if (metadata.deviceName == ""TAMBO.Estación E-1"") {
    return true;
} else {
    return false;
}"
HydrometricRC,Filtra,TbTransformMsgNode,needs_manual_review,,,,,,,"contiene if/else o ternario -- tinyexpr no tiene control de flujo, requiere decisión manual de cómo modelarlo (o si corresponde partir en 2 fórmulas + alarma)","var newmsg = {};
newmsg.wx_evap_max_positivo = 0;
newmsg.wx_evap_prom_positivo = 0;
if (msg.wx_evap_max < 0) {
    newmsg.wx_evap_max_filtrado = metadata.wx_evap_max_positivo;
}
return { msg: newmsg, metadata: metadata, msgType: msgType };"
HydrometricRC,Filtra,TbTransformMsgNode,needs_manual_review,,,,,,,"contiene if/else o ternario -- tinyexpr no tiene control de flujo, requiere decisión manual de cómo modelarlo (o si corresponde partir en 2 fórmulas + alarma)","var newmsg = {};
if (msg.wx_evap_prom > 0) {
    newmsg.wx_evap_prom_positivo = msg.wx_evap_prom;
}
if (msg.wx_evap_max > 0) {
    newmsg.wx_evap_max_positivo = msg.wx_evap_max;
}
return { msg: newmsg, metadata: metadata, msgType: msgType };"
HydrometricRC,Script,TbTransformMsgNode,needs_manual_review,,,,,,,"contiene if/else o ternario -- tinyexpr no tiene control de flujo, requiere decisión manual de cómo modelarlo (o si corresponde partir en 2 fórmulas + alarma)","msg.shared_K = parseFloat(metadata.shared_K);
if ('Velocidad' in msg && ""Water Level SE200"" in msg) {
    msg.Caudal = msg['Velocidad'] * msg['Water Level SE200'] * parseFloat(metadata.shared_K) * 1000 * 4;
}
return { msg: msg, metadata: metadata, msgType: msgType };"
Inactividad,Inactividad,TbJsFilterNode,not_a_formula,,,,,,,"nodo de filtro/switch (compuerta booleana o enrutamiento), no calcula un valor de telemetría","if (msg.active == false) {
   return false;
} else {
    return true;
}"
InclinacionRC,Script,TbJsFilterNode,not_a_formula,,,,,,,"nodo de filtro/switch (compuerta booleana o enrutamiento), no calcula un valor de telemetría","var data = metadata.deviceName;
data = String(data);
if (data.slice(0, 6) == ""RA.TR0"") {
    return true;
} else {
    return false;
}"
InclinacionRC,Script 1,TbTransformMsgNode,needs_manual_review,desplazamiento_x,,,,,desplazamiento_y,quedó un token no traducido tras limpiar funciones/campos/parámetros conocidos: residual=' * ( * Math.PI / 180)' (expresión original: 'parseFloat(metadata.shared_diferencial) * Math.tan(parseFloat(msg.XAxis) * Math.PI / 180)'),"msg.desplazamiento_x = parseFloat(metadata.shared_diferencial) * Math.tan(parseFloat(msg.XAxis) * Math.PI / 180);
msg.desplazamiento_y = parseFloat(metadata.shared_diferencial) * Math.tan(parseFloat(msg.YAxis) * Math.PI / 180);
return { msg: msg, metadata: metadata, msgType: msgType };"
InclinacionRC,Script 1,TbTransformMsgNode,needs_manual_review,desplazamiento_y,,,,,desplazamiento_x,quedó un token no traducido tras limpiar funciones/campos/parámetros conocidos: residual=' * ( * Math.PI / 180)' (expresión original: 'parseFloat(metadata.shared_diferencial) * Math.tan(parseFloat(msg.YAxis) * Math.PI / 180)'),"msg.desplazamiento_x = parseFloat(metadata.shared_diferencial) * Math.tan(parseFloat(msg.XAxis) * Math.PI / 180);
msg.desplazamiento_y = parseFloat(metadata.shared_diferencial) * Math.tan(parseFloat(msg.YAxis) * Math.PI / 180);
return { msg: msg, metadata: metadata, msgType: msgType };"
InclinacionRC,Script 2,TbTransformMsgNode,translated,desplazamiento_x,,shared_diferencial,shared_diferencial * tan(A),,desplazamiento_y,,"msg.desplazamiento_x = parseFloat(metadata.shared_diferencial) * Math.tan(parseFloat(msg.A));
msg.desplazamiento_y = parseFloat(metadata.shared_diferencial) * Math.tan(parseFloat(msg.B));
return { msg: msg, metadata: metadata, msgType: msgType };"
InclinacionRC,Script 2,TbTransformMsgNode,translated,desplazamiento_y,,shared_diferencial,shared_diferencial * tan(B),,desplazamiento_x,,"msg.desplazamiento_x = parseFloat(metadata.shared_diferencial) * Math.tan(parseFloat(msg.A));
msg.desplazamiento_y = parseFloat(metadata.shared_diferencial) * Math.tan(parseFloat(msg.B));
return { msg: msg, metadata: metadata, msgType: msgType };"
LevelRC,Umbrales,TbTransformMsgNode,needs_manual_review,,,,,,,"contiene if/else o ternario -- tinyexpr no tiene control de flujo, requiere decisión manual de cómo modelarlo (o si corresponde partir en 2 fórmulas + alarma)","var texto = 'Vacio';
if (!((typeof msg.level == 'undefined') || (msg.level == isNaN) || (msg.level == 'NaN') || (msg.level == 'NAN'))) {
    if (parseFloat(msg.level) > parseFloat(metadata.ss_nivel_alto)) {
        texto = 'Alerta, el nivel del reservorio superó los ' + String(metadata.ss_nivel_alto) + ' m, para mayor detalle visite su plataforma de monitoreo Beemetry.';
    }
    if (parseFloat(msg.level) < parseFloat(metadata.ss_nivel_bajo)) {
        texto = 'Alerta, el nivel del reservorio se redujo por debajo de los ' + String(metadata.ss_nivel_bajo) + ' m, para mayor detalle visite su plataforma de monitoreo Beemetry.';
    }
}
// var fecha=new Date()
// var fecha_actual_ts=fecha.getTime()
// var diferencia=parseFloat(fecha_actual_ts)-parseFloat(msg.ts)
// diferencia=diferencia/(1000*60*60)
// msg.diferencia=diferencia
msg.altoUmbral = parseFloat(metadata.ss_nivel_alto);
msg.bajoUmbral = parseFloat(metadata.ss_nivel_bajo);
msg.ts = metadata.ts;
metadata.texto = texto;
msg.texto = texto;
msg.deviceName = metadata.deviceName;
return { msg: msg, metadata: metadata, msgType: msgType };"
LevelRC,Validacion,TbTransformMsgNode,needs_manual_review,,,,,,,"contiene if/else o ternario -- tinyexpr no tiene control de flujo, requiere decisión manual de cómo modelarlo (o si corresponde partir en 2 fórmulas + alarma)","if (msg.texto != ""Vacio"") {
    var lastTs = metadata.ss_last_alarm_ts 
    var ahora  = parseFloat(new Date().getTime());
    msg.lastTs=parseFloat(lastTs)
    msg.ahora=ahora
    var diffMs = ahora - lastTs;

    msg.diff_horas = parseFloat((diffMs / 3600000).toFixed(2));
    msg.pasar      = diffMs >= 86400000;
}

return { msg: msg, metadata: metadata, msgType: msgType };"
LevelRC,filtro,TbJsFilterNode,not_a_formula,,,,,,,"nodo de filtro/switch (compuerta booleana o enrutamiento), no calcula un valor de telemetría","if(msg.texto!=""Vacio""){
    var lastTs = metadata.ss_last_alarm_ts ? parseFloat(metadata.ss_last_alarm_ts) : 0;
    var ahora  = new Date().getTime();
    return (ahora - lastTs) >= 86400000; // 24h en ms
}
else{
    return false
}"
LevelRC,setea,TbTransformMsgNode,needs_manual_review,last_alarm_ts,,,,,,la expresión asignada a msg.last_alarm_ts contiene 'new Date' -- no es aritmética pura traducible a tinyexpr,"msg.last_alarm_ts  = new Date().getTime();
  return { msg: msg, metadata: metadata, msgType: 'POST_ATTRIBUTES_REQUEST' };"
MQTT,77,TbTransformMsgNode,needs_manual_review,method,,,,,params,"la expresión de msg.method (tras sustituir variables locales) contiene ''': ""'spinRight'""","msg.method = 'spinRight';
msg.params = '5';
metadata.requestUUID='333333'
return {msg: msg, metadata: metadata, msgType: msgType};"
MQTT,77,TbTransformMsgNode,needs_manual_review,params,,,,,method,"la expresión de msg.params (tras sustituir variables locales) contiene ''': ""'5'""","msg.method = 'spinRight';
msg.params = '5';
metadata.requestUUID='333333'
return {msg: msg, metadata: metadata, msgType: msgType};"
MQTT,user,TbTransformMsgNode,translated,userSwitch,,ss_userSwitch,ss_userSwitch,,,,"msg.userSwitch=metadata.ss_userSwitch
return {msg: msg, metadata: metadata, msgType: msgType};"
Marcobre Alarmas Acelerografos,Agrupar máximos,TbTransformMsgNode,needs_manual_review,,,,,,,"contiene if/else o ternario -- tinyexpr no tiene control de flujo, requiere decisión manual de cómo modelarlo (o si corresponde partir en 2 fórmulas + alarma)","var maxch0Mg = parseFloat(msg.maxch0Mg);
var maxch1Mg = parseFloat(msg.maxch1Mg);
var maxch2Mg = parseFloat(msg.maxch2Mg);
if (!isNaN(maxch0Mg) && !isNaN(maxch1Mg) && !isNaN(maxch2Mg)) {
    msg.maxchs_array = [maxch0Mg, maxch1Mg, maxch2Mg];
}
return { msg: msg, metadata: metadata, msgType: msgType };"
Marcobre Alarmas Acelerografos,Generar umbral,TbTransformMsgNode,needs_manual_review,umbral_texto,,,,,,la expresión asignada a msg.umbral_texto contiene ''' -- no es aritmética pura traducible a tinyexpr,"msg.umbral_texto = 'Sin alarma';
return { msg: msg, metadata: metadata, msgType: msgType };"
Marcobre Alarmas Acelerografos,Revisión,TbJsFilterNode,not_a_formula,,,,,,,"nodo de filtro/switch (compuerta booleana o enrutamiento), no calcula un valor de telemetría","if (metadata.umbral_texto != 'Sin alarma') {
    return true;
} else {
    return false;
}"
Marcobre Alarmas Acelerografos,Setear alarma,TbTransformMsgNode,needs_manual_review,,,,,,,"contiene if/else o ternario -- tinyexpr no tiene control de flujo, requiere decisión manual de cómo modelarlo (o si corresponde partir en 2 fórmulas + alarma)","function processArray(array) {
    var maxValue = null;
    array = String(array);
    var myArray = array.split("","").map(function(elemento) {return parseFloat(elemento);});
    maxValue = Math.max(myArray[0], myArray[1]);
    maxValue = Math.max(maxValue, myArray[2]);
    return maxValue;
}
if (metadata.ss_type == 'accelerograph') {
    var fecha = new Date(parseFloat(metadata.ts));
    var criteria = 100.0;
    var maxValue = processArray(msg.maxchs_array);
    msg.maxValue = maxValue;
    if (maxValue > criteria) {
        metadata.umbral_texto = 'Alto';
    }
    metadata.valor1 = metadata.deviceName;
    metadata.valor2 = fecha.toLocaleDateString();
    metadata.valor4 = metadata.umbral_texto;
    metadata.valor5 = ""acelerógrafo"";
    metadata.valor6 = metadata.shared_location;
    metadata.valor7 = maxValue;
}
return { msg: msg, metadata: metadata, msgType: msgType };"
Marcobre Alarmas Acelerografos,date,TbJsFilterNode,not_a_formula,,,,,,,"nodo de filtro/switch (compuerta booleana o enrutamiento), no calcula un valor de telemetría","// Fundamental para evitar bombardeo de correos (pruebas alternas a RC):
var fecha = new Date().getTime();
var horas = (fecha - parseFloat(metadata.ts)) / 3600000;
if (horas > 0 && horas < 2) {
    return true;
} else {
    return false;
}"
Marcobre Alarmas Inclinometros InPlace,Revisión,TbJsFilterNode,not_a_formula,,,,,,,"nodo de filtro/switch (compuerta booleana o enrutamiento), no calcula un valor de telemetría","var criteria = metadata.ss_nivel_critico;
var alerta = criteria < msg.maxValue ? 'Alto' : 'Sin alarma';
if (alerta !== 'Sin alarma' && alerta != metadata.umbral_texto) {
    return true;
} else {
    return false;
}"
Marcobre Alarmas Inclinometros InPlace,Setear alarma,TbTransformMsgNode,needs_manual_review,,,,,,,"contiene if/else o ternario -- tinyexpr no tiene control de flujo, requiere decisión manual de cómo modelarlo (o si corresponde partir en 2 fórmulas + alarma)","function processArray(array) {
    array = String(array).split("","");
    var maxValue = Number(Math.max.apply(Math, array));
    return maxValue;
}
var newMsg = {};
var fecha = new Date(parseFloat(metadata.ts));
var criteria = metadata.ss_nivel_critico;
if (metadata.ss_type == 'inplace') {
    let maxValue1 = processArray(msg.aAxisIncDispArray);
    let maxValue2 = processArray(msg.bAxisIncDispArray);
    let maxValue = Math.max(maxValue1, maxValue2);
    let alerta = maxValue > criteria ? 'Alto' : 'Sin alarma';
    metadata.valor1 = metadata.deviceName;
    metadata.valor2 = fecha.toLocaleDateString();
    metadata.valor3 = ""none"";
    metadata.valor4 = metadata.umbral_texto;
    metadata.valor5 = ""inclinómetro In-Place"";
    metadata.valor6 = metadata.shared_location;
    metadata.valor7 = maxValue.toFixed(3);
    newMsg.maxIncDispValues = [maxValue1, maxValue2];
    newMsg.maxValue = maxValue;
    newMsg.umbral_texto = alerta;
}
return { msg: newMsg, metadata: metadata, msgType: msgType };"
Marcobre Alarmas Inclinometros InPlace,Umbral Texto,TbTransformMsgNode,needs_manual_review,,,,,,,no se encontró ninguna asignación msg.<campo> = <expresión> reconocible,"var newMsg = {};
newMsg.umbral_texto = 'Sin alarma';
return { msg: newMsg, metadata: metadata, msgType: msgType };"
Marcobre Alarmas Inclinometros InPlace,date,TbJsFilterNode,not_a_formula,,,,,,,"nodo de filtro/switch (compuerta booleana o enrutamiento), no calcula un valor de telemetría","// Fundamental para evitar bombardeo de correos (pruebas alternas a RC):
var fecha = new Date().getTime();
var horas = (fecha - parseFloat(metadata.ts)) / 3600000;
if (horas > 0 && horas < 1) {
    return true;
} else {
    return false;
}"
NaN,NAN,TbJsFilterNode,not_a_formula,,,,,,,"nodo de filtro/switch (compuerta booleana o enrutamiento), no calcula un valor de telemetría","if(msg.Freq==="""" || msg.Freq===""undefined"" || msg.Freq===""NaN"" || msg.Freq===""NAN""){
    return true
}
else{
    return false
}"
PH,BR.Estacion_Hydrometrica_Metales_3,TbJsFilterNode,not_a_formula,,,,,,,"nodo de filtro/switch (compuerta booleana o enrutamiento), no calcula un valor de telemetría","if(metadata.deviceName==""BR.Estacion_Hydrometrica_Metales_3""){
        return true
    }
    else{
        return false
    }"
PH,Save,TbTransformMsgNode,needs_manual_review,,,,,,,"contiene if/else o ternario -- tinyexpr no tiene control de flujo, requiere decisión manual de cómo modelarlo (o si corresponde partir en 2 fórmulas + alarma)","var max=metadata.ss_max;
var min=metadata.ss_min;
metadata.valor_ph=parseFloat(msg.wx_Ph).toFixed(3)
if(msg.wx_Ph> max){

    metadata.umbral_texto='Maximo'
    metadata.valor_umbral=max
  

    
}
if(msg.wx_Ph< min){
    
   metadata.umbral_texto='Minimo'
   metadata.valor_umbral=min

    
}



return {msg: msg, metadata: metadata, msgType: msgType};"
PH,Script,TbJsFilterNode,not_a_formula,,,,,,,"nodo de filtro/switch (compuerta booleana o enrutamiento), no calcula un valor de telemetría","var max=metadata.ss_max;
var min=metadata.ss_min;

if(msg.wx_Ph> max){

    
    return true
    
}
if(msg.wx_Ph< min){
    
    
    
    return true
    
    
}

return false"
PH,date,TbJsFilterNode,not_a_formula,,,,,,,"nodo de filtro/switch (compuerta booleana o enrutamiento), no calcula un valor de telemetría","var fecha=new Date().getTime()


var horas=(fecha-parseFloat(metadata.ts))/3600000


if(horas<1){
    
    return true
}
else{
    
    return false
}"
PH Tantahuay Alarmas,555,TbTransformMsgNode,needs_manual_review,dia,,,,,"fecha,horas",la expresión de msg.dia (tras sustituir variables locales) contiene 'new Date': 'new Date()',"msg.dia=new Date()
msg.fecha=new Date().getTime()


msg.horas=(msg.fecha-parseFloat(metadata.ts))/3600000




return {msg: msg, metadata: metadata, msgType: msgType};"
PH Tantahuay Alarmas,555,TbTransformMsgNode,needs_manual_review,fecha,,,,,"dia,horas",la expresión de msg.fecha (tras sustituir variables locales) contiene 'new Date': 'new Date().getTime()',"msg.dia=new Date()
msg.fecha=new Date().getTime()


msg.horas=(msg.fecha-parseFloat(metadata.ts))/3600000




return {msg: msg, metadata: metadata, msgType: msgType};"
PH Tantahuay Alarmas,555,TbTransformMsgNode,needs_manual_review,horas,,,,,"dia,fecha",la expresión de msg.horas (tras sustituir variables locales) contiene 'new Date': '((new Date().getTime())-parseFloat(metadata.ts))/3600000',"msg.dia=new Date()
msg.fecha=new Date().getTime()


msg.horas=(msg.fecha-parseFloat(metadata.ts))/3600000




return {msg: msg, metadata: metadata, msgType: msgType};"
PH Tantahuay Alarmas,Filtro,TbJsFilterNode,not_a_formula,,,,,,,"nodo de filtro/switch (compuerta booleana o enrutamiento), no calcula un valor de telemetría","var umbral_max_ph=parseFloat(metadata.shared_max_ph)
var umbral_min_ph=parseFloat(metadata.shared_min_ph)

if(parseFloat(msg.pH)>umbral_max_ph || parseFloat(msg.pH)<umbral_min_ph){
    return true
}
else{
    return false
}"
PH Tantahuay Alarmas,Save,TbTransformMsgNode,needs_manual_review,,,,,,,"contiene if/else o ternario -- tinyexpr no tiene control de flujo, requiere decisión manual de cómo modelarlo (o si corresponde partir en 2 fórmulas + alarma)","var max=parseFloat(metadata.shared_max_ph);
var min=parseFloat(metadata.shared_min_ph);
metadata.valor_ph=parseFloat(msg.pH).toFixed(3)

var fecha=new Date(parseFloat(metadata.ts))

if(fecha.getHours<5){fecha.getHours=fecha.getHours+12}

var dateFormat = fecha.getHours()-5 + "":"" + fecha.getMinutes();
metadata.valor1=metadata.deviceName
metadata.valor2=fecha.toLocaleDateString()
metadata.valor3=dateFormat 
metadata.valor4=msg.pH.toFixed(2)

if(parseFloat(msg.pH)> max){

    metadata.umbral_texto='Maximo'
    metadata.valor_umbral=max
 
    
}
if(parseFloat(msg.pH)< min){
    
   metadata.umbral_texto='Minimo'
   metadata.valor_umbral=min

    
}



return {msg: msg, metadata: metadata, msgType: msgType};"
PH Tantahuay Alarmas,date,TbJsFilterNode,not_a_formula,,,,,,,"nodo de filtro/switch (compuerta booleana o enrutamiento), no calcula un valor de telemetría","var fecha=new Date().getTime()


var horas=(fecha-parseFloat(metadata.ts))/3600000


if(horas<1){
    
    return true
}
else{
    
    return false
}"
PiezometerRC-V1,Convert Temperature if exist,TbTransformMsgNode,needs_manual_review,,,,,,,"contiene if/else o ternario -- tinyexpr no tiene control de flujo, requiere decisión manual de cómo modelarlo (o si corresponde partir en 2 fórmulas + alarma)","var devicename = metadata.deviceName;
var temp = parseFloat(msg.Temp);
//if (msg.hasOwnProperty('Temp')) {
    if (metadata.shared_unidad_temp == 'ohm') {
        var C0 = 1.40503E-03;
        var C1 = 2.36939E-04;
        var C3 = 1.01266E-07;
     
        
        if (temp > 0) {
            var tempLog = Math.log(temp);
            msg.Temp = 1 / (C3*Math.pow(tempLog, 3) + C1*tempLog + C0) - 273.15;
        } else {
            msg.Temp = ""NaN""; 
        }
       
    }
    else {
        if (devicename.split(""."")[0] == 'BR' || devicename.split(""."")[0] == 'ST') {
            if (temp <= 5.0 || temp >= 40.0) {
                metadata.with_temp = 'noTemp';
            }
            
        }
        
    }
//}

return { msg: msg, metadata: metadata, msgType: msgType };"
PiezometerRC-V1,Copy of Original Data,TbTransformMsgNode,needs_manual_review,,,,,,,"contiene if/else o ternario -- tinyexpr no tiene control de flujo, requiere decisión manual de cómo modelarlo (o si corresponde partir en 2 fórmulas + alarma)","msg.oriFreq = parseFloat(msg.Freq);
msg.oriTemp = parseFloat(msg.Temp);
if (isNaN(msg.oriFreq)) {
    msg.oriFreq = 'NaN';
}
if (isNaN(msg.oriTemp)) {
    msg.oriTemp = 'NaN';
}
return {msg: msg, metadata: metadata, msgType: msgType};"
PiezometerRC-V1,Is Freq NaN?,TbJsFilterNode,not_a_formula,,,,,,,"nodo de filtro/switch (compuerta booleana o enrutamiento), no calcula un valor de telemetría","if (msg.Freq === """" || msg.Freq === ""undefined"" || msg.Freq === ""NaN"" || msg.Freq === ""NAN"" || msg.Freq === null) {
    return true;
} else {
    return false;
}"
PiezometerRC-V1,Is Freq NaN?,TbJsFilterNode,not_a_formula,,,,,,,"nodo de filtro/switch (compuerta booleana o enrutamiento), no calcula un valor de telemetría","if (msg.Freq === """" || msg.Freq === ""undefined"" || msg.Freq === ""NaN"" || msg.Freq === ""NAN"" || msg.Freq === null) {
    return true;
} else {
    return false;
}"
PiezometerRC-V1,Is estado in message?,TbJsFilterNode,not_a_formula,,,,,,,"nodo de filtro/switch (compuerta booleana o enrutamiento), no calcula un valor de telemetría",return msg.hasOwnProperty('estado') && msg.estado === 'borrado';
PiezometerRC-V1,MCA < 0,TbTransformMsgNode,needs_manual_review,,,,,,,"contiene if/else o ternario -- tinyexpr no tiene control de flujo, requiere decisión manual de cómo modelarlo (o si corresponde partir en 2 fórmulas + alarma)","var tipo=metadata.deviceType;
if(tipo==""piezometer_equation"" || tipo==""piezometer"" ){
    var mca = parseFloat(msg.MCA);
    if (isFinite(mca) && mca <= 0) 
    {
     msg.ALT = ""Seco"";
    }
}

msg.cota_superficie=metadata.shared_cota_superficie;
msg.nivel_alerta=metadata.shared_nivel_alerta;
msg.nivel_peligro=metadata.shared_nivel_peligro;

return { msg: msg, metadata: metadata, msgType: msgType };"
PiezometerRC-V1,Main Formula,TbTransformMsgNode,needs_manual_review,,,,,,,"contiene if/else o ternario -- tinyexpr no tiene control de flujo, requiere decisión manual de cómo modelarlo (o si corresponde partir en 2 fórmulas + alarma)","var newMsg = {};
var result = 0;
var factor_unidad = 1;
var constante = 1;
var with_temp = true;
var offset = 0;
var offset_bunits = 0;
var var_c0 = 0;
var var_c1 = 0;
var var_c2 = 0;
var var_c3 = 0;
var var_c4 = 0;
var var_c5 = 0;
newMsg.Freq_original = parseFloat(msg.Freq);
if ((typeof metadata.shared_offset_bunits != 'undefined') && (parseFloat(metadata.shared_offset_bunits) !== 0.0)) {
    offset_bunits = parseFloat(metadata.shared_offset_bunits);
}
var Frecuencia = parseFloat(msg.Freq) + offset_bunits;
newMsg.Freq = parseFloat(Frecuencia);
if ((typeof msg.Temp == 'undefined') || (isNaN(msg.Temp)) || (msg.Temp == 'NaN') || (msg.Temp == 'NAN')) {
    with_temp = false;
}
if (metadata.with_temp == 'noTemp') {
    with_temp = false;
    metadata.with_temp = 'ok';
}
if ((typeof metadata.shared_offset != 'undefined') && (parseFloat(metadata.shared_offset) !== 0.0)) {
    offset = parseFloat(metadata.shared_offset);
}
if ((typeof metadata.shared_c0 != 'undefined') && (parseFloat(metadata.shared_c0) !== 0.0)) {
    var_c0 = parseFloat(metadata.shared_c0);
}
if ((typeof metadata.shared_c1 != 'undefined') && (parseFloat(metadata.shared_c1) !== 0.0)) {
    var_c1 = parseFloat(metadata.shared_c1);
}
if ((typeof metadata.shared_c2 != 'undefined') && (parseFloat(metadata.shared_c2) !== 0.0)) {
    var_c2 = parseFloat(metadata.shared_c2);
}
if ((typeof metadata.shared_c3 != 'undefined') && (parseFloat(metadata.shared_c3) !== 0.0)) {
    var_c3 = parseFloat(metadata.shared_c3);
}
if ((typeof metadata.shared_c4 != 'undefined') && (parseFloat(metadata.shared_c4) !== 0.0)) {
    var_c4 = parseFloat(metadata.shared_c4);
}
if ((typeof metadata.shared_c5 != 'undefined') && (parseFloat(metadata.shared_c5) !== 0.0)) {
    var_c5 = parseFloat(metadata.shared_c5);
}
if (metadata.shared_equation.substring(0, 6) == ""linear"") {
    //Linear A : P = G(R0 - Ri) + K(Ti - T0) + D
    //Linear B : P = G(Ri - R0) + K(Ti - T0) + D
    if (metadata.shared_equation == ""linear_a"") {
        //PARTE DE FORMULA: G(R0 - Ri)
        newMsg.resul_freq = ((parseFloat(metadata.shared_FreqIni) - parseFloat(Frecuencia)) * parseFloat(metadata.shared_cf));
    } else if (metadata.shared_equation == ""linear_b"") {
        //PARTE DE FORMULA: G(Ri - R0)
        newMsg.resul_freq = ((parseFloat(Frecuencia) - parseFloat(metadata.shared_FreqIni)) * parseFloat(metadata.shared_cf));
    }
    //PARTE DE FORMULA: K(Ti - T0)
    if (with_temp === true) {
        newMsg.resul_temp = ((parseFloat(msg.Temp) - parseFloat(metadata.shared_TempIni)) * parseFloat(metadata.shared_tk));
    } else {
        newMsg.resul_temp = parseFloat(0.0);
    }
    result = (newMsg.resul_freq + newMsg.resul_temp);
    // UNIDAD-VARIABLES KPA O MPA
    // SI ES MPA DEJAR NORMAL // SI ES KPA = DIVIDIR ENTRE 1000
    // MPA = KPA / 1000
    if (metadata.shared_unidad == ""KPA"") {
        factor_unidad = 0.001;
        constante = 101.972;
    }
    if (metadata.shared_unidad != ""METRO"") {
        constante = 101.972;
    }
    //16 Marzo Celda de asentamiento se quito factor unidad y constante
    if (metadata.deviceType == 'settlement-cell') {
        newMsg.MPA = result;
        newMsg.MCA = newMsg.MPA + offset; //Presion de poro 
    } else {
        newMsg.MPA = result * factor_unidad;
        newMsg.MCA = newMsg.MPA * constante + offset; //Presion de poro
    }
} else if (metadata.shared_equation == ""polynomial_a1"") {
    //10215 Factor de conversion de Bar to mm
    //1013 Factor de 1Atomosfera a milibares
    var var_a = parseFloat(metadata.shared_param_a);
    var var_b = parseFloat(metadata.shared_param_b);
    var var_c = parseFloat(metadata.shared_param_c);
    var Barom = parseFloat(msg.PressKpa); //kpa
    result = (10215 * ((1013 - (Barom * 10)) / 1000 + ((var_a * Math.pow(Frecuencia, 2) + var_b * Frecuencia + var_c) * 0.01))) - parseFloat(metadata.shared_carga_ini);
    newMsg.MPA = result * factor_unidad;
    newMsg.MCA = newMsg.MPA * constante + offset; //Presion de poro
} else if (metadata.shared_equation == ""polynomial_a"") {
    var var_a = parseFloat(metadata.shared_param_a);
    var var_b = parseFloat(metadata.shared_param_b);
    var var_c = parseFloat(metadata.shared_param_c);
    var var_tk = parseFloat(metadata.shared_tk);
    var var_TempIni = parseFloat(metadata.shared_TempIni);
    var Temp = parseFloat(msg.Temp);
    if (metadata.shared_unidad == ""KPA"") {
        newMsg.MPA = ((var_a * Math.pow(Frecuencia, 2)) + (var_b * Frecuencia) + var_c - (var_tk * (var_TempIni - Temp)));
        newMsg.MPA_brocal = ((var_a * Math.pow(Frecuencia, 2)) + (var_b * Frecuencia) + var_c - (var_tk * (var_TempIni - Temp))) / 1000;
        newMsg.MCA = newMsg.MPA * 0.101972 + offset; //Presion de poro
    }
    if (metadata.shared_unidad == ""MPA"") {
        newMsg.MPA = ((var_a * Math.pow(Frecuencia, 2)) + (var_b * Frecuencia) + var_c - (var_tk * (var_TempIni - Temp)));
        newMsg.MCA = newMsg.MPA * 101.972 + offset; //Presion de poro
    }
} else if (metadata.shared_equation == ""polynomial_comp"") {
    if (with_temp === false) {
        newMsg.Temp = 10 + Math.random(1);
        var Temp = parseFloat(newMsg.Temp);
    } else {
        var Temp = parseFloat(msg.Temp);
    }
    newMsg.MPA = var_c0 + var_c1 * Frecuencia + var_c2 * Temp + var_c3 * Math.pow(Frecuencia, 2) + var_c4 * Frecuencia * Temp + var_c5 * Math.pow(Temp, 2);
    newMsg.MCA = newMsg.MPA * 0.101972 + offset; //Presion de poro
}
/*Agrege MCA<0*/
var _mca = newMsg.MCA;
if (newMsg.MCA < 0) {
    _mca = 0;
}
// 17 Marzo Correccion del ALT en el caso settlement-cell
if (metadata.deviceType == 'settlement-cell') {
    newMsg.ALT_INSTALL = parseFloat(metadata.shared_altitud);
    newMsg.ALT = newMsg.ALT_INSTALL - Math.abs(newMsg.MCA);
} else {
    newMsg.ALT = _mca + parseFloat(metadata.shared_altitud);
    newMsg.ALT_INSTALL = parseFloat(metadata.shared_altitud);
}
newMsg.umbral1 = metadata.ss_umbral1;
newMsg.umbral2 = metadata.ss_umbral2;
newMsg.umbral3 = metadata.ss_umbral3;
newMsg.umbral4 = metadata.ss_umbral4;
newMsg.umbral5 = metadata.ss_umbral5;
//Variables ANEXO
if ((typeof metadata.shared_anexo1 != 'undefined')) {
    newMsg.anexo1 = metadata.shared_anexo1;
}
if ((typeof metadata.shared_anexo2 != 'undefined')) {
    newMsg.anexo2 = metadata.shared_anexo2;
}
if ((typeof metadata.shared_anexo3 != 'undefined')) {
    newMsg.anexo3 = metadata.shared_anexo3;
}
var condicional = 0;
if (metadata.ss_umbral_base_on == ""COTA"") {
    condicional = newMsg.ALT;
} else if (metadata.ss_umbral_base_on == ""MPA"") {
    condicional = newMsg.MPA;
} else if (metadata.ss_umbral_base_on == ""KPA"") {
    condicional = newMsg.MCA;
}
//Color de alerta
if (condicional < parseFloat(metadata.ss_umbral1)) {
    newMsg.alarmcolor = ""#00ff00"";
    newMsg.alarmname = ""OFF"";
    newMsg.alarmlevel = ""level0"";
} else if (condicional >= parseFloat(metadata.ss_umbral1) &&
    condicional < parseFloat(metadata.ss_umbral2)) {
    newMsg.alarmcolor = ""#4caf50"";
    newMsg.alarmname = ""ON"";
    newMsg.alarmlevel = ""level1"";
} else if (condicional >= parseFloat(metadata.ss_umbral2) &&
    condicional < parseFloat(metadata.ss_umbral3)) {
    newMsg.alarmcolor = ""#ffeb3b"";
    newMsg.alarmname = ""ON"";
    newMsg.alarmlevel = ""level2"";
} else if (condicional >= parseFloat(metadata.ss_umbral3) &&
    condicional < parseFloat(metadata.ss_umbral4)) {
    newMsg.alarmcolor = ""#f44336"";
    newMsg.alarmname = ""ON"";
    newMsg.alarmlevel = ""level3"";
} else if (condicional >= parseFloat(metadata.ss_umbral4) &&
    condicional < parseFloat(metadata.ss_umbral5)) {
    newMsg.alarmcolor = ""#f44336"";
    newMsg.alarmname = ""ON"";
    newMsg.alarmlevel = ""level4"";
} else if (condicional >= parseFloat(metadata.ss_umbral5) &&
    parseFloat(metadata.ss_umbral5) > 0) {
    newMsg.alarmcolor = ""#9c27b0"";
    newMsg.alarmname = ""ON"";
    newMsg.alarmlevel = ""level5"";
} else {
    newMsg.alarmlevel = ""level9"";
    newMsg.alarmcolor = ""#00ff00"";
    newMsg.alarmname = ""OFF"";
}
newMsg.timestamp = metadata.ts;
metadata.ALT = newMsg.ALT;
metadata.MPA = newMsg.MPA;
newMsg.shared_unidad = metadata.shared_unidad;
newMsg.shared_cf = metadata.shared_cf
newMsg.shared_FreqIni = metadata.shared_FreqIni
newMsg.factor_unidad = factor_unidad
newMsg.offset_bunits = offset_bunits
if (newMsg.Temp == ""NaN"" || newMsg.Temp == ""NAN"") {
    newMsg.Temp = 10
}
return {
    msg: newMsg,
    metadata: metadata,
    msgType: msgType
};"
PiezometerRC-V1,Only Piezo y Celda,TbJsFilterNode,not_a_formula,,,,,,,"nodo de filtro/switch (compuerta booleana o enrutamiento), no calcula un valor de telemetría","if ((typeof metadata.deviceType !== 'undefined') && ((metadata.deviceType == 'piezometer') || (metadata.deviceType == 'settlement-cell'))) {
    return true;
} else {
    return false;
}"
PiezometerRC-V1,Temp Correction,TbTransformMsgNode,needs_manual_review,,,,,,,"contiene if/else o ternario -- tinyexpr no tiene control de flujo, requiere decisión manual de cómo modelarlo (o si corresponde partir en 2 fórmulas + alarma)","if (msg.Temp === """" || msg.Temp === ""undefined"" || msg.Temp === ""NaN"" || msg.Temp === ""NAN"") {
    msg.Temp = 10;
}
return { msg: msg, metadata: metadata, msgType: msgType };"
PiezometerRC-V1,Temp Validation,TbJsFilterNode,not_a_formula,,,,,,,"nodo de filtro/switch (compuerta booleana o enrutamiento), no calcula un valor de telemetría","if (msg.oriTemp == 'NaN') {
    return false;
} else {
    return true;
}"
PiezometerRC-V1,Tipo de dispositivo,TbJsSwitchNode,not_a_formula,,,,,,,"nodo de filtro/switch (compuerta booleana o enrutamiento), no calcula un valor de telemetría","var tipo=metadata.deviceType

if(tipo==""piezometer_equation""){
    return ['piezometro'];
}
if(tipo==""piezometer""){
    return ['piezometro'];
}"
PiezometerRC-V2,"""Linear A"" Equation",TbTransformMsgNode,needs_manual_review,,,,,,,"contiene if/else o ternario -- tinyexpr no tiene control de flujo, requiere decisión manual de cómo modelarlo (o si corresponde partir en 2 fórmulas + alarma)","/*
PARTE DE FORMULA: G(R0 - Ri)
newMsg.resul_freq = ((parseFloat(metadata.shared_FreqIni) - parseFloat(Frecuencia)) * parseFloat(metadata.shared_cf));
*/
var newMsg = {};
var constante = 1;
var factor_unidad = 1;
var mca = 0;
var freq = parseFloat(msg.Freq);
if ((typeof msg.Temp == 'undefined') || isNaN(msg.Temp) || (msg.Temp == 'NaN') || (msg.Temp == 'NAN')) {
    var temp = 10.13;
} else {
    var temp = parseFloat(msg.Temp);
}
var deviceType = metadata.deviceType;
var unidad = metadata.shared_unidad;
var freqIni = parseFloat(metadata.shared_FreqIni);
var tempIni = parseFloat(metadata.shared_TempIni);
var tk = parseFloat(metadata.shared_tk);
var cf = parseFloat(metadata.shared_cf);
var altitud = parseFloat(metadata.shared_altitud);
var offset = parseFloat(metadata.shared_offset);
newMsg.TempIni = tempIni;
newMsg.FreqIni = freqIni;
newMsg.Temp = temp;
//newMsg.Freq_original = freq;
newMsg.resul_freq = (freqIni - freq) * cf;
newMsg.resul_temp = (temp - tempIni) * tk;
newMsg.resul = newMsg.resul_freq + newMsg.resul_temp;
if (unidad === 'KPA') {
    constante = 101.972;
    factor_unidad = 0.001;
}
newMsg.MPA = newMsg.resul * factor_unidad;
newMsg.MCA_original = newMsg.MPA * constante;
newMsg.MCA = newMsg.MCA_original + offset;
if (newMsg.MCA > 0) {
    mca = newMsg.MCA;
}
newMsg.ALT_INSTALL = altitud;
if (deviceType === 'settlement-cell') {
    newMsg.ALT = newMsg.ALT_INSTALL - Math.abs(newMsg.MCA);
} else {
    newMsg.ALT = newMsg.ALT_INSTALL + mca;
}
return { msg: newMsg, metadata: metadata, msgType: msgType };"
PiezometerRC-V2,"""Linear B"" Equation",TbTransformMsgNode,needs_manual_review,,,,,,,"contiene if/else o ternario -- tinyexpr no tiene control de flujo, requiere decisión manual de cómo modelarlo (o si corresponde partir en 2 fórmulas + alarma)","/*
PARTE DE FORMULA: G(Ri - R0)
newMsg.resul_freq = ((parseFloat(Frecuencia) - parseFloat(metadata.shared_FreqIni)) * parseFloat(metadata.shared_cf));
*/
var newMsg = {};
var deviceType = metadata.deviceType;
var unidad = metadata.shared_unidad;
var freq = parseFloat(msg.Freq);
var temp = parseFloat(msg.Temp);
var freqIni = parseFloat(metadata.shared_FreqIni);
var tempIni = parseFloat(metadata.shared_TempIni);
var tk = parseFloat(metadata.shared_tk);
var cf = parseFloat(metadata.shared_cf);
var altitud = parseFloat(metadata.shared_altitud);
var offset = parseFloat(metadata.shared_offset);
var constante = 1;
var factor_unidad = 1;
var mca = 0;
newMsg.Temp = temp;
//newMsg.Freq_original = freq;
if (typeof metadata.shared_offset_bunits != undefined) {
    var offsetBunits = parseFloat(metadata.shared_offset_bunits);
    freq = freq + offsetBunits;
    newMsg.Freq = freq;
}
newMsg.resul_freq = (freq - freqIni) * cf;
newMsg.resul_temp = (temp - tempIni) * tk;
newMsg.resul = newMsg.resul_freq + newMsg.resul_temp;
if (unidad === 'KPA') {
    constante = 101.972;
    factor_unidad = 0.001;
}
if (deviceType === 'settlement-cell') {
    newMsg.MPA = newMsg.resul;
    newMsg.MCA = newMsg.MPA;
} else {
    newMsg.MPA = newMsg.resul * factor_unidad;
    newMsg.MCA = newMsg.MPA * constante + offset;
}
if (newMsg.MCA > 0) {
    mca = newMsg.MCA;
}
newMsg.ALT_INSTALL = altitud;
if (deviceType === 'settlement-cell') {
    newMsg.ALT = newMsg.ALT_INSTALL - Math.abs(newMsg.MCA);
} else {
    newMsg.ALT = newMsg.ALT_INSTALL + mca;
}
return { msg: newMsg, metadata: metadata, msgType: msgType };"
PiezometerRC-V2,"""Linear C"" Equation",TbTransformMsgNode,needs_manual_review,,,,,,,"contiene if/else o ternario -- tinyexpr no tiene control de flujo, requiere decisión manual de cómo modelarlo (o si corresponde partir en 2 fórmulas + alarma)","var newMsg = {};
var deviceType = metadata.deviceType;
var unidad = metadata.shared_unidad;
var freq = parseFloat(msg.Freq);
var temp = parseFloat(msg.Temp);
var freqIni = parseFloat(metadata.shared_FreqIni);
var tempIni = parseFloat(metadata.shared_TempIni);
var tk = parseFloat(metadata.shared_tk);
var cf = parseFloat(metadata.shared_cf);
var altitud = parseFloat(metadata.shared_altitud);
var offset = parseFloat(metadata.shared_offset);
var factor_conv_up_to_mca = parseFloat(metadata.shared_factor_conv_up_to_mca);
var kpa = 0.101972;
var mpa = 101.972;
var mca = 0;
newMsg.Temp = temp;
//newMsg.Freq_original = freq;
newMsg.resul_freq = (freqIni - freq) * cf;
newMsg.resul_temp = (temp - tempIni) * tk;
newMsg.resul = newMsg.resul_freq + newMsg.resul_temp;
if (unidad === 'KPA') {
    if (isNaN(factor_conv_up_to_mca) || factor_conv_up_to_mca <= 0 || factor_conv_up_to_mca >= 1) {
        factor_conv_up_to_mca = kpa;
    }
} else if (unidad === 'MPA') {
    if (isNaN(factor_conv_up_to_mca) || factor_conv_up_to_mca <= 100) {
        factor_conv_up_to_mca = mpa;
    }
}
newMsg.MPA = newMsg.resul + offset;
newMsg.MCA = newMsg.MPA * factor_conv_up_to_mca;
if (newMsg.MCA > 0) {
    mca = newMsg.MCA;
}
newMsg.ALT_INSTALL = altitud;
if (deviceType === 'settlement-cell') {
    newMsg.ALT = newMsg.ALT_INSTALL - newMsg.MCA;
} else {
    newMsg.ALT = newMsg.ALT_INSTALL + mca;
}
return { msg: newMsg, metadata: metadata, msgType: msgType };"
PiezometerRC-V2,"""Linear C1"" Equation",TbTransformMsgNode,needs_manual_review,,,,,,,"contiene if/else o ternario -- tinyexpr no tiene control de flujo, requiere decisión manual de cómo modelarlo (o si corresponde partir en 2 fórmulas + alarma)","var newMsg = {};
var deviceType = metadata.deviceType;
var unidad = metadata.shared_unidad;
var freq = parseFloat(msg.Freq);
var temp = parseFloat(msg.Temp);
var freqIni = parseFloat(metadata.shared_FreqIni);
var tempIni = parseFloat(metadata.shared_TempIni);
var tk = parseFloat(metadata.shared_tk);
var cf = parseFloat(metadata.shared_cf);
var altitud = parseFloat(metadata.shared_altitud);
var offset = parseFloat(metadata.shared_offset);
var factor_conv_up_to_mca = parseFloat(metadata.shared_factor_conv_up_to_mca);
var kpa = 0.101972;
var mpa = 101.972;
var mca = 0;
newMsg.Temp = temp;
//newMsg.Freq_original = freq;
newMsg.resul_freq = (freq - freqIni) * cf;
newMsg.resul_temp = (temp - tempIni) * tk;
newMsg.resul = newMsg.resul_freq + newMsg.resul_temp;
if (unidad === 'KPA') {
    if (isNaN(factor_conv_up_to_mca) || factor_conv_up_to_mca <= 0 || factor_conv_up_to_mca >= 1) {
        factor_conv_up_to_mca = kpa;
    }
} else if (unidad === 'MPA') {
    if (isNaN(factor_conv_up_to_mca) || factor_conv_up_to_mca <= 100) {
        factor_conv_up_to_mca = mpa;
    }
}
newMsg.MPA = newMsg.resul + offset;
newMsg.MCA = newMsg.MPA * factor_conv_up_to_mca;
if (newMsg.MCA > 0) {
    mca = newMsg.MCA;
}
newMsg.ALT_INSTALL = altitud;
if (deviceType === 'settlement-cell') {
    newMsg.ALT = newMsg.ALT_INSTALL - newMsg.MCA;
} else {
    newMsg.ALT = newMsg.ALT_INSTALL + mca;
}
return { msg: newMsg, metadata: metadata, msgType: msgType };"
PiezometerRC-V2,"""Linear D"" Equation",TbTransformMsgNode,needs_manual_review,,,,,,,"contiene if/else o ternario -- tinyexpr no tiene control de flujo, requiere decisión manual de cómo modelarlo (o si corresponde partir en 2 fórmulas + alarma)","var newMsg = {};
var freq = parseFloat(msg.Freq);
var temp = parseFloat(msg.Temp);
var deviceType = metadata.deviceType;
var unidad = metadata.shared_unidad;
var freqIni = parseFloat(metadata.shared_FreqIni);
var tempIni = parseFloat(metadata.shared_TempIni);
var tk = parseFloat(metadata.shared_tk);
var cf = parseFloat(metadata.shared_cf);
var altitud = parseFloat(metadata.shared_altitud);
var p = 101971.6;
var mca = 0;
newMsg.Temp = temp;
//newMsg.Freq_original = freq;
newMsg.resul_freq = (freqIni - freq) * cf;
newMsg.resul_temp = (temp - tempIni) * tk;
newMsg.resul = newMsg.resul_freq + newMsg.resul_temp;
if (unidad === 'KPA') {
    p = p / 1000;
}
if (temp < 4) {
    newMsg.densidad = 999.87 + (temp / 4) * 0.13;
} else if (4 <= temp < 10) {
    newMsg.densidad = 1000 - ((temp - 4) / 6) * 0.27;
} else if (10 <= temp < 20) {
    newMsg.densidad = 999.73 - ((temp - 10) / 10) * 0.5;
} else if (20 <= temp < 25) {
    newMsg.densidad = 998.23 - ((temp - 20) / 5) * 1.15;
} else if (25 <= temp < 30) {
    newMsg.densidad = 997.08 - ((temp - 25) / 5) * 1.4;
} else if (30 <= temp < 40) {
    newMsg.densidad = 993.68 - ((temp - 30) / 10) * 3.43;
}
newMsg.presionKg = newMsg.resul * p;
newMsg.MPA = newMsg.resul;
newMsg.MCA = newMsg.presionKg / newMsg.densidad;
if (newMsg.MCA > 0) {
    mca = newMsg.MCA;
}
newMsg.ALT_INSTALL = altitud;
if (deviceType === 'settlement-cell') {
    newMsg.ALT = newMsg.ALT_INSTALL - newMsg.MCA;
} else {
    newMsg.ALT = newMsg.ALT_INSTALL + mca;
}
return { msg: newMsg, metadata: metadata, msgType: msgType };"
PiezometerRC-V2,"""Linear E"" Equation",TbTransformMsgNode,needs_manual_review,,,,,,,"contiene if/else o ternario -- tinyexpr no tiene control de flujo, requiere decisión manual de cómo modelarlo (o si corresponde partir en 2 fórmulas + alarma)","var newMsg = {};
var deviceType = metadata.deviceType;
var unidad = metadata.shared_unidad;
var freq = parseFloat(msg.Freq);
var temp = parseFloat(msg.Temp);
var freqIni = parseFloat(metadata.shared_FreqIni);
var tempIni = parseFloat(metadata.shared_TempIni);
var tk = parseFloat(metadata.shared_tk);
var cf = parseFloat(metadata.shared_cf);
var altitud = parseFloat(metadata.shared_altitud);
var offset = parseFloat(metadata.shared_offset);
var pres_bar_ini = parseFloat(metadata.shared_pres_bar_ini);
var pres_bar = parseFloat(metadata.shared_pres_bar);
var factor_conv_up_to_mca = parseFloat(metadata.shared_factor_conv_up_to_mca);
var kpa = 0.101972;
var mpa = 101.972;
var mca = 0;
newMsg.Temp = temp;
//newMsg.Freq_original = freq;
newMsg.resul_freq = (freqIni - freq) * cf + (pres_bar_ini - pres_bar) * 0.0001;
newMsg.resul_temp = (temp - tempIni) * tk;
newMsg.resul = newMsg.resul_freq + newMsg.resul_temp;
if (unidad === 'KPA') {
    if (isNaN(factor_conv_up_to_mca) || factor_conv_up_to_mca <= 0 || factor_conv_up_to_mca >= 1) {
        factor_conv_up_to_mca = kpa;
    }
} else if (unidad === 'MPA') {
    if (isNaN(factor_conv_up_to_mca) || factor_conv_up_to_mca <= 100) {
        factor_conv_up_to_mca = mpa;
    }
}
newMsg.MPA = newMsg.resul + offset;
newMsg.MCA = newMsg.MPA * factor_conv_up_to_mca;
if (newMsg.MCA > 0) {
    mca = newMsg.MCA;
}
newMsg.ALT_INSTALL = altitud;
if (deviceType === 'settlement-cell') {
    newMsg.ALT = newMsg.ALT_INSTALL - newMsg.MCA;
} else {
    newMsg.ALT = newMsg.ALT_INSTALL + mca;
}
return { msg: newMsg, metadata: metadata, msgType: msgType };"
PiezometerRC-V2,"""Linear Geokon PSI a KPA- MPA"" Equation",TbTransformMsgNode,needs_manual_review,,,,,,,"contiene if/else o ternario -- tinyexpr no tiene control de flujo, requiere decisión manual de cómo modelarlo (o si corresponde partir en 2 fórmulas + alarma)","// Creando nuevo mensaje para su transformada:
var newMsg = {};
// Constantes:
var psi_to_mpa = 0.006894757;
var psi_to_kpa = 6.894757;

var mca = 0;
// Lectura de datos entrantes para cálculos desde Center:
var freq = parseFloat(msg.Freq);
var temp = parseFloat(msg.Temp);
// Lectura de metadatos provenientes de los parámetros de Center:
var unidadFin = metadata.shared_unidadFin;
var freqIni = parseFloat(metadata.shared_FreqIni);
var tempIni = parseFloat(metadata.shared_TempIni);
var tk = parseFloat(metadata.shared_tk);
var cf = parseFloat(metadata.shared_cf);
var altitud = parseFloat(metadata.shared_altitud);
var factor_conv_up_to_mca = parseFloat(metadata.shared_factor_conv_up_to_mca);
// Cálculo de datos salientes por guardar en Board:
newMsg.resul_freq = (freqIni  - freq) * cf;
newMsg.resul_temp = (tempIni  - temp) * tk;
newMsg.resul = newMsg.resul_freq - newMsg.resul_temp;
newMsg.MPA_ini = newMsg.resul;
// Se convierte la Presión de Kpa o Mpa:
if (unidadFin === 'KPA') {
    newMsg.MPA = newMsg.MPA_ini * psi_to_kpa;
    if (factor_conv_up_to_mca === 0 || isNaN(factor_conv_up_to_mca)) {
        factor_conv_up_to_mca = 0.101974;
    }
    newMsg.MCA = newMsg.MPA * factor_conv_up_to_mca;
} else if (unidadFin === 'MPA') {
    newMsg.MPA = newMsg.MPA_ini * psi_to_mpa;
    if (factor_conv_up_to_mca === 0 || isNaN(factor_conv_up_to_mca)) {
        factor_conv_up_to_mca = 101.974;
    }
    newMsg.MCA = newMsg.MPA * factor_conv_up_to_mca;
}
// Se verifica que el factor de conversión de Presión de Poros a Metro de Columna de Agua sea el correcto:

// NOTA: El técnico se debe asegurar de que coincida el valor del factor_conv_up_to_mca.
// Conversión de Presión de Poros a Metro de Columna de Agua:
if (newMsg.MCA > 0) {
    mca = newMsg.MCA;
}
newMsg.ALT_INSTALL = altitud;
newMsg.ALT = newMsg.ALT_INSTALL + mca;

// Retorno del nuevo mensaje:
return { msg: newMsg, metadata: metadata, msgType: msgType };"
PiezometerRC-V2,"""Linear Geokon PSI"" Equation",TbTransformMsgNode,needs_manual_review,,,,,,,"contiene if/else o ternario -- tinyexpr no tiene control de flujo, requiere decisión manual de cómo modelarlo (o si corresponde partir en 2 fórmulas + alarma)","// Creando nuevo mensaje para su transformada:
var newMsg = {};
// Constantes:
var mpa_to_psi = 145.038;
var kpa_to_psi = 0.145038;
var psi_to_mca = 0.703546662568367; // 1/1.42=0.7042253521

var mca = 0;
// Lectura de datos entrantes para cálculos desde Center:
var freq = parseFloat(msg.Freq);
var temp = parseFloat(msg.Temp);
// Lectura de metadatos provenientes de los parámetros de Center:
var deviceType = metadata.ss_type;
var unidad = metadata.shared_unidad;
var freqIni = parseFloat(metadata.shared_FreqIni);
var tempIni = parseFloat(metadata.shared_TempIni);
var tk = parseFloat(metadata.shared_tk);
var cf = parseFloat(metadata.shared_cf);
var altitud = parseFloat(metadata.shared_altitud);
var factor_conv_up_to_mca = parseFloat(metadata.shared_factor_conv_up_to_mca);
// Cálculo de datos salientes por guardar en Board:
newMsg.resul_freq = (freq - freqIni) * cf;
newMsg.resul_temp = (temp - tempIni) * tk;
newMsg.resul = newMsg.resul_freq + newMsg.resul_temp;
newMsg.MPA = newMsg.resul;
// Se convierte la Presión de Poros a PSI:
if (unidad === 'KPA') {
    newMsg.MPA = newMsg.MPA * kpa_to_psi;
} else if (unidad === 'MPA') {
    newMsg.MPA = newMsg.MPA * mpa_to_psi;
}
// Se verifica que el factor de conversión de Presión de Poros a Metro de Columna de Agua sea el correcto:
if (factor_conv_up_to_mca === 0 || isNaN(factor_conv_up_to_mca)) {
    factor_conv_up_to_mca = psi_to_mca;
}
// NOTA: El técnico se debe asegurar de que coincida el valor del factor_conv_up_to_mca.
// Conversión de Presión de Poros a Metro de Columna de Agua:
newMsg.MCA = newMsg.MPA * factor_conv_up_to_mca;
if (newMsg.MCA > 0) {
    mca = newMsg.MCA;
}
newMsg.ALT_INSTALL = altitud;
if (deviceType === 'settlement-cell') {
    newMsg.ALT = newMsg.ALT_INSTALL - Math.abs(newMsg.MCA);
    newMsg.ElevacionFinal = newMsg.ALT_INSTALL - newMsg.MPA;
    newMsg.Asentamiento = newMsg.ALT_INSTALL - newMsg.ElevacionFinal;
} else {
    newMsg.ALT = newMsg.ALT_INSTALL + mca;
}
// Retorno del nuevo mensaje:
return { msg: newMsg, metadata: metadata, msgType: msgType };"
PiezometerRC-V2,"""Linear Geokon"" Equation",TbTransformMsgNode,needs_manual_review,,,,,,,"contiene if/else o ternario -- tinyexpr no tiene control de flujo, requiere decisión manual de cómo modelarlo (o si corresponde partir en 2 fórmulas + alarma)","var newMsg = {};
var factorConvUpToMca = 1;
var mca = 0;
var freq = parseFloat(msg.Freq);
var temp = parseFloat(msg.Temp);
var freqIni = parseFloat(metadata.shared_FreqIni);
var tempIni = parseFloat(metadata.shared_TempIni);
var tk = parseFloat(metadata.shared_tk);
var cf = parseFloat(metadata.shared_cf);
var altitud = parseFloat(metadata.shared_altitud);
var offset = parseFloat(metadata.shared_offset);
var inputTemp = parseFloat(metadata.shared_inputTemp);
var inputTempCorreccion= parseFloat(metadata.shared_inputTempCorreccion);
//var inputTempCorreccion=11
var devicename = metadata.deviceName;
var criteria = metadata.shared_criteria;
var unidad = metadata.shared_unidad;
// Revisar si es Boroo Misquichilca:
if (devicename.split(""."")[0] === 'BM') {
    if (!isNaN(inputTemp) && inputTemp > 0) {
        // Cambio a Temperatura constante (2025-05-09) Solicitud.
        temp = inputTemp;
        newMsg.Temp = temp;
    }
     if (!isNaN(inputTempCorreccion) )
     {
         if (parseFloat(msg.Temp) < inputTempCorreccion) {
            temp = inputTempCorreccion;
            newMsg.Temp=temp
            newMsg.Tempdetalle='correccion de temp'
        }
     }
    
}
// Presión de poros (CF y Tk determinan la unidad resultante).
newMsg.MPA = ((freq - freqIni) * cf) + ((temp - tempIni) * tk);
if (criteria === 'negatedCf') {
    newMsg.MPA = ((freqIni - freq) * cf) + ((temp - tempIni) * tk);
}
if (unidad === 'KPA') {
    factorConvUpToMca = 0.1019744;
} else if (unidad === 'MPA') {
    factorConvUpToMca = 101.9744;
} else if (unidad === 'PSI') {
    factorConvUpToMca = 0.703546663;
}
newMsg.MCA = newMsg.MPA * factorConvUpToMca + offset;
if (newMsg.MCA > 0) {
    mca = newMsg.MCA;
}
newMsg.PsPoros = newMsg.MPA;
newMsg.MtColAgua = newMsg.MCA;
newMsg.ALT = altitud + mca;

return { msg: newMsg, metadata: metadata, msgType: msgType };"
PiezometerRC-V2,"""Linear RST PSI"" equation",TbTransformMsgNode,needs_manual_review,,,,,,,"contiene if/else o ternario -- tinyexpr no tiene control de flujo, requiere decisión manual de cómo modelarlo (o si corresponde partir en 2 fórmulas + alarma)","// Creando nuevo mensaje para su transformada:
var newMsg = {};
// Constantes:
var mpa_to_psi = 145.038;
var kpa_to_psi = 0.145038;
var psi_to_mca = 0.703546662568367;
var mca = 0;
// Lectura de datos entrantes para cálculos desde Center:
var freq = parseFloat(msg.Freq);
var temp = parseFloat(msg.Temp);
// Lectura de metadatos provenientes de los parámetros de Center:
var deviceType = metadata.ss_type;
var unidad = metadata.shared_unidad;
var freqIni = parseFloat(metadata.shared_FreqIni);
var tempIni = parseFloat(metadata.shared_TempIni);
var tk = parseFloat(metadata.shared_tk);
var cf = parseFloat(metadata.shared_cf);
var altitud = parseFloat(metadata.shared_altitud);
var factor_conv_up_to_mca = parseFloat(metadata.shared_factor_conv_up_to_mca);
// Cálculo de datos salientes por guardar en Board:
newMsg.resul_freq = (freqIni - freq) * cf;
newMsg.resul_temp = (tempIni - temp) * tk;
newMsg.resul = newMsg.resul_freq - newMsg.resul_temp;
newMsg.MPA = newMsg.resul;
// Se convierte la Presión de Poros a PSI:
if (unidad === 'KPA') {
    newMsg.MPA = newMsg.MPA * kpa_to_psi;
} else if (unidad === 'MPA') {
    newMsg.MPA = newMsg.MPA * mpa_to_psi;
}
// Se verifica que el factor de conversión de Presión de Poros a Metro de Columna de Agua sea el correcto:
if (factor_conv_up_to_mca === 0 || isNaN(factor_conv_up_to_mca)) {
    factor_conv_up_to_mca = psi_to_mca;
}
// NOTA: El técnico se debe asegurar de que coincida el valor del factor_conv_up_to_mca.
// Conversión de Presión de Poros a Metro de Columna de Agua:
newMsg.MCA = newMsg.MPA * factor_conv_up_to_mca;
if (newMsg.MCA > 0) {
    mca = newMsg.MCA;
}
newMsg.ALT_INSTALL = altitud;
if (deviceType === 'settlement-cell') {
    newMsg.ALT = newMsg.ALT_INSTALL - Math.abs(newMsg.MCA);
    newMsg.ElevacionFinal = newMsg.ALT_INSTALL - newMsg.MPA;
    newMsg.Asentamiento = newMsg.ALT_INSTALL - newMsg.ElevacionFinal;
} else {
    newMsg.ALT = newMsg.ALT_INSTALL + mca;
}
return { msg: newMsg, metadata: metadata, msgType: msgType };"
PiezometerRC-V2,"""Linear Soil Instruments"" Equation",TbTransformMsgNode,needs_manual_review,,,,,,,"contiene if/else o ternario -- tinyexpr no tiene control de flujo, requiere decisión manual de cómo modelarlo (o si corresponde partir en 2 fórmulas + alarma)","/*
Fórmula para Soil Instruments | Piezometer.
Pp = G(R0 - R1)
*/
var newMsg = {};
var unidad = metadata.shared_unidad;
var freq = parseFloat(msg.Freq);
var freqIni = parseFloat(metadata.shared_FreqIni);
var cf = parseFloat(metadata.shared_cf);
var altitud = parseFloat(metadata.shared_altitud);
var factor_conv_up_to_mca = parseFloat(metadata.shared_factor_conv_up_to_mca);
var kpa = 0.101974;
var mpa = 101.974;
var mca = 0;
newMsg.MPA = cf * (freqIni - freq);
if (unidad === 'KPA') {
    if (isNaN(factor_conv_up_to_mca) || factor_conv_up_to_mca <= 0 || factor_conv_up_to_mca >= 1) {
        factor_conv_up_to_mca = kpa;
    }
} else if (unidad === 'MPA') {
    if (isNaN(factor_conv_up_to_mca) || factor_conv_up_to_mca <= 100) {
        factor_conv_up_to_mca = mpa;
    }
}
newMsg.MCA = newMsg.MPA * factor_conv_up_to_mca;
if (newMsg.MCA > 0) {
    mca = newMsg.MCA;
}
newMsg.ALT_INSTALL = altitud;
newMsg.ALT = altitud + mca;
return { msg: newMsg, metadata: metadata, msgType: msgType };"
PiezometerRC-V2,"""Linear"" Equation",TbTransformMsgNode,needs_manual_review,,,,,,,"contiene if/else o ternario -- tinyexpr no tiene control de flujo, requiere decisión manual de cómo modelarlo (o si corresponde partir en 2 fórmulas + alarma)","var newMsg = {};
var deviceType = metadata.ss_type;
var unidad = metadata.shared_unidad;
var freq = parseFloat(msg.Freq);
var temp = parseFloat(msg.Temp);
var freqIni = parseFloat(metadata.shared_FreqIni);
var tempIni = parseFloat(metadata.shared_TempIni);
var tk = parseFloat(metadata.shared_tk);
var cf = parseFloat(metadata.shared_cf);
var altitud = parseFloat(metadata.shared_altitud);
var factor_conv_up_to_mca = parseFloat(metadata.shared_factor_conv_up_to_mca);
var kpa = 0.101972;
var mpa = 101.972;
var psi = 0.703546662568367;
var mca = 0;
newMsg.Temp = temp;
newMsg.resul_freq = (freqIni - freq) * cf;
newMsg.resul_temp = (tempIni - temp) * tk;
newMsg.resul = newMsg.resul_freq - newMsg.resul_temp;
if (unidad === 'KPA') {
    if (isNaN(factor_conv_up_to_mca) || factor_conv_up_to_mca <= 0 || factor_conv_up_to_mca >= 1) {
        factor_conv_up_to_mca = kpa;
    }
} else if (unidad === 'MPA') {
    if (isNaN(factor_conv_up_to_mca) || factor_conv_up_to_mca <= 100) {
        factor_conv_up_to_mca = mpa;
    }
} else if (unidad === 'PSI') {
    if (isNaN(factor_conv_up_to_mca) || factor_conv_up_to_mca <= 0 || factor_conv_up_to_mca >= 1) {
        factor_conv_up_to_mca = psi;
    }
}
newMsg.MPA = newMsg.resul;
newMsg.MCA = newMsg.MPA * factor_conv_up_to_mca;
if (newMsg.MCA > 0) {
    mca = newMsg.MCA;
}
newMsg.ALT_INSTALL = altitud;
if (deviceType === 'settlement-cell') {
    newMsg.ALT = newMsg.ALT_INSTALL - Math.abs(newMsg.MCA);
    newMsg.ElevacionFinal = newMsg.ALT_INSTALL - newMsg.MPA;
    newMsg.Asentamiento = newMsg.ALT_INSTALL - newMsg.ElevacionFinal;
} else {
    newMsg.ALT = newMsg.ALT_INSTALL + mca;
}
return { msg: newMsg, metadata: metadata, msgType: msgType };"
PiezometerRC-V2,"""Linear_GF"" Equation",TbTransformMsgNode,needs_manual_review,,,,,,,"contiene if/else o ternario -- tinyexpr no tiene control de flujo, requiere decisión manual de cómo modelarlo (o si corresponde partir en 2 fórmulas + alarma)","//Ecuacion hecha para dispositivos de GF, pertenecientes a geotecnia y movidos a M.A
var newMsg = {};
var deviceType = metadata.ss_type;
var unidad = metadata.shared_unidad;
var freq = parseFloat(msg.Freq);
var temp = parseFloat(msg.Temp);
var freqIni = parseFloat(metadata.shared_FreqIni);
var tempIni = parseFloat(metadata.shared_TempIni);
var tk = parseFloat(metadata.shared_tk);
var cf = parseFloat(metadata.shared_cf);
var altitud = parseFloat(metadata.shared_altitud);
var cota_superficie = parseFloat(metadata.shared_cota_superficie);
var factor_conv_up_to_mca = parseFloat(metadata.shared_factor_conv_up_to_mca);
var kpa = 0.101972;
var mpa = 101.972;
var psi = 0.703546662568367;
var mca = 0;
if(metadata.deviceName =='GF.PZ VW-1703'){
temp=10.98189;}
newMsg.Temp = temp;
newMsg.resul_freq = (freqIni - freq) * cf;
newMsg.resul_temp = (tempIni - temp) * tk;
newMsg.resul = newMsg.resul_freq - newMsg.resul_temp;
if (unidad === 'KPA') {
    if (isNaN(factor_conv_up_to_mca) || factor_conv_up_to_mca <= 0 || factor_conv_up_to_mca >= 1) {
        factor_conv_up_to_mca = kpa;
    }
} else if (unidad === 'MPA') {
    if (isNaN(factor_conv_up_to_mca) || factor_conv_up_to_mca <= 100) {
        factor_conv_up_to_mca = mpa;
    }
} else if (unidad === 'PSI') {
    if (isNaN(factor_conv_up_to_mca) || factor_conv_up_to_mca <= 0 || factor_conv_up_to_mca >= 1) {
        factor_conv_up_to_mca = psi;
    }
}
newMsg.MPA = newMsg.resul;
newMsg.MCA = newMsg.MPA * factor_conv_up_to_mca;
if (newMsg.MCA > 0) {
    mca = newMsg.MCA;
}
newMsg.ALT_INSTALL = altitud;
newMsg.ALT = newMsg.ALT_INSTALL + mca;
newMsg.NF = cota_superficie - newMsg.ALT;

return { msg: newMsg, metadata: metadata, msgType: msgType };"
PiezometerRC-V2,"""Polynomial A"" Equation",TbTransformMsgNode,needs_manual_review,,,,,,,"contiene if/else o ternario -- tinyexpr no tiene control de flujo, requiere decisión manual de cómo modelarlo (o si corresponde partir en 2 fórmulas + alarma)","var mca = 0;
var kpa = 0.1019744;
var mpa = 101.9744;
var newMsg = {};
var freq = parseFloat(msg.Freq);
var temp = parseFloat(msg.Temp);
var unidad = String(metadata.shared_unidad);
var tempIni = parseFloat(metadata.shared_TempIni);
var tk = parseFloat(metadata.shared_tk);
var paramA = parseFloat(metadata.shared_param_a);
var paramB = parseFloat(metadata.shared_param_b);
var paramC = parseFloat(metadata.shared_param_c);
var altitud = parseFloat(metadata.shared_altitud);
var offset = parseFloat(metadata.shared_offset);
var factor_conv_up_to_mca = parseFloat(metadata.shared_factor_conv_up_to_mca);
if (unidad.toLowerCase() === 'kpa') {
    if (isNaN(factor_conv_up_to_mca) || factor_conv_up_to_mca <= 0 || factor_conv_up_to_mca >= 1) {
        factor_conv_up_to_mca = kpa;
    }
} else if (unidad.toLowerCase() === 'mpa') {
    if (isNaN(factor_conv_up_to_mca) || factor_conv_up_to_mca <= 100) {
        factor_conv_up_to_mca = mpa;
    }
}
newMsg.MPA = (paramA * Math.pow(freq, 2)) + (paramB * freq) + paramC + (tk * (temp - tempIni));
newMsg.MCA = newMsg.MPA * factor_conv_up_to_mca + offset;
if (newMsg.MCA > 0) {
    mca = newMsg.MCA;
}
newMsg.ALT_INSTALL = altitud;
newMsg.ALT = newMsg.ALT_INSTALL + mca;
return { msg: newMsg, metadata: metadata, msgType: msgType };"
PiezometerRC-V2,"""Polynomial A2"" Equation",TbTransformMsgNode,needs_manual_review,,,,,,,"contiene if/else o ternario -- tinyexpr no tiene control de flujo, requiere decisión manual de cómo modelarlo (o si corresponde partir en 2 fórmulas + alarma)","var newMsg = {};
var deviceName = metadata.deviceName;
var deviceType = metadata.deviceType;
var unidad = metadata.shared_unidad;
var freq = parseFloat(msg.Freq);
var temp = parseFloat(msg.Temp);
var freqIni = parseFloat(metadata.shared_FreqIni);
var tempIni = parseFloat(metadata.shared_TempIni);
var tk = parseFloat(metadata.shared_tk);
var cf = parseFloat(metadata.shared_cf);
var paramA = parseFloat(metadata.shared_param_a);
var paramB = parseFloat(metadata.shared_param_b);
var paramC = parseFloat(metadata.shared_param_c);
var paramD = parseFloat(metadata.shared_param_D);
var altitud = parseFloat(metadata.shared_altitud);
var offset = parseFloat(metadata.shared_offset);
var profInstall = parseFloat(metadata.shared_prof_install);
var cotaSuperficie = parseFloat(metadata.shared_cota_superficie);
var stickup = parseFloat(metadata.shared_stickup);
var incli = parseFloat(metadata.shared_incli);
var mca = 0;
newMsg.Temp = temp;
newMsg.resul_freq = (freq - freqIni) * cf;
if (unidad === 'KPA') {
    newMsg.MPA = (paramA * Math.pow(freq, 2)) + (paramB * freq) + paramC + paramD - (tk * (tempIni - temp));
    newMsg.MCA = newMsg.MPA * 0.101972 + offset;
}
if (unidad === 'MPA') {
    newMsg.MPA = (paramA * Math.pow(freq, 2)) + (paramB * freq) + paramC + paramD - (tk * (tempIni - temp)) / 1000;
    newMsg.MCA = newMsg.MPA * 101.972 + offset;
}
if (newMsg.MCA > 0) {
    mca = newMsg.MCA;
}
newMsg.ALT_INSTALL = altitud;
if (deviceType == 'settlement-cell') {
    newMsg.ALT = newMsg.ALT_INSTALL - Math.abs(newMsg.MCA);
} else {
    if (deviceName == 'YR.PZ-05R-(A)' || deviceName == 'YR.PZ-05R-(B)' || deviceName == 'YR.PZ-05R-(C)' || deviceName == 'YR.PZ-05R') {
        // Para yaros nomás:
        newMsg.MCA = mca;
        if (parseFloat(newMsg.MCA) === 0) {
            newMsg.NF = 'undefined';
            newMsg.ALT = 'undefined';
        } else {
            newMsg.NF = profInstall - newMsg.MCA;
            newMsg.ALT = cotaSuperficie - ((newMsg.NF - stickup) * Math.sin(incli * Math.PI / 180));
        }
    } else {
        newMsg.NF = profInstall - newMsg.MCA;
        newMsg.ALT = cotaSuperficie - ((newMsg.NF - stickup) * Math.sin(incli * Math.PI / 180));
    }
}
return { msg: newMsg, metadata: metadata, msgType: msgType };"
PiezometerRC-V2,"""Polynomial B"" Equation",TbTransformMsgNode,needs_manual_review,,,,,,,"contiene if/else o ternario -- tinyexpr no tiene control de flujo, requiere decisión manual de cómo modelarlo (o si corresponde partir en 2 fórmulas + alarma)","/**
 * Script de transformación para datos - Fórmula Polinomial B.
 * @author Área de Implementación
 * @version 1.0.0
 * @description Linear E = G(R0 - R1) | Polynomial E = AR12 + BR1 + Co | Parameter Co = -(AR0 + BRO)
 */
var newMsg = {};
var unidad = metadata.shared_unidad;
var freq = parseFloat(msg.Freq);
var temp = parseFloat(msg.Temp);
var paramA = parseFloat(metadata.shared_param_a);
var paramB = parseFloat(metadata.shared_param_b);
var paramC0 = parseFloat(metadata.shared_param_c0);
var altitud = parseFloat(metadata.shared_altitud);
var mpa = (paramA * Math.pow(freq, 2)) + (paramB * freq) + paramC0;
var mca = mpa * 0.101974;
if (unidad === 'MPA') {
    mpa = mpa / 1000;
    mca = mca * 1000;
}
var alt;
if (mca > 0) {
    alt = altitud + mca;
} else {
    alt = altitud + 0;
}
newMsg.Temp = temp;
newMsg.Freq = freq;
newMsg.MPA = mpa;
newMsg.MCA = mca;
newMsg.ALT = alt;
return { msg: newMsg, metadata: metadata, msgType: msgType };"
PiezometerRC-V2,"""Polynomial CasaGrande RST"" Equation",TbTransformMsgNode,needs_manual_review,,,,,,,"contiene if/else o ternario -- tinyexpr no tiene control de flujo, requiere decisión manual de cómo modelarlo (o si corresponde partir en 2 fórmulas + alarma)","var newMsg = {};
var unidad = metadata.shared_unidad;
var freq = parseFloat(msg.Freq);
var temp = parseFloat(msg.Temp);
var tk = parseFloat(metadata.shared_tk);
var tempIni = parseFloat(metadata.shared_TempIni);
var paramA = parseFloat(metadata.shared_param_a);
var paramB = parseFloat(metadata.shared_param_b);
var paramC = parseFloat(metadata.shared_param_c);
var offsetPp = parseFloat(metadata.shared_offset_pp);
var altitud = parseFloat(metadata.shared_altitud);
var profInstall = parseFloat(metadata.shared_prof_install);
var cotaSuperficie = parseFloat(metadata.shared_cota_superficie);
var stickup = parseFloat(metadata.shared_stickup);
var incli = parseFloat(metadata.shared_incli);
var factor = 0.101974;
var mca=0;
newMsg.MPA = (paramA * Math.pow(freq, 2)) + (paramB * freq) + paramC + (tk * (temp - tempIni)) + offsetPp;
if (unidad === 'KPA') {
    newMsg.MCA = newMsg.MPA * factor;
}
if (unidad === 'MPA') {
    newMsg.MCA = newMsg.MPA * factor * 1000;
}

  mca= newMsg.MCA;

newMsg.ALT_INSTALL = altitud;
var crit = Math.sin(incli * Math.PI / 180);
newMsg.NF = profInstall - (mca / crit);
newMsg.ALT = cotaSuperficie - ((newMsg.NF - stickup) * crit);
return { msg: newMsg, metadata: metadata, msgType: msgType };"
PiezometerRC-V2,"""Polynomial CasaGrande"" Equation",TbTransformMsgNode,needs_manual_review,,,,,,,"contiene if/else o ternario -- tinyexpr no tiene control de flujo, requiere decisión manual de cómo modelarlo (o si corresponde partir en 2 fórmulas + alarma)","var newMsg = {};
var unidad = metadata.shared_unidad;
var freq = parseFloat(msg.Freq);
var temp = parseFloat(msg.Temp);
var paramA = parseFloat(metadata.shared_param_a);
var paramB = parseFloat(metadata.shared_param_b);
var paramC = parseFloat(metadata.shared_param_c);
var offsetPp = parseFloat(metadata.shared_offset_pp);
var altitud = parseFloat(metadata.shared_altitud);
var profInstall = parseFloat(metadata.shared_prof_install);
var cotaSuperficie = parseFloat(metadata.shared_cota_superficie);
var stickup = parseFloat(metadata.shared_stickup);
var incli = parseFloat(metadata.shared_incli);
var mca=0;
newMsg.Temp = temp;
if (unidad === 'KPA') {
    newMsg.MPA = (paramA * Math.pow(freq, 2)) + (paramB * freq) + paramC + offsetPp;
    newMsg.MCA = newMsg.MPA * 0.101974;
}
if (unidad === 'MPA') {
    newMsg.MPA = ((paramA * Math.pow(freq, 2)) + (paramB * freq) + paramC + offsetPp);
    newMsg.MCA = newMsg.MPA * 101.974;
}

  mca= newMsg.MCA;

newMsg.ALT_INSTALL = altitud;
newMsg.NF = profInstall - (mca/ Math.sin(incli * Math.PI / 180));
newMsg.ALT = cotaSuperficie - ((newMsg.NF - stickup) * Math.sin(incli * Math.PI / 180));
return { msg: newMsg, metadata: metadata, msgType: msgType };"
PiezometerRC-V2,"""Polynomial Geokon"" Equation",TbTransformMsgNode,needs_manual_review,,,,,,,"contiene if/else o ternario -- tinyexpr no tiene control de flujo, requiere decisión manual de cómo modelarlo (o si corresponde partir en 2 fórmulas + alarma)","var newMsg = {};
var unidad = metadata.shared_unidad;
var freq = parseFloat(msg.Freq);
var temp = parseFloat(msg.Temp);
var press = parseFloat(msg.Press);
var tempIni = parseFloat(metadata.shared_TempIni);
var pressIni = parseFloat(metadata.shared_PressIni);
var paramA = parseFloat(metadata.shared_param_a);
var paramB = parseFloat(metadata.shared_param_b);
var paramC = parseFloat(metadata.shared_param_c);
var tk = parseFloat(metadata.shared_tk);
var altitud = parseFloat(metadata.shared_altitud);
var offset = parseFloat(metadata.shared_offset);
var mca = 0;
newMsg.PsPoros = (paramA * Math.pow(freq, 2)) + (paramB * freq) + paramC + (tk * (temp - tempIni)) + offset;
if (!isNaN(pressIni) && !isNaN(press) && (pressIni !== 0)) {
    if (unidad.toLowerCase() === 'kpa') {
        newMsg.PsPoros = newMsg.PsPoros - (0.1 * (press - pressIni)); // hPa a KPa
    } else if (unidad.toLowerCase() === 'mpa') {
        newMsg.PsPoros = newMsg.PsPoros - (0.0001 * (press - pressIni)); // hPa a MPa
    }
}
newMsg.MPA = newMsg.PsPoros;
if (unidad.toLowerCase() === 'kpa') {
    newMsg.MtColAgua = newMsg.PsPoros * 0.1019744;
} else if (unidad.toLowerCase() === 'mpa') {
    newMsg.MtColAgua = newMsg.PsPoros * 101.9744;
}
newMsg.MCA = newMsg.MtColAgua;
if (newMsg.MCA > 0) {
    mca = newMsg.MCA;
}
newMsg.ALT_INSTALL = altitud;
newMsg.ALT = newMsg.ALT_INSTALL + mca;
return { msg: newMsg, metadata: metadata, msgType: msgType };"
PiezometerRC-V2,"""Polynomial RST"" Equation",TbTransformMsgNode,needs_manual_review,,,,,,,"contiene if/else o ternario -- tinyexpr no tiene control de flujo, requiere decisión manual de cómo modelarlo (o si corresponde partir en 2 fórmulas + alarma)","var newMsg = {};
var unidad = metadata.shared_unidad;
var freq = parseFloat(msg.Freq);
var temp = parseFloat(msg.Temp);
var press = parseFloat(msg.Press);
var tempIni = parseFloat(metadata.shared_TempIni);
var pressIni = parseFloat(metadata.shared_PressIni);
var paramA = parseFloat(metadata.shared_param_a);
var paramB = parseFloat(metadata.shared_param_b);
var paramC = parseFloat(metadata.shared_param_c);
var tk = parseFloat(metadata.shared_tk);
var altitud = parseFloat(metadata.shared_altitud);
var offset = parseFloat(metadata.shared_offset);
var mca = 0;
newMsg.PsPoros = (paramA * Math.pow(freq, 2)) + (paramB * freq) + paramC + (tk * (temp - tempIni)) + offset;
if (!isNaN(pressIni) && !isNaN(press) && (pressIni !== 0)) {
    if (unidad.toLowerCase() === 'kpa') {
        newMsg.PsPoros = newMsg.PsPoros - (0.1 * (press - pressIni));
    } else if (unidad.toLowerCase() === 'mpa') {
        newMsg.PsPoros = newMsg.PsPoros - (0.0001 * (press - pressIni));
    }
}
newMsg.MPA = newMsg.PsPoros;
if (unidad.toLowerCase() === 'kpa') {
    newMsg.MtColAgua = newMsg.PsPoros * 0.1019744;
} else if (unidad.toLowerCase() === 'mpa') {
    newMsg.MtColAgua = newMsg.PsPoros * 101.9744;
}
newMsg.MCA = newMsg.MtColAgua;
if (newMsg.MCA > 0) {
    mca = newMsg.MCA;
}
newMsg.ALT_INSTALL = altitud;
newMsg.ALT = newMsg.ALT_INSTALL + mca;
return {msg: newMsg, metadata: metadata, msgType: msgType};"
PiezometerRC-V2,"""Polynomial Slope Hz"" Equation",TbTransformMsgNode,needs_manual_review,,,,,,,"contiene if/else o ternario -- tinyexpr no tiene control de flujo, requiere decisión manual de cómo modelarlo (o si corresponde partir en 2 fórmulas + alarma)","var newMsg = {};
var deviceType = metadata.deviceType;
var unidad = metadata.shared_unidad;
var freq = parseFloat(msg.Freq);
var paramA = parseFloat(metadata.shared_param_a);
var paramB = parseFloat(metadata.shared_param_b);
var paramC = parseFloat(metadata.shared_param_c);
var altitud = parseFloat(metadata.shared_altitud);
var offset = parseFloat(metadata.shared_offset);
var freqHz = Math.sqrt(freq * 1000);
var factor_conv_up_to_mca = 0.1019744;
var mca = 0;
newMsg.MPA = (paramA * Math.pow(freqHz, 2)) + (paramB * freqHz) + paramC;
newMsg.FreqHz = freqHz;
if (unidad === 'MPA') {
    factor_conv_up_to_mca = factor_conv_up_to_mca * 1000;
}
newMsg.MCA = newMsg.MPA * factor_conv_up_to_mca + offset;
if (newMsg.MCA > 0) {
    mca = newMsg.MCA;
}
newMsg.ALT_INSTALL = altitud;
if (deviceType === 'settlement-cell') {
    newMsg.ALT = newMsg.ALT_INSTALL - Math.abs(newMsg.MCA);
} else {
    newMsg.ALT = newMsg.ALT_INSTALL + mca;
}
return { msg: newMsg, metadata: metadata, msgType: msgType };"
PiezometerRC-V2,Add Umbrals,TbTransformMsgNode,needs_manual_review,,,,,,,no se encontró ninguna asignación msg.<campo> = <expresión> reconocible,"var newMsg = {};
newMsg.umbral1 = metadata.ss_umbral1;
newMsg.umbral2 = metadata.ss_umbral2;
newMsg.umbral3 = metadata.ss_umbral3;
newMsg.umbral4 = metadata.ss_umbral4;
newMsg.umbral5 = metadata.ss_umbral5;
return { msg: newMsg, metadata: metadata, msgType: msgType };"
PiezometerRC-V2,Battery Validation,TbJsFilterNode,not_a_formula,,,,,,,"nodo de filtro/switch (compuerta booleana o enrutamiento), no calcula un valor de telemetría","if (typeof msg.BattNode !== 'undefined') {
    return msg.BattNode > 0;
} else {
    return true;
}"
PiezometerRC-V2,Convert Frequency if exist,TbTransformMsgNode,needs_manual_review,,,,,,,"contiene if/else o ternario -- tinyexpr no tiene control de flujo, requiere decisión manual de cómo modelarlo (o si corresponde partir en 2 fórmulas + alarma)","// Comprueba si la frecuencia debe ser convertida.
// La comprobación inicial se hace fuera para evitar procesar cada mensaje.
if (metadata.shared_unidad_freq == ""hertz"" && msg.hasOwnProperty(""Freq"")) {

    var originalFreq = msg.Freq;
    
   
        
        // CÁLCULO: Realizar la operación. No es necesario el parseFloat final.
        msg.Freq = Math.pow(originalFreq, 2) / 1000;

   
}

return {msg: msg, metadata: metadata, msgType: msgType};"
PiezometerRC-V2,Convert Temperature if exist,TbTransformMsgNode,needs_manual_review,,,,,,,"contiene if/else o ternario -- tinyexpr no tiene control de flujo, requiere decisión manual de cómo modelarlo (o si corresponde partir en 2 fórmulas + alarma)","if (msg.hasOwnProperty('Temp')) {
    if (metadata.shared_unidad_temp == 'ohm') {
        var C0 = 1.40503E-03;
        var C1 = 2.36939E-04;
        var C3 = 1.01266E-07;
        var temp = parseFloat(msg.Temp);
        
        if (temp > 0) {
            var tempLog = Math.log(temp);
            msg.Temp = 1 / (C3*Math.pow(tempLog, 3) + C1*tempLog + C0) - 273.15;
        } else {
            msg.Temp = ""NaN""; 
        }
       
    }
}

return { msg: msg, metadata: metadata, msgType: msgType };"
PiezometerRC-V2,Copy of Original Data,TbTransformMsgNode,needs_manual_review,,,,,,,"contiene if/else o ternario -- tinyexpr no tiene control de flujo, requiere decisión manual de cómo modelarlo (o si corresponde partir en 2 fórmulas + alarma)","msg.oriFreq = parseFloat(msg.Freq);
msg.oriTemp = parseFloat(msg.Temp);
if (isNaN(msg.oriFreq)) {
    msg.oriFreq = 'NaN';
}
if (isNaN(msg.oriTemp)) {
    msg.oriTemp = 'NaN';
}
return {msg: msg, metadata: metadata, msgType: msgType};"
PiezometerRC-V2,Filter Equation,TbJsSwitchNode,not_a_formula,,,,,,,"nodo de filtro/switch (compuerta booleana o enrutamiento), no calcula un valor de telemetría","if (msgType === 'POST_TELEMETRY_REQUEST') {
    if (metadata.shared_equation == 'linear') {
        return ['linear'];
    }else if (metadata.shared_equation == 'linear_GF') {
        return ['linear_GF'];
    }else if (metadata.shared_equation == 'linear_a') {
        return ['linear_a'];
    } else if (metadata.shared_equation == 'linear_b') {
        return ['linear_b'];
    } else if (metadata.shared_equation == 'linear_c') {
        return ['linear_c'];
    } else if (metadata.shared_equation == 'linear_c1') {
        return ['linear_c1'];
    } else if (metadata.shared_equation == 'linear_d') {
        return ['linear_d'];
    } else if (metadata.shared_equation == 'linear_e') {
        return ['linear_e'];
    } else if (metadata.shared_equation == 'linearGeokon') {
        return ['linearGeokon'];
    } else if (metadata.shared_equation == 'linearSoilInstruments') {
        return ['linearSoilInstruments'];
    } else if (metadata.shared_equation == 'linearRSTPsi') {
        return ['linearRSTPsi'];
    } else if (metadata.shared_equation == 'linearGeokonPsi') {
        return ['linearGeokonPsi'];
    } else if (metadata.shared_equation == 'polinomial_a' || metadata.shared_equation == 'polynomial_a') {
        return ['polinomial_a'];
    } else if (metadata.shared_equation == 'polinomial_a1') {
        return ['polinomial_a1'];
    } else if (metadata.shared_equation == 'polinomial_a2') {
        return ['polinomial_a2'];
    } else if (metadata.shared_equation == 'polinomial_comp') {
        return ['polinomial_comp'];
    } else if (metadata.shared_equation == 'polinomial_casagrande') {
        return ['polinomial_casagrande'];
    } else if (metadata.shared_equation == 'polinomial_casagrande_rst') {
        return ['polinomial_casagrande_rst'];
    } else if (metadata.shared_equation == 'polynomialB') {
        return ['polynomialB'];
    } else if (metadata.shared_equation == 'polynomialGeokon') {
        return ['polynomialGeokon'];
    } else if (metadata.shared_equation == 'polynomialRST') {
        return ['polynomialRST'];
    } else if (metadata.shared_equation == 'polynomialSlope') {
        return ['polynomialSlope'];
    } else if (metadata.shared_equation == 'linear_psi_geokon') {
        return ['linear_psi_geokon'];
    } else {
        return ['default'];
    }
}"
PiezometerRC-V2,Freq and Temp Validation,TbJsFilterNode,not_a_formula,,,,,,,"nodo de filtro/switch (compuerta booleana o enrutamiento), no calcula un valor de telemetría","if (msg.Freq == 'NaN' || msg.oriFreq== ""NaN"" || msg.Temp== ""NaN"" || msg.oriTemp== ""NaN"") {
    return false;
} else {
    return true;
}"
PiezometerRC-V2,Is estado in message?,TbJsFilterNode,not_a_formula,,,,,,,"nodo de filtro/switch (compuerta booleana o enrutamiento), no calcula un valor de telemetría",return msg.hasOwnProperty('estado') && msg.estado === 'borrado';
PiezometerRC-V2,MCA < 0 & Umbrales,TbTransformMsgNode,needs_manual_review,,,,,,,"contiene if/else o ternario -- tinyexpr no tiene control de flujo, requiere decisión manual de cómo modelarlo (o si corresponde partir en 2 fórmulas + alarma)","var tipo=metadata.deviceType;
if(tipo==""piezometer_equation"" || tipo==""piezometer"" ){
    var mca = parseFloat(msg.MCA);
    if (isFinite(mca) && mca <= 0) 
    {
     msg.ALT = ""Seco"";
    }
}
msg.cota_superficie=metadata.shared_cota_superficie;
msg.nivel_alerta=metadata.shared_nivel_alerta;
msg.nivel_peligro=metadata.shared_nivel_peligro;

return { msg: msg, metadata: metadata, msgType: msgType };"
PiezometerRC-V2,Only if MPa: to KPa,TbTransformMsgNode,needs_manual_review,,,,,,,"contiene if/else o ternario -- tinyexpr no tiene control de flujo, requiere decisión manual de cómo modelarlo (o si corresponde partir en 2 fórmulas + alarma)","var unidad = metadata.shared_unidad;
if (unidad === 'MPA') {
    // MPa to KPa.
    msg.PsPoros = msg.PsPoros * 1000;
    msg.MPA = msg.MPA * 1000;
}
return { msg: msg, metadata: metadata, msgType: msgType };"
PiezometerRC-V2,Unknown Equation,TbTransformMsgNode,needs_manual_review,,,,,,,"contiene if/else o ternario -- tinyexpr no tiene control de flujo, requiere decisión manual de cómo modelarlo (o si corresponde partir en 2 fórmulas + alarma)","// NOTA IMPORTANTE: VERIFICADO EL 13-08-2024 QUE NINGUN SENSOR POSEE polinomial_a1 COMO EQUATION.
var newMsg = {};
var result = 0;
var factor_unidad = 1;
var constante = 1;
var with_temp = true;
var offset = 0;
var offset_bunits = 0;
var var_c0 = 0;
var var_c1 = 0;
var var_c2 = 0;
var var_c3 = 0;
var var_c4 = 0;
var var_c5 = 0;
//newMsg.Freq_original = parseFloat(msg.Freq)
if ((typeof metadata.shared_offset_bunits != 'undefined') &&
    (parseFloat(metadata.shared_offset_bunits) !== 0.0)) {
    offset_bunits = parseFloat(metadata.shared_offset_bunits);
}
var Frecuencia = parseFloat(msg.Freq) + offset_bunits; //hz
newMsg.Freq = parseFloat(Frecuencia)
//Validacion de temperatura: SI NO HAY TEMPERATURA O ES NAN, no se considera en la formula
if ((typeof msg.Temp == 'undefined') || (msg.Temp == isNaN) ||
    (msg.Temp == 'NaN') || (msg.Temp == 'NAN')) {
    with_temp = false;
    //SI HAY TEMPERATURA, debe estar dentro de un rango válido
} else {
    if ((typeof metadata.shared_unidad_temp != 'undefined') &&
        (metadata.shared_unidad_temp == ""ohm"")) {
            var C0 = 1.40503E-03;
            var C1 = 2.36939E-04;
            var C3 = 1.01266E-07;
            newMsg.Temp_original=parseFloat(msg.Temp)
            var LnRTH = Math.log(parseFloat(msg.Temp));
            var VW_DegC = 1 / (C0 + C1 * LnRTH + C3 * LnRTH *
                LnRTH * LnRTH) - 273.15;
            msg.Temp = parseFloat(VW_DegC);
            newMsg.Temp = parseFloat(VW_DegC);
            newMsg.Temp_copy = parseFloat(VW_DegC);
    } else {
        //Rango válido para temperatura en Grados celcius entre (5°C y 40°C)
        if (parseFloat(msg.Temp) <= 5.0 || parseFloat(msg.Temp) >=
            40.0) {
            with_temp = false;
        }
    }
}

if ((typeof metadata.shared_offset != 'undefined') && (
        parseFloat(metadata.shared_offset) !== 0.0)) {
    offset = parseFloat(metadata.shared_offset);
}

if ((typeof metadata.shared_c0 != 'undefined') && (
        parseFloat(metadata.shared_c0) !== 0.0)) {
    var_c0 = parseFloat(metadata.shared_c0);
}

if ((typeof metadata.shared_c1 != 'undefined') && (
        parseFloat(metadata.shared_c1) !== 0.0)) {
    var_c1 = parseFloat(metadata.shared_c1);
}

if ((typeof metadata.shared_c2 != 'undefined') && (
        parseFloat(metadata.shared_c2) !== 0.0)) {
    var_c2 = parseFloat(metadata.shared_c2);
}

if ((typeof metadata.shared_c3 != 'undefined') && (
        parseFloat(metadata.shared_c3) !== 0.0)) {
    var_c3 = parseFloat(metadata.shared_c3);
}

if ((typeof metadata.shared_c4 != 'undefined') && (
        parseFloat(metadata.shared_c4) !== 0.0)) {
    var_c4= parseFloat(metadata.shared_c4);
}

if ((typeof metadata.shared_c5 != 'undefined') && (
        parseFloat(metadata.shared_c5) !== 0.0)) {
    var_c5= parseFloat(metadata.shared_c5);
}

if (metadata.shared_equation.substring(0, 6) == ""linear"") {
    //Linear A : P = G(R0 - Ri) + K(Ti - T0) + D
    //Linear B : P = G(Ri - R0) + K(Ti - T0) + D

    if (metadata.shared_equation == ""linear_a"") {
        //PARTE DE FORMULA: G(R0 - Ri)
        newMsg.resul_freq = ((parseFloat(metadata.shared_FreqIni) -
            parseFloat(Frecuencia)) * parseFloat(
            metadata.shared_cf));
    } else if (metadata.shared_equation == ""linear_b"") {
        //PARTE DE FORMULA: G(Ri - R0)
        newMsg.resul_freq = ((parseFloat(Frecuencia) -
                parseFloat(metadata.shared_FreqIni)) *
            parseFloat(metadata.shared_cf));
    }

    //PARTE DE FORMULA: K(Ti - T0)
    if (with_temp === true) {
        newMsg.resul_temp = ((parseFloat(msg.Temp) -
                parseFloat(metadata.shared_TempIni)) *
            parseFloat(metadata.shared_tk));
    } else {
        newMsg.resul_temp = parseFloat(0.0);
    }

    result = (newMsg.resul_freq + newMsg.resul_temp);

    // UNIDAD-VARIABLES KPA O MPA
    // SI ES MPA DEJAR NORMAL // SI ES KPA = DIVIDIR ENTRE 1000
    // MPA = KPA / 1000

    if (metadata.shared_unidad == ""KPA"") {
        factor_unidad = 0.001;
    }

    if (metadata.shared_unidad != ""METRO"") {
        constante = 101.972;
    }

    //16 Marzo Celda de asentamiento se quito factor unidad y constante

    if (metadata.deviceType == 'settlement-cell') {

        newMsg.MPA = result;
        newMsg.MCA = newMsg.MPA + offset; //Presion de poro 

    } else {

        newMsg.MPA = result * factor_unidad;
        newMsg.MCA = newMsg.MPA * constante + offset; //Presion de poro

    }
} else if (metadata.shared_equation == ""polynomial_a1"") {

    //10215 Factor de conversion de Bar to mm
    //1013 Factor de 1Atomosfera a milibares
    var var_a = parseFloat(metadata.shared_param_a);
    var var_b = parseFloat(metadata.shared_param_b);
    var var_c = parseFloat(metadata.shared_param_c);
    var Barom = parseFloat(msg.PressKpa); //kpa
    result = (10215 * ((1013 - (Barom * 10)) / 1000 + ((
            var_a * Math.pow(Frecuencia, 2) +
            var_b * Frecuencia + var_c) * 0.01))) -
        parseFloat(metadata.shared_carga_ini);
    newMsg.MPA = result * factor_unidad;
    newMsg.MCA = newMsg.MPA * constante + offset; //Presion de poro

} else if (metadata.shared_equation == ""polynomial_a"") {
    var var_a = parseFloat(metadata.shared_param_a);
    var var_b = parseFloat(metadata.shared_param_b);
    var var_c = parseFloat(metadata.shared_param_c);
    var var_tk = parseFloat(metadata.shared_tk);
    var var_TempIni = parseFloat(metadata.shared_TempIni);
    var Temp = parseFloat(msg.Temp);
    if (metadata.shared_unidad == ""KPA"") {
        newMsg.MPA = ((var_a * Math.pow(Frecuencia, 2)) + (
            var_b * Frecuencia) + var_c - (var_tk *
            (var_TempIni - Temp)));
        newMsg.MCA = newMsg.MPA * 0.101972 + offset; //Presion de poro
    }
    if (metadata.shared_unidad == ""MPA"") {
        newMsg.MPA = ((var_a * Math.pow(Frecuencia, 2)) + (
            var_b * Frecuencia) + var_c - (var_tk *
            (var_TempIni - Temp)));
        newMsg.MCA = newMsg.MPA * 101.972 + offset; //Presion de poro
    }

}else if (metadata.shared_equation == ""polynomial_comp"") {
    if (with_temp===false) {
        newMsg.Temp=10+Math.random(1)
        var Temp = parseFloat(newMsg.Temp);
    }else{
        var Temp = parseFloat(newMsg.Temp)
    }
    newMsg.MPA=var_c0+var_c1*Frecuencia+var_c2*Temp+var_c3*Math.pow(Frecuencia, 2)+var_c4*Frecuencia*Temp+var_c5*Math.pow(Temp, 2)
    newMsg.MCA = newMsg.MPA * 0.101972 + offset; //Presion de poro
}
/*Agrege MCA<0*/
var _mca = newMsg.MCA;
if (newMsg.MCA < 0) {
    _mca = 0;
}
// 17 Marzo Correccion del ALT en el caso settlement-cell
if (metadata.deviceType == 'settlement-cell') {
    newMsg.ALT_INSTALL = parseFloat(metadata.shared_altitud);
    newMsg.ALT = newMsg.ALT_INSTALL - Math.abs(newMsg.MCA);
} else {
    newMsg.ALT = _mca + parseFloat(metadata.shared_altitud);
    newMsg.ALT_INSTALL = parseFloat(metadata.shared_altitud);
}
newMsg.umbral1 = metadata.ss_umbral1;
newMsg.umbral2 = metadata.ss_umbral2;
newMsg.umbral3 = metadata.ss_umbral3;
newMsg.umbral4 = metadata.ss_umbral4;
newMsg.umbral5 = metadata.ss_umbral5;

//Variables ANEXO
if ((typeof metadata.shared_anexo1 != 'undefined')) {
    newMsg.anexo1 = metadata.shared_anexo1;
}
if ((typeof metadata.shared_anexo2 != 'undefined')) {
    newMsg.anexo2 = metadata.shared_anexo2;
}
if ((typeof metadata.shared_anexo3 != 'undefined')) {
    newMsg.anexo3 = metadata.shared_anexo3;
}
var condicional = 0;
if (metadata.ss_umbral_base_on == ""COTA"") {
    condicional = newMsg.ALT;
} else if (metadata.ss_umbral_base_on == ""MPA"") {
    condicional = newMsg.MPA;
} else if (metadata.ss_umbral_base_on == ""KPA"") {
    condicional = newMsg.MCA;
}

//Color de alerta   
if (condicional < parseFloat(metadata.ss_umbral1)) {
    newMsg.alarmcolor = ""#00ff00"";
    newMsg.alarmname = ""OFF"";
    newMsg.alarmlevel = ""level0"";
} else if (condicional >= parseFloat(metadata.ss_umbral1) &&
    condicional < parseFloat(metadata.ss_umbral2)) {
    newMsg.alarmcolor = ""#4caf50"";
    newMsg.alarmname = ""ON"";
    newMsg.alarmlevel = ""level1"";
} else if (condicional >= parseFloat(metadata.ss_umbral2) &&
    condicional < parseFloat(metadata.ss_umbral3)) {
    newMsg.alarmcolor = ""#ffeb3b"";
    newMsg.alarmname = ""ON"";
    newMsg.alarmlevel = ""level2"";
} else if (condicional >= parseFloat(metadata.ss_umbral3) &&
    condicional < parseFloat(metadata.ss_umbral4)) {
    newMsg.alarmcolor = ""#f44336"";
    newMsg.alarmname = ""ON"";
    newMsg.alarmlevel = ""level3"";
} else if (condicional >= parseFloat(metadata.ss_umbral4) &&
    condicional < parseFloat(metadata.ss_umbral5)) {
    newMsg.alarmcolor = ""#f44336"";
    newMsg.alarmname = ""ON"";
    newMsg.alarmlevel = ""level4"";
} else if (condicional >= parseFloat(metadata.ss_umbral5) &&
    parseFloat(metadata.ss_umbral5) > 0) {
    newMsg.alarmcolor = ""#9c27b0"";
    newMsg.alarmname = ""ON"";
    newMsg.alarmlevel = ""level5"";
} else {
    newMsg.alarmlevel = ""level9"";
    newMsg.alarmcolor = ""#00ff00"";
    newMsg.alarmname = ""OFF"";
}



newMsg.timestamp = metadata.ts;
metadata.ALT = newMsg.ALT;
metadata.MPA = newMsg.MPA;

newMsg.shared_unidad = metadata.shared_unidad;
newMsg.shared_cf = metadata.shared_cf
newMsg.shared_FreqIni = metadata.shared_FreqIni
newMsg.factor_unidad = factor_unidad
newMsg.offset_bunits = offset_bunits


if(newMsg.Temp==""NaN"" || newMsg.Temp==""NAN""){
    newMsg.Temp=10
}
return {
    msg: newMsg,
    metadata: metadata,
    msgType: msgType
};"
PiezometerRC-V2,Unknown Equation,TbTransformMsgNode,needs_manual_review,,,,,,,"contiene if/else o ternario -- tinyexpr no tiene control de flujo, requiere decisión manual de cómo modelarlo (o si corresponde partir en 2 fórmulas + alarma)","// NOTA IMPORTANTE: VERIFICADO EL 13-08-2024 QUE NINGUN SENSOR POSEE polinomial_comp COMO EQUATION.
var newMsg = {};
var result = 0;
var factor_unidad = 1;
var constante = 1;

var with_temp = true;
var offset = 0;
var offset_bunits = 0;
var var_c0 = 0;
var var_c1 = 0;
var var_c2 = 0;
var var_c3 = 0;
var var_c4 = 0;
var var_c5 = 0;

//newMsg.Freq_original = parseFloat(msg.Freq)



if ((typeof metadata.shared_offset_bunits != 'undefined') &&
    (parseFloat(metadata.shared_offset_bunits) !== 0.0)) {
    offset_bunits = parseFloat(metadata.shared_offset_bunits);
}

var Frecuencia = parseFloat(msg.Freq) + offset_bunits; //hz

newMsg.Freq = parseFloat(Frecuencia)



//Validacion de temperatura: SI NO HAY TEMPERATURA O ES NAN, no se considera en la formula
if ((typeof msg.Temp == 'undefined') || (msg.Temp == isNaN) ||
    (msg.Temp == 'NaN') || (msg.Temp == 'NAN')) {
    with_temp = false;

    //SI HAY TEMPERATURA, debe estar dentro de un rango válido
} else {

    if ((typeof metadata.shared_unidad_temp != 'undefined') &&
        (metadata.shared_unidad_temp == ""ohm"")) {
            
        
            
            var C0 = 1.40503E-03;
            var C1 = 2.36939E-04;
            var C3 = 1.01266E-07;
            
            newMsg.Temp_original=parseFloat(msg.Temp)
    
            var LnRTH = Math.log(parseFloat(msg.Temp));
            var VW_DegC = 1 / (C0 + C1 * LnRTH + C3 * LnRTH *
                LnRTH * LnRTH) - 273.15;
    
            msg.Temp = parseFloat(VW_DegC);
            newMsg.Temp = parseFloat(VW_DegC);
            newMsg.Temp_copy = parseFloat(VW_DegC);
            
        

        

    } else {
        //Rango válido para temperatura en Grados celcius entre (5°C y 40°C)
        if (parseFloat(msg.Temp) <= 5.0 || parseFloat(msg.Temp) >=
            40.0) {
            with_temp = false;
        }
    }
}

if ((typeof metadata.shared_offset != 'undefined') && (
        parseFloat(metadata.shared_offset) !== 0.0)) {
    offset = parseFloat(metadata.shared_offset);
}

if ((typeof metadata.shared_c0 != 'undefined') && (
        parseFloat(metadata.shared_c0) !== 0.0)) {
    var_c0 = parseFloat(metadata.shared_c0);
}

if ((typeof metadata.shared_c1 != 'undefined') && (
        parseFloat(metadata.shared_c1) !== 0.0)) {
    var_c1 = parseFloat(metadata.shared_c1);
}

if ((typeof metadata.shared_c2 != 'undefined') && (
        parseFloat(metadata.shared_c2) !== 0.0)) {
    var_c2 = parseFloat(metadata.shared_c2);
}

if ((typeof metadata.shared_c3 != 'undefined') && (
        parseFloat(metadata.shared_c3) !== 0.0)) {
    var_c3 = parseFloat(metadata.shared_c3);
}

if ((typeof metadata.shared_c4 != 'undefined') && (
        parseFloat(metadata.shared_c4) !== 0.0)) {
    var_c4= parseFloat(metadata.shared_c4);
}

if ((typeof metadata.shared_c5 != 'undefined') && (
        parseFloat(metadata.shared_c5) !== 0.0)) {
    var_c5= parseFloat(metadata.shared_c5);
}


if (metadata.shared_equation.substring(0, 6) == ""linear"") {
    
    
    
    //Linear A : P = G(R0 - Ri) + K(Ti - T0) + D
    //Linear B : P = G(Ri - R0) + K(Ti - T0) + D

    if (metadata.shared_equation == ""linear_a"") {
        //PARTE DE FORMULA: G(R0 - Ri)
        newMsg.resul_freq = ((parseFloat(metadata.shared_FreqIni) -
            parseFloat(Frecuencia)) * parseFloat(
            metadata.shared_cf));
    } else if (metadata.shared_equation == ""linear_b"") {
        //PARTE DE FORMULA: G(Ri - R0)
        newMsg.resul_freq = ((parseFloat(Frecuencia) -
                parseFloat(metadata.shared_FreqIni)) *
            parseFloat(metadata.shared_cf));
    }

    //PARTE DE FORMULA: K(Ti - T0)
    if (with_temp === true) {
        newMsg.resul_temp = ((parseFloat(msg.Temp) -
                parseFloat(metadata.shared_TempIni)) *
            parseFloat(metadata.shared_tk));
    } else {
        newMsg.resul_temp = parseFloat(0.0);
    }


    result = (newMsg.resul_freq + newMsg.resul_temp);

    // UNIDAD-VARIABLES KPA O MPA
    // SI ES MPA DEJAR NORMAL // SI ES KPA = DIVIDIR ENTRE 1000
    // MPA = KPA / 1000

    if (metadata.shared_unidad == ""KPA"") {
        factor_unidad = 0.001;
    }

    if (metadata.shared_unidad != ""METRO"") {
        constante = 101.972;
    }

    //16 Marzo Celda de asentamiento se quito factor unidad y constante

    if (metadata.deviceType == 'settlement-cell') {

        newMsg.MPA = result;
        newMsg.MCA = newMsg.MPA + offset; //Presion de poro 

    } else {

        newMsg.MPA = result * factor_unidad;
        newMsg.MCA = newMsg.MPA * constante + offset; //Presion de poro

    }
    

    //
  



} else if (metadata.shared_equation == ""polynomial_a1"") {

    //10215 Factor de conversion de Bar to mm
    //1013 Factor de 1Atomosfera a milibares
    var var_a = parseFloat(metadata.shared_param_a);
    var var_b = parseFloat(metadata.shared_param_b);
    var var_c = parseFloat(metadata.shared_param_c);

    var Barom = parseFloat(msg.PressKpa); //kpa


    result = (10215 * ((1013 - (Barom * 10)) / 1000 + ((
            var_a * Math.pow(Frecuencia, 2) +
            var_b * Frecuencia + var_c) * 0.01))) -
        parseFloat(metadata.shared_carga_ini);

    newMsg.MPA = result * factor_unidad;
    newMsg.MCA = newMsg.MPA * constante + offset; //Presion de poro

} else if (metadata.shared_equation == ""polynomial_a"") {

    var var_a = parseFloat(metadata.shared_param_a);
    var var_b = parseFloat(metadata.shared_param_b);
    var var_c = parseFloat(metadata.shared_param_c);

    var var_tk = parseFloat(metadata.shared_tk);
    var var_TempIni = parseFloat(metadata.shared_TempIni);

    var Temp = parseFloat(msg.Temp);


    if (metadata.shared_unidad == ""KPA"") {
        newMsg.MPA = ((var_a * Math.pow(Frecuencia, 2)) + (
            var_b * Frecuencia) + var_c - (var_tk *
            (var_TempIni - Temp)));
        newMsg.MCA = newMsg.MPA * 0.101972 + offset; //Presion de poro
    }

    if (metadata.shared_unidad == ""MPA"") {
        newMsg.MPA = ((var_a * Math.pow(Frecuencia, 2)) + (
            var_b * Frecuencia) + var_c - (var_tk *
            (var_TempIni - Temp)));
        newMsg.MCA = newMsg.MPA * 101.972 + offset; //Presion de poro
    }

}else if (metadata.shared_equation == ""polynomial_comp"") {
    
    if (with_temp===false) {
    
        newMsg.Temp=10+Math.random(1)
  
        var Temp = parseFloat(newMsg.Temp);
        
    }else{
        
        var Temp = parseFloat(newMsg.Temp)
    }

    

    newMsg.MPA=var_c0+var_c1*Frecuencia+var_c2*Temp+var_c3*Math.pow(Frecuencia, 2)+var_c4*Frecuencia*Temp+var_c5*Math.pow(Temp, 2)

    newMsg.MCA = newMsg.MPA * 0.101972 + offset; //Presion de poro
   

}




/*Agrege MCA<0*/

var _mca = newMsg.MCA;

if (newMsg.MCA < 0) {
    _mca = 0;
}

// 17 Marzo Correccion del ALT en el caso settlement-cell

if (metadata.deviceType == 'settlement-cell') {

    newMsg.ALT_INSTALL = parseFloat(metadata.shared_altitud);
    newMsg.ALT = newMsg.ALT_INSTALL - Math.abs(newMsg.MCA);

} else {

    newMsg.ALT = _mca + parseFloat(metadata.shared_altitud);
    newMsg.ALT_INSTALL = parseFloat(metadata.shared_altitud);

}

//////



newMsg.umbral1 = metadata.ss_umbral1;
newMsg.umbral2 = metadata.ss_umbral2;
newMsg.umbral3 = metadata.ss_umbral3;
newMsg.umbral4 = metadata.ss_umbral4;
newMsg.umbral5 = metadata.ss_umbral5;

//Variables ANEXO
if ((typeof metadata.shared_anexo1 != 'undefined')) {
    newMsg.anexo1 = metadata.shared_anexo1;
}
if ((typeof metadata.shared_anexo2 != 'undefined')) {
    newMsg.anexo2 = metadata.shared_anexo2;
}
if ((typeof metadata.shared_anexo3 != 'undefined')) {
    newMsg.anexo3 = metadata.shared_anexo3;
}


var condicional = 0;

if (metadata.ss_umbral_base_on == ""COTA"") {
    condicional = newMsg.ALT;
} else if (metadata.ss_umbral_base_on == ""MPA"") {
    condicional = newMsg.MPA;
} else if (metadata.ss_umbral_base_on == ""KPA"") {
    condicional = newMsg.MCA;
}




//Color de alerta   
if (condicional < parseFloat(metadata.ss_umbral1)) {
    newMsg.alarmcolor = ""#00ff00"";
    newMsg.alarmname = ""OFF"";
    newMsg.alarmlevel = ""level0"";
} else if (condicional >= parseFloat(metadata.ss_umbral1) &&
    condicional < parseFloat(metadata.ss_umbral2)) {
    newMsg.alarmcolor = ""#4caf50"";
    newMsg.alarmname = ""ON"";
    newMsg.alarmlevel = ""level1"";
} else if (condicional >= parseFloat(metadata.ss_umbral2) &&
    condicional < parseFloat(metadata.ss_umbral3)) {
    newMsg.alarmcolor = ""#ffeb3b"";
    newMsg.alarmname = ""ON"";
    newMsg.alarmlevel = ""level2"";
} else if (condicional >= parseFloat(metadata.ss_umbral3) &&
    condicional < parseFloat(metadata.ss_umbral4)) {
    newMsg.alarmcolor = ""#f44336"";
    newMsg.alarmname = ""ON"";
    newMsg.alarmlevel = ""level3"";
} else if (condicional >= parseFloat(metadata.ss_umbral4) &&
    condicional < parseFloat(metadata.ss_umbral5)) {
    newMsg.alarmcolor = ""#f44336"";
    newMsg.alarmname = ""ON"";
    newMsg.alarmlevel = ""level4"";
} else if (condicional >= parseFloat(metadata.ss_umbral5) &&
    parseFloat(metadata.ss_umbral5) > 0) {
    newMsg.alarmcolor = ""#9c27b0"";
    newMsg.alarmname = ""ON"";
    newMsg.alarmlevel = ""level5"";
} else {
    newMsg.alarmlevel = ""level9"";
    newMsg.alarmcolor = ""#00ff00"";
    newMsg.alarmname = ""OFF"";
}



newMsg.timestamp = metadata.ts;
metadata.ALT = newMsg.ALT;
metadata.MPA = newMsg.MPA;

newMsg.shared_unidad = metadata.shared_unidad;
newMsg.shared_cf = metadata.shared_cf
newMsg.shared_FreqIni = metadata.shared_FreqIni
newMsg.factor_unidad = factor_unidad
newMsg.offset_bunits = offset_bunits


if(newMsg.Temp==""NaN"" || newMsg.Temp==""NAN""){
    newMsg.Temp=10
}
return {
    msg: newMsg,
    metadata: metadata,
    msgType: msgType
};"
PrismB3,Prism,TbTransformMsgNode,needs_manual_review,,,,,,,"contiene if/else o ternario -- tinyexpr no tiene control de flujo, requiere decisión manual de cómo modelarlo (o si corresponde partir en 2 fórmulas + alarma)","msg.timestamp=metadata.ts

msg.metadatatimestamp = metadata.timestamp

dif_horas = metadata.ts - metadata.timestamp 

dif_horas = dif_horas/(3600*1000)

if(msg.valor_inicial==""True""){
    
    tiempo_acumulado =  metadata.ts - parseFloat(metadata.shared_TimeIni)*1000
    
    tiempo_acumulado =  tiempo_acumulado/(1000*3600)
}
else{
    
    tiempo_acumulado = (dif_horas + parseFloat(metadata.tiempo_acumulado))
}


inc_dist_hor=((Math.pow((Math.pow(msg.este-metadata.este,2)+Math.pow(msg.norte-metadata.norte,2)),0.5))*1000)

/*

if ((typeof msg.este_dia != 'undefined')) {
    
    inc_dist_hor_dia=((Math.pow((Math.pow(msg.este-msg.este_dia,2)+Math.pow(msg.norte-msg.norte_dia,2)),0.5))*1000)
    
    inc_dis_ver_dia=((msg.elevacion-msg.elevacion_dia)*1000)
    
    inc_dist_vector_dia=(Math.pow(Math.pow(inc_dist_hor_dia,2)+Math.pow(inc_dis_ver_dia,2),0.5))
    
    dif_horas_dia = metadata.ts - msg.timestamp_dia 

    dif_horas_dia = dif_horas_dia/(3600*1000)
    
    inc_vel_hor_dia = ((inc_dist_hor_dia/dif_horas_dia)*24)

    inc_vel_ver_dia=((inc_dis_ver_dia/dif_horas_dia)*24)
    
    inc_vel_vector_dia=((inc_dist_vector_dia/dif_horas_dia)*24)
    
    msg.inc_vel_ver_dia=inc_vel_ver_dia.toFixed(4)
    
    msg.inc_vel_hor_dia =inc_vel_hor_dia.toFixed(4)
    
    msg.inc_vel_vector_dia=inc_vel_vector_dia.toFixed(4)
    
    msg.inc_dis_ver_dia=inc_dis_ver_dia.toFixed(4)
    
    msg.inc_dist_hor_dia = inc_dist_hor_dia.toFixed(4)
    
    msg.inc_dist_vector_dia =inc_dist_vector_dia.toFixed(4)
    
    x_dia=parseFloat(msg.este)-parseFloat(msg.este_dia)

    y_dia=parseFloat(msg.norte)-parseFloat(msg.norte_dia)
    
    msg.x_dia = x_dia.toFixed(2) 

    msg.y_dia = y_dia.toFixed(2)
    
    

    msg.valores_diarios='Entre'
    
}

*/

vel_dif_horas=dif_horas

if(dif_horas<0.01){
    
    vel_dif_horas=0.25
}


inc_vel_hor = ((inc_dist_hor/vel_dif_horas)*24)

inc_dis_ver=((msg.elevacion-metadata.elevacion)*1000)


inc_vel_ver=((inc_dis_ver/vel_dif_horas)*24)

inc_dist_vector=(Math.pow(Math.pow(inc_dist_hor,2)+Math.pow(inc_dis_ver,2),0.5))

inc_vel_vector=((inc_dist_vector/vel_dif_horas)*24)

inc_vel_vector_inverso=1/inc_vel_vector

acu_dist_hor =(Math.pow((Math.pow((msg.este-metadata.shared_EastingIni),2)+Math.pow((msg.norte-metadata.shared_NorthingIni),2)),0.5)*1000)

acu_vel_hor = ((acu_dist_hor/tiempo_acumulado)*24)

acu_dis_vert = ((msg.elevacion-metadata.shared_ElevationIni)*1000) 

acu_vel_vert = ((acu_dis_vert/tiempo_acumulado)*24)

acu_dis_vector = (Math.pow((Math.pow(acu_dist_hor,2)+Math.pow(acu_dis_vert,2)),0.5))

acu_vel_vector = ((acu_dis_vector/parseFloat(tiempo_acumulado))*24)

acu_vel_vector_inverso=1/acu_vel_vector

x=parseFloat(msg.este)-parseFloat(metadata.este)

y=parseFloat(msg.norte)-parseFloat(metadata.norte)

x_acu=parseFloat(msg.este)-parseFloat(metadata.shared_EastingIni)

y_acu=parseFloat(msg.norte)-parseFloat(metadata.shared_NorthingIni)





if(y==0){y=0.000001} 

angulo = Math.atan(x/y)

angulo = angulo*180/(Math.PI);

angulo0 = angulo

if(x<0 && y>0){ direccion= 'NO'; angulo=360-angulo}

if(x<0 && y<0){  direccion = 'SO'; angulo=180+angulo}

if(x>0 && y<0){ direccion='SE';angulo=180-angulo}

if(x>0 && y>0){ direccion='NE';}

if(x==0 && y>0){ direccion='N';angulo=0}

if(x==0 && y<0){ direccion='S';angulo=0}

if(x>0 && y==0){ direccion='E';angulo=90}

if(x<0 && y==0){ direccion='O';angulo=270}

//Redondeo

msg.angulo0 = angulo0

msg.x = x.toFixed(2) 

msg.y = y.toFixed(2)

msg.x_acu = x_acu.toFixed(2) 

msg.y_acu = y_acu.toFixed(2)



msg.angulo= angulo

msg.direccion =direccion



msg.acu_vel_vert=acu_vel_vert.toFixed(4)

//Acumulado distancia vertical
msg.acu_dis_vert=acu_dis_vert.toFixed(4)

//Acumulado velocidad vertical(mm)
msg.acu_vel_hor=acu_vel_hor.toFixed(4)

msg.acu_dist_hor=acu_dist_hor.toFixed(4)

//resultante incremental 

msg.inc_vel_vector=inc_vel_vector.toFixed(4)

msg.inc_dist_vector =inc_dist_vector.toFixed(4)

msg.metadata_este=metadata.este

//resultante acumulado

msg.acu_vel_vector=acu_vel_vector.toFixed(8)

msg.acu_vel_vector_inverso=acu_vel_vector_inverso.toFixed(4)

msg.acu_dis_vector=acu_dis_vector.toFixed(4)

msg.inc_vel_ver=inc_vel_ver.toFixed(4)

msg.inc_vel_vector_inverso=inc_vel_vector_inverso.toFixed(4)

msg.inc_dis_ver=inc_dis_ver.toFixed(4)



msg.inc_vel_hor =inc_vel_hor.toFixed(4)

msg.inc_dist_hor = inc_dist_hor.toFixed(4)


msg.tiempo_acumulado=tiempo_acumulado.toFixed(4)



msg.dif_horas = dif_horas.toFixed(4);
/*
if(parseFloat(dif_horas)<0){
	
	msg.acu_vel_vector=0
	msg.acu_dis_vector=0
	msg.acu_vel_vert=0
	msg.acu_dis_vert=0
	msg.acu_vel_hor=0
	msg.acu_dist_hor=0
	msg.inc_vel_vector=0
	msg.inc_dist_vector =0
	msg.inc_vel_ver=0
	msg.inc_dis_ver=0
	msg.inc_vel_hor =0
	msg.inc_dist_hor = 0
	msg.tiempo_acumulado=0
	msg.dif_horas=0

}
*/


return {msg: msg, metadata: metadata, msgType: msgType};"
PrismB3,Prism,TbTransformMsgNode,translated,elevacion,,shared_ElevationIni,shared_ElevationIni,,"este,norte,tiempo_acumulado,timestamp,tipo_alerta_actual",,"msg.timestamp = metadata.shared_TimeIni/3600
msg.tiempo_acumulado=0
msg.este  = metadata.shared_EastingIni
msg.norte = metadata.shared_NorthingIni
msg.elevacion = metadata.shared_ElevationIni
msg.tipo_alerta_actual='Normal'

return {msg: msg, metadata: metadata, msgType: msgType};"
PrismB3,Prism,TbTransformMsgNode,translated,este,,shared_EastingIni,shared_EastingIni,,"elevacion,norte,tiempo_acumulado,timestamp,tipo_alerta_actual",,"msg.timestamp = metadata.shared_TimeIni/3600
msg.tiempo_acumulado=0
msg.este  = metadata.shared_EastingIni
msg.norte = metadata.shared_NorthingIni
msg.elevacion = metadata.shared_ElevationIni
msg.tipo_alerta_actual='Normal'

return {msg: msg, metadata: metadata, msgType: msgType};"
PrismB3,Prism,TbTransformMsgNode,translated,norte,,shared_NorthingIni,shared_NorthingIni,,"elevacion,este,tiempo_acumulado,timestamp,tipo_alerta_actual",,"msg.timestamp = metadata.shared_TimeIni/3600
msg.tiempo_acumulado=0
msg.este  = metadata.shared_EastingIni
msg.norte = metadata.shared_NorthingIni
msg.elevacion = metadata.shared_ElevationIni
msg.tipo_alerta_actual='Normal'

return {msg: msg, metadata: metadata, msgType: msgType};"
PrismB3,Prism,TbTransformMsgNode,translated,tiempo_acumulado,,,0,,"elevacion,este,norte,timestamp,tipo_alerta_actual",,"msg.timestamp = metadata.shared_TimeIni/3600
msg.tiempo_acumulado=0
msg.este  = metadata.shared_EastingIni
msg.norte = metadata.shared_NorthingIni
msg.elevacion = metadata.shared_ElevationIni
msg.tipo_alerta_actual='Normal'

return {msg: msg, metadata: metadata, msgType: msgType};"
PrismB3,Prism,TbTransformMsgNode,translated,timestamp,,shared_TimeIni,shared_TimeIni/3600,,"elevacion,este,norte,tiempo_acumulado,tipo_alerta_actual",,"msg.timestamp = metadata.shared_TimeIni/3600
msg.tiempo_acumulado=0
msg.este  = metadata.shared_EastingIni
msg.norte = metadata.shared_NorthingIni
msg.elevacion = metadata.shared_ElevationIni
msg.tipo_alerta_actual='Normal'

return {msg: msg, metadata: metadata, msgType: msgType};"
PrismB3,Prism,TbTransformMsgNode,needs_manual_review,tipo_alerta_actual,,,,,"elevacion,este,norte,tiempo_acumulado,timestamp","la expresión de msg.tipo_alerta_actual (tras sustituir variables locales) contiene ''': ""'Normal'""","msg.timestamp = metadata.shared_TimeIni/3600
msg.tiempo_acumulado=0
msg.este  = metadata.shared_EastingIni
msg.norte = metadata.shared_NorthingIni
msg.elevacion = metadata.shared_ElevationIni
msg.tipo_alerta_actual='Normal'

return {msg: msg, metadata: metadata, msgType: msgType};"
PrismB3,Prism,TbTransformMsgNode,needs_manual_review,,,,,,,"contiene if/else o ternario -- tinyexpr no tiene control de flujo, requiere decisión manual de cómo modelarlo (o si corresponde partir en 2 fórmulas + alarma)","var alerta_actual
metadata.acu_vel_vert=msg.acu_vel_vert
metadata.acu_dis_vert=msg.acu_dis_vert
metadata.acu_vel_hor=msg.acu_vel_hor
metadata.acu_dist_hor=msg.acu_dist_hor
metadata.inc_vel_vector=msg.inc_vel_vector
metadata.inc_dist_vector=msg.inc_dist_vector
metadata.acu_vel_vector=msg.acu_vel_vector
metadata.acu_dis_vector=msg.acu_dis_vector
metadata.inc_vel_ver=msg.inc_vel_ver 
metadata.inc_dis_ver=msg.inc_dis_ver
metadata.inc_vel_hor=msg.inc_vel_hor 
metadata.inc_dist_hor=msg.inc_dist_hor


if(msg.umbralactivo==1){
    alerta_actual=metadata.cs_umbral1alerta
}
if(msg.umbralactivo==2){
    alerta_actual=metadata.cs_umbral2alerta
}

if(msg.umbralactivo==3){
    alerta_actual=metadata.cs_umbral3alerta
}
if(msg.umbralactivo==4){
    alerta_actual=metadata.cs_umbral4alerta
}

if(msg.umbralactivo==5){
    alerta_actual=metadata.cs_umbral5alerta
}

if(msg.umbralactivo==6){
    alerta_actual=metadata.cs_umbral6alerta
}
if(msg.umbralactivo==7){
    alerta_actual=metadata.cs_umbral7alerta
}

if(msg.umbralactivo==8){
    alerta_actual=metadata.cs_umbral8alerta
}
if(msg.umbralactivo==9){
    alerta_actual=metadata.cs_umbral9alerta
}

msg.tipo_alerta_actual=alerta_actual
msg.tipo_alerta_anterior=metadata.tipo_alerta_actual
metadata.tipo_alerta_anterior=msg.tipo_alerta_anterior
metadata.tipo_alerta_actual_alternativo=alerta_actual
metadata.valor=msg.valor

return {msg: msg, metadata: metadata, msgType: msgType};"
PrismB3,Script,TbJsFilterNode,not_a_formula,,,,,,,"nodo de filtro/switch (compuerta booleana o enrutamiento), no calcula un valor de telemetría",return true;
PrismB3,Umbrales,TbTransformMsgNode,needs_manual_review,,,,,,,"contiene if/else o ternario -- tinyexpr no tiene control de flujo, requiere decisión manual de cómo modelarlo (o si corresponde partir en 2 fórmulas + alarma)","var valor=parseFloat(msg.inc_dist_vector)
if(metadata.cs_tipomedida=='Incremental Diario' && metadata.cs_orientacion=='Horizontal' && metadata.cs_parametro=='Distancia'){valor=parseFloat(msg.inc_dist_hor_dia)}
if(metadata.cs_tipomedida=='Incremental Diario' && metadata.cs_orientacion=='Vertical' && metadata.cs_parametro=='Distancia'){valor=parseFloat(msg.inc_dis_ver_dia)}
if(metadata.cs_tipomedida=='Incremental Diario' && metadata.cs_orientacion=='Vector Resultante' && metadata.cs_parametro=='Distancia'){valor=parseFloat(msg.inc_dist_vector_dia)}

if(metadata.cs_tipomedida=='Incremental' && metadata.cs_orientacion=='Horizontal' && metadata.cs_parametro=='Distancia'){valor=parseFloat(msg.inc_dist_hor)}
if(metadata.cs_tipomedida=='Incremental' && metadata.cs_orientacion=='Horizontal' && metadata.cs_parametro=='Velocidad'){valor=parseFloat(msg.inc_vel_hor)}
if(metadata.cs_tipomedida=='Incremental' && metadata.cs_orientacion=='Vertical' && metadata.cs_parametro=='Distancia'){valor=parseFloat(msg.inc_dis_ver)}
if(metadata.cs_tipomedida=='Incremental' && metadata.cs_orientacion=='Vertical' && metadata.cs_parametro=='Velocidad'){valor=parseFloat(msg.inc_vel_ver)}
if(metadata.cs_tipomedida=='Incremental' && metadata.cs_orientacion=='Vector Resultante' && metadata.cs_parametro=='Distancia'){valor=parseFloat(msg.inc_dist_vector)}
if(metadata.cs_tipomedida=='Incremental' && metadata.cs_orientacion=='Vector Resultante' && metadata.cs_parametro=='Velocidad'){valor=parseFloat(msg.inc_vel_vector)}


if(metadata.cs_tipomedida=='Acumulado' && metadata.cs_orientacion=='Horizontal' && metadata.cs_parametro=='Distancia'){valor=parseFloat(msg.acu_dist_hor)}
if(metadata.cs_tipomedida=='Acumulado' && metadata.cs_orientacion=='Horizontal' && metadata.cs_parametro=='Velocidad'){valor=parseFloat(msg.acu_vel_hor)}
if(metadata.cs_tipomedida=='Acumulado' && metadata.cs_orientacion=='Vertical' && metadata.cs_parametro=='Distancia'){valor=parseFloat(msg.acu_dis_vert)}
if(metadata.cs_tipomedida=='Acumulado' && metadata.cs_orientacion=='Vertical' && metadata.cs_parametro=='Velocidad'){valor=parseFloat(msg.acu_vel_vert)}
if(metadata.cs_tipomedida=='Acumulado' && metadata.cs_orientacion=='Vector Resultante' && metadata.cs_parametro=='Distancia'){valor=parseFloat(msg.acu_dis_vector)}
if(metadata.cs_tipomedida=='Acumulado' && metadata.cs_orientacion=='Vector Resultante' && metadata.cs_parametro=='Velocidad'){valor=parseFloat(msg.acu_vel_vector)}

if(metadata.cs_parametro=='Distancia'){
    if(metadata.cs_unidad1=='mm'){valor=valor*10}
    if(metadata.cs_unidad1=='m'){valor=valor/10}
}

if(metadata.cs_parametro=='Velocidad'){
    if(metadata.cs_unidad2=='mm/dia'){valor=valor*10}
    if(metadata.cs_unidad2=='m/dia'){valor=valor/10}
}

msg.valor=valor
msg.orientacion=metadata.cs_orientacion
msg.parametro=metadata.cs_parametro
msg.tipomedida=metadata.cs_tipomedida
msg.unidad1=metadata.cs_unidad1
msg.unidad2=metadata.cs_unidad2
if(metadata.cs_parametro=='Distancia'){
    msg.valorbasado=metadata.cs_orientacion+'|'+metadata.cs_parametro+'|'+metadata.cs_tipomedida+'|'+metadata.cs_unidad1

}
else{
   msg.valorbasado=metadata.cs_orientacion+'|'+metadata.cs_parametro+'|'+metadata.cs_tipomedida+'|'+metadata.cs_unidad2
}

var colores=['#ff99cc','#ff0000','#faa34c','#ffff00','#ff00ff','#c653ff','#00ffff','#0000ff','#19ff81']



if(valor<parseFloat(metadata.cs_umbral9)){msg.colorumbral=colores[0];msg.umbralactivo=9}
if(valor<parseFloat(metadata.cs_umbral8)){msg.colorumbral=colores[1];msg.umbralactivo=8}
if(valor<parseFloat(metadata.cs_umbral7)){msg.colorumbral=colores[2];msg.umbralactivo=7}
if(valor<parseFloat(metadata.cs_umbral6)){msg.colorumbral=colores[3];msg.umbralactivo=6}
if(valor<parseFloat(metadata.cs_umbral5)){msg.colorumbral=colores[4];msg.umbralactivo=5}
if(valor<parseFloat(metadata.cs_umbral4)){msg.colorumbral=colores[5];msg.umbralactivo=4}
if(valor<parseFloat(metadata.cs_umbral3)){msg.colorumbral=colores[6];msg.umbralactivo=3}
if(valor<parseFloat(metadata.cs_umbral2)){msg.colorumbral=colores[7];msg.umbralactivo=2}
if(valor<parseFloat(metadata.cs_umbral1)){msg.colorumbral=colores[8];msg.umbralactivo=1}

return {msg: msg, metadata: metadata, msgType: msgType};"
PrismB3,Valida email existe,TbJsFilterNode,not_a_formula,,,,,,,"nodo de filtro/switch (compuerta booleana o enrutamiento), no calcula un valor de telemetría","if ((typeof metadata.ss_alert_email == 'undefined') || (typeof metadata.ss_alert_phone == 'undefined')){
    
    return false
}
else{
    
     if(msg.tipo_alerta_actual==msg.tipo_alerta_anterior){
        
        return false
    }
    else{
        
        return true
    }
}"
PrismRC,Prism,TbTransformMsgNode,translated,elevacion,,shared_ElevationIni,shared_ElevationIni,,"este,norte,tiempo_acumulado,timestamp,tipo_alerta_actual",,"msg.timestamp = metadata.shared_TimeIni/3600
msg.tiempo_acumulado=0
msg.este  = metadata.shared_EastingIni
msg.norte = metadata.shared_NorthingIni
msg.elevacion = metadata.shared_ElevationIni
msg.tipo_alerta_actual='Normal'

return {msg: msg, metadata: metadata, msgType: msgType};"
PrismRC,Prism,TbTransformMsgNode,translated,este,,shared_EastingIni,shared_EastingIni,,"elevacion,norte,tiempo_acumulado,timestamp,tipo_alerta_actual",,"msg.timestamp = metadata.shared_TimeIni/3600
msg.tiempo_acumulado=0
msg.este  = metadata.shared_EastingIni
msg.norte = metadata.shared_NorthingIni
msg.elevacion = metadata.shared_ElevationIni
msg.tipo_alerta_actual='Normal'

return {msg: msg, metadata: metadata, msgType: msgType};"
PrismRC,Prism,TbTransformMsgNode,translated,norte,,shared_NorthingIni,shared_NorthingIni,,"elevacion,este,tiempo_acumulado,timestamp,tipo_alerta_actual",,"msg.timestamp = metadata.shared_TimeIni/3600
msg.tiempo_acumulado=0
msg.este  = metadata.shared_EastingIni
msg.norte = metadata.shared_NorthingIni
msg.elevacion = metadata.shared_ElevationIni
msg.tipo_alerta_actual='Normal'

return {msg: msg, metadata: metadata, msgType: msgType};"
PrismRC,Prism,TbTransformMsgNode,translated,tiempo_acumulado,,,0,,"elevacion,este,norte,timestamp,tipo_alerta_actual",,"msg.timestamp = metadata.shared_TimeIni/3600
msg.tiempo_acumulado=0
msg.este  = metadata.shared_EastingIni
msg.norte = metadata.shared_NorthingIni
msg.elevacion = metadata.shared_ElevationIni
msg.tipo_alerta_actual='Normal'

return {msg: msg, metadata: metadata, msgType: msgType};"
PrismRC,Prism,TbTransformMsgNode,translated,timestamp,,shared_TimeIni,shared_TimeIni/3600,,"elevacion,este,norte,tiempo_acumulado,tipo_alerta_actual",,"msg.timestamp = metadata.shared_TimeIni/3600
msg.tiempo_acumulado=0
msg.este  = metadata.shared_EastingIni
msg.norte = metadata.shared_NorthingIni
msg.elevacion = metadata.shared_ElevationIni
msg.tipo_alerta_actual='Normal'

return {msg: msg, metadata: metadata, msgType: msgType};"
PrismRC,Prism,TbTransformMsgNode,needs_manual_review,tipo_alerta_actual,,,,,"elevacion,este,norte,tiempo_acumulado,timestamp","la expresión de msg.tipo_alerta_actual (tras sustituir variables locales) contiene ''': ""'Normal'""","msg.timestamp = metadata.shared_TimeIni/3600
msg.tiempo_acumulado=0
msg.este  = metadata.shared_EastingIni
msg.norte = metadata.shared_NorthingIni
msg.elevacion = metadata.shared_ElevationIni
msg.tipo_alerta_actual='Normal'

return {msg: msg, metadata: metadata, msgType: msgType};"
PrismRC,Prism,TbTransformMsgNode,needs_manual_review,,,,,,,"contiene if/else o ternario -- tinyexpr no tiene control de flujo, requiere decisión manual de cómo modelarlo (o si corresponde partir en 2 fórmulas + alarma)","var alerta_actual
metadata.acu_vel_vert=msg.acu_vel_vert
metadata.acu_dis_vert=msg.acu_dis_vert
metadata.acu_vel_hor=msg.acu_vel_hor
metadata.acu_dist_hor=msg.acu_dist_hor
metadata.inc_vel_vector=msg.inc_vel_vector
metadata.inc_dist_vector=msg.inc_dist_vector
metadata.acu_vel_vector=msg.acu_vel_vector
metadata.acu_dis_vector=msg.acu_dis_vector
metadata.inc_vel_ver=msg.inc_vel_ver 
metadata.inc_dis_ver=msg.inc_dis_ver
metadata.inc_vel_hor=msg.inc_vel_hor 
metadata.inc_dist_hor=msg.inc_dist_hor


if(msg.umbralactivo==1){
    alerta_actual=metadata.cs_umbral1alerta
}
if(msg.umbralactivo==2){
    alerta_actual=metadata.cs_umbral2alerta
}

if(msg.umbralactivo==3){
    alerta_actual=metadata.cs_umbral3alerta
}
if(msg.umbralactivo==4){
    alerta_actual=metadata.cs_umbral4alerta
}

if(msg.umbralactivo==5){
    alerta_actual=metadata.cs_umbral5alerta
}

if(msg.umbralactivo==6){
    alerta_actual=metadata.cs_umbral6alerta
}
if(msg.umbralactivo==7){
    alerta_actual=metadata.cs_umbral7alerta
}

if(msg.umbralactivo==8){
    alerta_actual=metadata.cs_umbral8alerta
}
if(msg.umbralactivo==9){
    alerta_actual=metadata.cs_umbral9alerta
}

msg.tipo_alerta_actual=alerta_actual
msg.tipo_alerta_anterior=metadata.tipo_alerta_actual
metadata.tipo_alerta_anterior=msg.tipo_alerta_anterior
metadata.tipo_alerta_actual_alternativo=alerta_actual
metadata.valor=msg.valor

return {msg: msg, metadata: metadata, msgType: msgType};"
PrismRC,Prism,TbTransformMsgNode,needs_manual_review,,,,,,,"contiene if/else o ternario -- tinyexpr no tiene control de flujo, requiere decisión manual de cómo modelarlo (o si corresponde partir en 2 fórmulas + alarma)","msg.timestamp=metadata.ts

msg.metadatatimestamp = metadata.timestamp

dif_horas = metadata.ts - metadata.timestamp 

dif_horas = dif_horas/(3600*1000)

if(msg.valor_inicial==""True""){
    
    tiempo_acumulado =  metadata.ts - parseFloat(metadata.shared_TimeIni)*1000
    
    tiempo_acumulado =  tiempo_acumulado/(1000*3600)
}
else{
    
    tiempo_acumulado = (dif_horas + parseFloat(metadata.tiempo_acumulado))
}


inc_dist_hor=((Math.pow((Math.pow(msg.este-metadata.este,2)+Math.pow(msg.norte-metadata.norte,2)),0.5))*100)

if ((typeof msg.este_dia != 'undefined')) {
    
    inc_dist_hor_dia=((Math.pow((Math.pow(msg.este-msg.este_dia,2)+Math.pow(msg.norte-msg.norte_dia,2)),0.5))*100)
    
    inc_dis_ver_dia=((msg.elevacion-msg.elevacion_dia)*100)
    
    inc_dist_vector_dia=(Math.pow(Math.pow(inc_dist_hor_dia,2)+Math.pow(inc_dis_ver_dia,2),0.5))
    
    dif_horas_dia = metadata.ts - msg.timestamp_dia 

    dif_horas_dia = dif_horas_dia/(3600*1000)
    
    inc_vel_hor_dia = ((inc_dist_hor_dia/dif_horas_dia)*24)

    inc_vel_ver_dia=((inc_dis_ver_dia/dif_horas_dia)*24)
    
    inc_vel_vector_dia=((inc_dist_vector_dia/dif_horas_dia)*24)
    
    msg.inc_vel_ver_dia=inc_vel_ver_dia.toFixed(4)
    
    msg.inc_vel_hor_dia =inc_vel_hor_dia.toFixed(4)
    
    msg.inc_vel_vector_dia=inc_vel_vector_dia.toFixed(4)
    
    msg.inc_dis_ver_dia=inc_dis_ver_dia.toFixed(4)
    
    msg.inc_dist_hor_dia = inc_dist_hor_dia.toFixed(4)
    
    msg.inc_dist_vector_dia =inc_dist_vector_dia.toFixed(4)
    
    x_dia=parseFloat(msg.este)-parseFloat(msg.este_dia)

    y_dia=parseFloat(msg.norte)-parseFloat(msg.norte_dia)
    
    msg.x_dia = x_dia.toFixed(2) 

    msg.y_dia = y_dia.toFixed(2)
    
    

    msg.valores_diarios='Entre'
    
}

vel_dif_horas=dif_horas

if(dif_horas<0.01){
    
    vel_dif_horas=0.25
}


inc_vel_hor = ((inc_dist_hor/vel_dif_horas)*24)

inc_dis_ver=((msg.elevacion-metadata.elevacion)*100)


inc_vel_ver=((inc_dis_ver/vel_dif_horas)*24)

inc_dist_vector=(Math.pow(Math.pow(inc_dist_hor,2)+Math.pow(inc_dis_ver,2),0.5))


inc_vel_vector=((inc_dist_vector/vel_dif_horas)*24)

acu_dist_hor =(Math.pow((Math.pow((msg.este-metadata.shared_EastingIni),2)+Math.pow((msg.norte-metadata.shared_NorthingIni),2)),0.5)*100)

acu_vel_hor = ((acu_dist_hor/tiempo_acumulado)*24)

acu_dis_vert = ((msg.elevacion-metadata.shared_ElevationIni)*100) 

acu_vel_vert = ((acu_dis_vert/tiempo_acumulado)*24)

acu_dis_vector = (Math.pow((Math.pow(acu_dist_hor,2)+Math.pow(acu_dis_vert,2)),0.5))

acu_vel_vector = ((acu_dis_vector/parseFloat(tiempo_acumulado))*24)

x=parseFloat(msg.este)-parseFloat(metadata.este)

y=parseFloat(msg.norte)-parseFloat(metadata.norte)

x_acu=parseFloat(msg.este)-parseFloat(metadata.shared_EastingIni)

y_acu=parseFloat(msg.norte)-parseFloat(metadata.shared_NorthingIni)





if(y==0){y=0.000001} 

angulo = Math.atan(x/y)

angulo = angulo*180/(Math.PI);

angulo0 = angulo

if(x<0 && y>0){ direccion= 'NO'; angulo=360-angulo}

if(x<0 && y<0){  direccion = 'SO'; angulo=180+angulo}

if(x>0 && y<0){ direccion='SE';angulo=180-angulo}

if(x>0 && y>0){ direccion='NE';}

if(x==0 && y>0){ direccion='N';angulo=0}

if(x==0 && y<0){ direccion='S';angulo=0}

if(x>0 && y==0){ direccion='E';angulo=90}

if(x<0 && y==0){ direccion='O';angulo=270}

//Redondeo

msg.angulo0 = angulo0

msg.x = x.toFixed(2) 

msg.y = y.toFixed(2)

msg.x_acu = x_acu.toFixed(2) 

msg.y_acu = y_acu.toFixed(2)



msg.angulo= angulo

msg.direccion =direccion



msg.acu_vel_vert=acu_vel_vert.toFixed(4)

//Acumulado distancia vertical
msg.acu_dis_vert=acu_dis_vert.toFixed(4)

//Acumulado velocidad vertical(mm)
msg.acu_vel_hor=acu_vel_hor.toFixed(4)

msg.acu_dist_hor=acu_dist_hor.toFixed(4)

//resultante incremental 

msg.inc_vel_vector=inc_vel_vector.toFixed(4)

msg.inc_dist_vector =inc_dist_vector.toFixed(4)



//resultante acumulado

msg.acu_vel_vector=acu_vel_vector

msg.acu_dis_vector=acu_dis_vector.toFixed(4)



msg.inc_vel_ver=inc_vel_ver.toFixed(4)

msg.inc_dis_ver=inc_dis_ver.toFixed(4)



msg.inc_vel_hor =inc_vel_hor.toFixed(4)

msg.inc_dist_hor = inc_dist_hor.toFixed(4)


msg.tiempo_acumulado=tiempo_acumulado.toFixed(4)



msg.dif_horas = dif_horas.toFixed(4);
/*
if(parseFloat(dif_horas)<0){
	
	msg.acu_vel_vector=0
	msg.acu_dis_vector=0
	msg.acu_vel_vert=0
	msg.acu_dis_vert=0
	msg.acu_vel_hor=0
	msg.acu_dist_hor=0
	msg.inc_vel_vector=0
	msg.inc_dist_vector =0
	msg.inc_vel_ver=0
	msg.inc_dis_ver=0
	msg.inc_vel_hor =0
	msg.inc_dist_hor = 0
	msg.tiempo_acumulado=0
	msg.dif_horas=0

}
*/


return {msg: msg, metadata: metadata, msgType: msgType};"
PrismRC,Script,TbJsFilterNode,not_a_formula,,,,,,,"nodo de filtro/switch (compuerta booleana o enrutamiento), no calcula un valor de telemetría",return true;
PrismRC,Umbrales,TbTransformMsgNode,needs_manual_review,,,,,,,"contiene if/else o ternario -- tinyexpr no tiene control de flujo, requiere decisión manual de cómo modelarlo (o si corresponde partir en 2 fórmulas + alarma)","var valor=parseFloat(msg.inc_dist_vector)
if(metadata.cs_tipomedida=='Incremental Diario' && metadata.cs_orientacion=='Horizontal' && metadata.cs_parametro=='Distancia'){valor=parseFloat(msg.inc_dist_hor_dia)}
if(metadata.cs_tipomedida=='Incremental Diario' && metadata.cs_orientacion=='Vertical' && metadata.cs_parametro=='Distancia'){valor=parseFloat(msg.inc_dis_ver_dia)}
if(metadata.cs_tipomedida=='Incremental Diario' && metadata.cs_orientacion=='Vector Resultante' && metadata.cs_parametro=='Distancia'){valor=parseFloat(msg.inc_dist_vector_dia)}

if(metadata.cs_tipomedida=='Incremental' && metadata.cs_orientacion=='Horizontal' && metadata.cs_parametro=='Distancia'){valor=parseFloat(msg.inc_dist_hor)}
if(metadata.cs_tipomedida=='Incremental' && metadata.cs_orientacion=='Horizontal' && metadata.cs_parametro=='Velocidad'){valor=parseFloat(msg.inc_vel_hor)}
if(metadata.cs_tipomedida=='Incremental' && metadata.cs_orientacion=='Vertical' && metadata.cs_parametro=='Distancia'){valor=parseFloat(msg.inc_dis_ver)}
if(metadata.cs_tipomedida=='Incremental' && metadata.cs_orientacion=='Vertical' && metadata.cs_parametro=='Velocidad'){valor=parseFloat(msg.inc_vel_ver)}
if(metadata.cs_tipomedida=='Incremental' && metadata.cs_orientacion=='Vector Resultante' && metadata.cs_parametro=='Distancia'){valor=parseFloat(msg.inc_dist_vector)}
if(metadata.cs_tipomedida=='Incremental' && metadata.cs_orientacion=='Vector Resultante' && metadata.cs_parametro=='Velocidad'){valor=parseFloat(msg.inc_vel_vector)}


if(metadata.cs_tipomedida=='Acumulado' && metadata.cs_orientacion=='Horizontal' && metadata.cs_parametro=='Distancia'){valor=parseFloat(msg.acu_dist_hor)}
if(metadata.cs_tipomedida=='Acumulado' && metadata.cs_orientacion=='Horizontal' && metadata.cs_parametro=='Velocidad'){valor=parseFloat(msg.acu_vel_hor)}
if(metadata.cs_tipomedida=='Acumulado' && metadata.cs_orientacion=='Vertical' && metadata.cs_parametro=='Distancia'){valor=parseFloat(msg.acu_dis_vert)}
if(metadata.cs_tipomedida=='Acumulado' && metadata.cs_orientacion=='Vertical' && metadata.cs_parametro=='Velocidad'){valor=parseFloat(msg.acu_vel_vert)}
if(metadata.cs_tipomedida=='Acumulado' && metadata.cs_orientacion=='Vector Resultante' && metadata.cs_parametro=='Distancia'){valor=parseFloat(msg.acu_dis_vector)}
if(metadata.cs_tipomedida=='Acumulado' && metadata.cs_orientacion=='Vector Resultante' && metadata.cs_parametro=='Velocidad'){valor=parseFloat(msg.acu_vel_vector)}

if(metadata.cs_parametro=='Distancia'){
    if(metadata.cs_unidad1=='mm'){valor=valor*10}
    if(metadata.cs_unidad1=='m'){valor=valor/10}
}

if(metadata.cs_parametro=='Velocidad'){
    if(metadata.cs_unidad2=='mm/dia'){valor=valor*10}
    if(metadata.cs_unidad2=='m/dia'){valor=valor/10}
}

msg.valor=valor
msg.orientacion=metadata.cs_orientacion
msg.parametro=metadata.cs_parametro
msg.tipomedida=metadata.cs_tipomedida
msg.unidad1=metadata.cs_unidad1
msg.unidad2=metadata.cs_unidad2
if(metadata.cs_parametro=='Distancia'){
    msg.valorbasado=metadata.cs_orientacion+'|'+metadata.cs_parametro+'|'+metadata.cs_tipomedida+'|'+metadata.cs_unidad1

}
else{
   msg.valorbasado=metadata.cs_orientacion+'|'+metadata.cs_parametro+'|'+metadata.cs_tipomedida+'|'+metadata.cs_unidad2
}

var colores=['#ff99cc','#ff0000','#faa34c','#ffff00','#ff00ff','#c653ff','#00ffff','#0000ff','#19ff81']



if(valor<parseFloat(metadata.cs_umbral9)){msg.colorumbral=colores[0];msg.umbralactivo=9}
if(valor<parseFloat(metadata.cs_umbral8)){msg.colorumbral=colores[1];msg.umbralactivo=8}
if(valor<parseFloat(metadata.cs_umbral7)){msg.colorumbral=colores[2];msg.umbralactivo=7}
if(valor<parseFloat(metadata.cs_umbral6)){msg.colorumbral=colores[3];msg.umbralactivo=6}
if(valor<parseFloat(metadata.cs_umbral5)){msg.colorumbral=colores[4];msg.umbralactivo=5}
if(valor<parseFloat(metadata.cs_umbral4)){msg.colorumbral=colores[5];msg.umbralactivo=4}
if(valor<parseFloat(metadata.cs_umbral3)){msg.colorumbral=colores[6];msg.umbralactivo=3}
if(valor<parseFloat(metadata.cs_umbral2)){msg.colorumbral=colores[7];msg.umbralactivo=2}
if(valor<parseFloat(metadata.cs_umbral1)){msg.colorumbral=colores[8];msg.umbralactivo=1}

return {msg: msg, metadata: metadata, msgType: msgType};"
PrismRC,Valida email existe,TbJsFilterNode,not_a_formula,,,,,,,"nodo de filtro/switch (compuerta booleana o enrutamiento), no calcula un valor de telemetría","if ((typeof metadata.ss_alert_email == 'undefined') || (typeof metadata.ss_alert_phone == 'undefined')){
    
    return false
}
else{
    
     if(msg.tipo_alerta_actual==msg.tipo_alerta_anterior){
        
        return false
    }
    else{
        
        return true
    }
}"
Prismas,Accumulative,TbTransformMsgNode,needs_manual_review,,,,,,,"contiene if/else o ternario -- tinyexpr no tiene control de flujo, requiere decisión manual de cómo modelarlo (o si corresponde partir en 2 fórmulas + alarma)","var deltaE = msg.este - metadata.shared_este_inicial;
var deltaN = msg.norte - metadata.shared_norte_inicial;
var deltaZ = msg.elevacion - metadata.shared_elevacion_inicial;
// Distancia 3D
var componentes = [deltaE, deltaN, deltaZ];
var distancia = Math.sqrt(componentes.reduce(function(sum, val) {
    return sum + val * val;
}, 0));
// Azimut en grados (0° es Norte, 90° Este)
var azimut = Math.atan2(deltaE, deltaN) * (180 / Math.PI);
if (azimut < 0) azimut += 360;
// Ángulo de elevación o inclinación
var distanciaHorizontal = Math.sqrt(deltaE * deltaE + deltaN * deltaN);
var anguloRad = Math.atan2(deltaZ, distanciaHorizontal);
var elevacionAngulo = anguloRad * (180 / Math.PI);
// Agregar resultados al mensaje
msg.vector_acumulado = { deltaE: deltaE, deltaN: deltaN, deltaZ: deltaZ };
msg.acu_dis_vector = distancia.toFixed(3);
if (msg.este_inicial == 0) {
    // Caso especial: sin datos anteriores válidos
    msg.vector_acumulado = { deltaE: 0, deltaN: 0, deltaZ: 0, magnitud: ""0.000"" };
    msg.acu_dis_vector = ""0.000"";
}
msg.azimut=azimut;
return { msg: msg, metadata: metadata, msgType: msgType };"
Prismas,Generate attrs,TbTransformMsgNode,needs_manual_review,,,,,,,no se encontró ninguna asignación msg.<campo> = <expresión> reconocible,"var lat=parseFloat(metadata.ss_latitud);
var lon=parseFloat(metadata.ss_longitud);
var distance=0.5;
var points = [];
// Punto inicial
points.push([lat, lon]);
// Convertir el azimut a radianes
var angle = (msg.azimut * Math.PI) / 180;
// Aproximación de la conversión de km a grados
var d_lat = (distance * Math.cos(angle)) / 111;  // Latitud
var d_lon = (distance * Math.sin(angle)) / (111 * Math.cos(lat * Math.PI / 180));  // Longitud
// Punto en la dirección del azimut
points.push([lat + parseFloat(d_lat), lon + parseFloat(d_lon)]);
// Mismo punto inicial para cerrar el vector
points.push([lat, lon]);
return {msg: {'perimeter': points}, metadata: metadata, msgType: ""POST_ATTRIBUTES_REQUEST""};"
Prismas,Incremental V1,TbTransformMsgNode,needs_manual_review,,,,,,,"contiene if/else o ternario -- tinyexpr no tiene control de flujo, requiere decisión manual de cómo modelarlo (o si corresponde partir en 2 fórmulas + alarma)","var deltaE = msg.este - msg.este_anterior;
var deltaN = msg.norte - msg.norte_anterior;
var deltaZ = msg.elevacion - msg.elevacion_anterior;
// Distancia 3D
var componentes = [deltaE, deltaN, deltaZ];
var distancia = Math.sqrt(componentes.reduce(function(sum, val) {
    return sum + val * val;
}, 0));
// Azimut en grados (0° es Norte, 90° Este)
var azimut = Math.atan2(deltaE, deltaN) * (180 / Math.PI);
if (azimut < 0) azimut += 360;
// Ángulo de elevación o inclinación
var distanciaHorizontal = Math.sqrt(deltaE * deltaE + deltaN * deltaN);
var anguloRad = Math.atan2(deltaZ, distanciaHorizontal);
var elevacionAngulo = anguloRad * (180 / Math.PI);
// Agregar resultados al mensaje
msg.vector_incremental = { deltaE: deltaE, deltaN: deltaN, deltaZ: deltaZ };
msg.inc_dis_vector = distancia.toFixed(3);
if (msg.este_anterior == 0) {
    // Caso especial: sin datos anteriores válidos
    msg.vector_incremental = { deltaE: 0, deltaN: 0, deltaZ: 0, magnitud: ""0.000"" };
    msg.inc_dis_vector = ""0.000"";
}
return { msg: msg, metadata: metadata, msgType: msgType };"
Prismas,Incremental V2,TbTransformMsgNode,needs_manual_review,,,,,,,"contiene if/else o ternario -- tinyexpr no tiene control de flujo, requiere decisión manual de cómo modelarlo (o si corresponde partir en 2 fórmulas + alarma)","var esteAnterior = parseFloat(JSON.parse(metadata.este));
var norteAnterior = parseFloat(JSON.parse(metadata.norte));
var elevacionAnterior = parseFloat(JSON.parse(metadata.elevacion));
var deltaE = msg.este - esteAnterior;
var deltaN = msg.norte - norteAnterior;
var deltaZ = msg.elevacion - elevacionAnterior;
// Distancia 3D
var componentes = [deltaE, deltaN, deltaZ];
var distancia = Math.sqrt(componentes.reduce(function(sum, val) {
    return sum + val * val;
}, 0));
// Azimut en grados (0° es Norte, 90° Este)
var azimut = Math.atan2(deltaE, deltaN) * (180 / Math.PI);
if (azimut < 0) azimut += 360;
// Ángulo de elevación o inclinación
// var distanciaHorizontal = Math.sqrt(deltaE * deltaE + deltaN * deltaN);
// var anguloRad = Math.atan2(deltaZ, distanciaHorizontal);
// var elevacionAngulo = anguloRad * (180 / Math.PI);
// Agregar resultados al mensaje
msg.vector_incremental = { deltaE: deltaE, deltaN: deltaN, deltaZ: deltaZ };
msg.inc_dis_vector = distancia.toFixed(3);
if (msg.este_anterior == 0) {
    // Caso especial: sin datos anteriores válidos
    msg.vector_incremental = { deltaE: 0, deltaN: 0, deltaZ: 0, magnitud: ""0.000"" };
    msg.inc_dis_vector = ""0.000"";
}
return { msg: msg, metadata: metadata, msgType: msgType };"
Prismas,Validator,TbJsSwitchNode,not_a_formula,,,,,,,"nodo de filtro/switch (compuerta booleana o enrutamiento), no calcula un valor de telemetría","if (msgType === 'POST_TELEMETRY_REQUEST') {
    if (msg.hasOwnProperty('este_anterior') || msg.hasOwnProperty('norte_anterior') || msg.hasOwnProperty('elevacion_anterior')) {
        return ['automatizado'];
    } else {
        return['manual'];
    }
}"
Prueba,Filtro Rango Freq,TbJsFilterNode,not_a_formula,,,,,,,"nodo de filtro/switch (compuerta booleana o enrutamiento), no calcula un valor de telemetría","//msg.empresa=metadata.deviceName.substr(0,2);

if(msg.Freq<20000 && msg.Freq>100){
    return false
}
else{
    return true
}"
Prueba,Formula,TbTransformMsgNode,needs_manual_review,,,,,,,"contiene if/else o ternario -- tinyexpr no tiene control de flujo, requiere decisión manual de cómo modelarlo (o si corresponde partir en 2 fórmulas + alarma)","var newMsg={}
var offset
var factor_unidad = 1;
var constante = 1;

newMsg.resul_freq = ((parseFloat(msg.Freq) -parseFloat(metadata.shared_FreqIni))*parseFloat(metadata.shared_cf));


var Temperatura=msg.Temp

if ( parseFloat(msg.Temp) > 200) {
            
    newMsg.Temp_ohm=Temperatura
    
    var C0 = 1.40503E-03;
    var C1 = 2.36939E-04;
    var C3 = 1.01266E-07;
   
    var LnRTH = Math.log(parseFloat(msg.Temp));
    var VW_DegC = 1 / (C0 + C1 * LnRTH + C3 * LnRTH *
        LnRTH * LnRTH) - 273.15;
    
    Temperatura = parseFloat(VW_DegC);

    }
    
    
newMsg.resul_temp = ((parseFloat(Temperatura) -parseFloat(metadata.shared_TempIni))*parseFloat(metadata.shared_tk));

  

var result = (newMsg.resul_freq + newMsg.resul_temp);


if (metadata.shared_unidad == ""KPA"") {
    
    var constante = 101.972;
    var factor_unidad = 0.001;
}

 if (metadata.deviceType == 'settlement-cell') {

        newMsg.MPA = result;
        newMsg.MCA = parseFloat(newMsg.MPA) ; //Presion de poro 

    } else {

        newMsg.MPA = result * parseFloat(factor_unidad);
        newMsg.MCA = parseFloat(newMsg.MPA) * parseFloat(constante) + parseFloat(metadata.shared_offset); //Presion de poro

    }


var _mca = newMsg.MCA;

if (newMsg.MCA < 0) {
    _mca = 0;
}


if (metadata.deviceType == 'settlement-cell') {

    newMsg.ALT_INSTALL = parseFloat(metadata.shared_altitud);
    newMsg.ALT = parseFloat(newMsg.ALT_INSTALL) - Math.abs(newMsg.MCA);

} else {

    newMsg.ALT = _mca + parseFloat(metadata.shared_altitud);
    newMsg.ALT_INSTALL = parseFloat(metadata.shared_altitud);

}


return {
    msg: newMsg,
    metadata: metadata,
    msgType: msgType
};"
Prueba,Formula,TbTransformMsgNode,needs_manual_review,,,,,,,"contiene if/else o ternario -- tinyexpr no tiene control de flujo, requiere decisión manual de cómo modelarlo (o si corresponde partir en 2 fórmulas + alarma)","var newMsg = {};
var offset;
newMsg.resul_freq = ((parseFloat(msg.Freq) - parseFloat(metadata.shared_FreqIni)) * parseFloat(metadata.shared_cf));
var Frecuencia = msg.Freq;
var Temperatura = msg.Temp;
var offset = parseFloat(metadata.shared_offset);
if (parseFloat(msg.Temp) > 200) {
    newMsg.Temp_ohm = Temperatura;
    var C0 = 1.40503E-03;
    var C1 = 2.36939E-04;
    var C3 = 1.01266E-07;
    var LnRTH = Math.log(parseFloat(msg.Temp));
    var VW_DegC = 1 / (C0 + C1 * LnRTH + C3 * LnRTH * LnRTH * LnRTH) - 273.15;
    Temperatura = parseFloat(VW_DegC);
}
newMsg.Temp = Temperatura;
var var_a = parseFloat(metadata.shared_param_a);
var var_b = parseFloat(metadata.shared_param_b);
var var_c = parseFloat(metadata.shared_param_c);
var var_tk = parseFloat(metadata.shared_tk);
var var_TempIni = parseFloat(metadata.shared_TempIni);
var Temp = parseFloat(Temperatura);
if (metadata.shared_unidad == ""KPA"") {
    var D = 33.34689374;
    newMsg.MPA = ((var_a * Math.pow(Frecuencia, 2)) + (var_b * Frecuencia) + var_c + D - (var_tk * (var_TempIni - Temp)));
    newMsg.MCA = newMsg.MPA * 0.101972 + offset; //Presion de poro
}
if (metadata.shared_unidad == ""MPA"") {
    var D = 33.34689374;
    newMsg.MPA = ((var_a * Math.pow(Frecuencia, 2)) + (var_b * Frecuencia) + var_c + D - (var_tk * (var_TempIni - Temp))) / 1000;
    newMsg.MCA = newMsg.MPA * 101.972 + offset; //Presion de poro
}
if (metadata.shared_unidad == ""KPA"") {
    var factor_unidad = 0.001;
}
if (metadata.shared_unidad != ""METRO"") {
    var constante = 101.972;
}
var _mca = newMsg.MCA;
if (newMsg.MCA < 0) {
    _mca = 0;
}

// 17 Marzo Correccion del ALT en el caso settlement-cell
if (metadata.deviceType == 'settlement-cell') {
    newMsg.ALT_INSTALL = parseFloat(metadata.shared_altitud);
    newMsg.ALT = newMsg.ALT_INSTALL - Math.abs(newMsg.MCA);
} else {
    newMsg.NF = parseFloat(metadata.shared_profinstall) - newMsg.MCA;
    var a = parseFloat(metadata.shared_cotasuperficie);
    var b = parseFloat(metadata.shared_stickup);
    var c = parseFloat(metadata.shared_incli);
    newMsg.ALT = a - ((newMsg.NF - b) * Math.sin(c * Math.PI / 180));
    newMsg.ALT_INSTALL = parseFloat(metadata.shared_altitud);
}
return {
    msg: newMsg,
    metadata: metadata,
    msgType: msgType
};"
Prueba,Formula,TbTransformMsgNode,needs_manual_review,,,,,,,"contiene if/else o ternario -- tinyexpr no tiene control de flujo, requiere decisión manual de cómo modelarlo (o si corresponde partir en 2 fórmulas + alarma)","var newMsg = {};

var result = 0;
var factor_unidad = 1;
var constante = 1;

var with_temp = true;
var offset = 0;
var offset_bunits = 0;
var var_c0 = 0;
var var_c1 = 0;
var var_c2 = 0;
var var_c3 = 0;
var var_c4 = 0;
var var_c5 = 0;

newMsg.Freq_original = parseFloat(msg.Freq)



if ((typeof metadata.shared_offset_bunits != 'undefined') &&
    (parseFloat(metadata.shared_offset_bunits) !== 0.0)) {
    offset_bunits = parseFloat(metadata.shared_offset_bunits);
}

var Frecuencia = parseFloat(msg.Freq) + offset_bunits; //hz

newMsg.Freq = parseFloat(Frecuencia)



//Validacion de temperatura: SI NO HAY TEMPERATURA O ES NAN, no se considera en la formula
if ((typeof msg.Temp == 'undefined') || (msg.Temp == isNaN) ||
    (msg.Temp == 'NaN') || (msg.Temp == 'NAN')) {
    with_temp = false;

    //SI HAY TEMPERATURA, debe estar dentro de un rango válido
} else {

    if ((typeof metadata.shared_unidad_temp != 'undefined') &&
        (metadata.shared_unidad_temp == ""ohm"")) {
            
        
            
            var C0 = 1.40503E-03;
            var C1 = 2.36939E-04;
            var C3 = 1.01266E-07;
            
            newMsg.Temp_original=parseFloat(msg.Temp)
    
            var LnRTH = Math.log(parseFloat(msg.Temp));
            var VW_DegC = 1 / (C0 + C1 * LnRTH + C3 * LnRTH *
                LnRTH * LnRTH) - 273.15;
    
            msg.Temp = parseFloat(VW_DegC);
            newMsg.Temp = parseFloat(VW_DegC);
            newMsg.Temp_copy = parseFloat(VW_DegC);
            
        

        

    } else {
        //Rango válido para temperatura en Grados celcius entre (5°C y 40°C)
        if (parseFloat(msg.Temp) <= 5.0 || parseFloat(msg.Temp) >=
            40.0) {
            with_temp = false;
        }
    }
}

if ((typeof metadata.shared_offset != 'undefined') && (
        parseFloat(metadata.shared_offset) !== 0.0)) {
    offset = parseFloat(metadata.shared_offset);
}

if ((typeof metadata.shared_c0 != 'undefined') && (
        parseFloat(metadata.shared_c0) !== 0.0)) {
    var_c0 = parseFloat(metadata.shared_c0);
}

if ((typeof metadata.shared_c1 != 'undefined') && (
        parseFloat(metadata.shared_c1) !== 0.0)) {
    var_c1 = parseFloat(metadata.shared_c1);
}

if ((typeof metadata.shared_c2 != 'undefined') && (
        parseFloat(metadata.shared_c2) !== 0.0)) {
    var_c2 = parseFloat(metadata.shared_c2);
}

if ((typeof metadata.shared_c3 != 'undefined') && (
        parseFloat(metadata.shared_c3) !== 0.0)) {
    var_c3 = parseFloat(metadata.shared_c3);
}

if ((typeof metadata.shared_c4 != 'undefined') && (
        parseFloat(metadata.shared_c4) !== 0.0)) {
    var_c4= parseFloat(metadata.shared_c4);
}

if ((typeof metadata.shared_c5 != 'undefined') && (
        parseFloat(metadata.shared_c5) !== 0.0)) {
    var_c5= parseFloat(metadata.shared_c5);
}


if (metadata.shared_equation.substring(0, 6) == ""linear"") {
    
    
    
    //Linear A : P = G(R0 - Ri) + K(Ti - T0) + D
    //Linear B : P = G(Ri - R0) + K(Ti - T0) + D

    if (metadata.shared_equation == ""linear_a"") {
        //PARTE DE FORMULA: G(R0 - Ri)
        newMsg.resul_freq = ((parseFloat(metadata.shared_FreqIni) -
            parseFloat(Frecuencia)) * parseFloat(
            metadata.shared_cf));
    } else if (metadata.shared_equation == ""linear_b"") {
        //PARTE DE FORMULA: G(Ri - R0)
        newMsg.resul_freq = ((parseFloat(Frecuencia) -
                parseFloat(metadata.shared_FreqIni)) *
            parseFloat(metadata.shared_cf));
    }

    //PARTE DE FORMULA: K(Ti - T0)
    if (with_temp === true) {
        newMsg.resul_temp = ((parseFloat(msg.Temp) -
                parseFloat(metadata.shared_TempIni)) *
            parseFloat(metadata.shared_tk));
    } else {
        newMsg.resul_temp = parseFloat(0.0);
    }


    result = (newMsg.resul_freq + newMsg.resul_temp);

    // UNIDAD-VARIABLES KPA O MPA
    // SI ES MPA DEJAR NORMAL // SI ES KPA = DIVIDIR ENTRE 1000
    // MPA = KPA / 1000

    if (metadata.shared_unidad == ""KPA"") {
        factor_unidad = 0.001;
    }

    if (metadata.shared_unidad != ""METRO"") {
        constante = 101.972;
    }

    //16 Marzo Celda de asentamiento se quito factor unidad y constante

    if (metadata.deviceType == 'settlement-cell') {

        newMsg.MPA = result;
        newMsg.MCA = newMsg.MPA + offset; //Presion de poro 

    } else {

        newMsg.MPA = result * factor_unidad;
        newMsg.MCA = newMsg.MPA * constante + offset; //Presion de poro

    }
    

    //
  



} else if (metadata.shared_equation == ""polynomial_a1"") {

    //10215 Factor de conversion de Bar to mm
    //1013 Factor de 1Atomosfera a milibares
    var var_a = parseFloat(metadata.shared_param_a);
    var var_b = parseFloat(metadata.shared_param_b);
    var var_c = parseFloat(metadata.shared_param_c);

    var Barom = parseFloat(msg.PressKpa); //kpa


    result = (10215 * ((1013 - (Barom * 10)) / 1000 + ((
            var_a * Math.pow(Frecuencia, 2) +
            var_b * Frecuencia + var_c) * 0.01))) -
        parseFloat(metadata.shared_carga_ini);

    newMsg.MPA = result * factor_unidad;
    newMsg.MCA = newMsg.MPA * constante + offset; //Presion de poro

} else if (metadata.shared_equation == ""polynomial_a"") {

    var var_a = parseFloat(metadata.shared_param_a);
    var var_b = parseFloat(metadata.shared_param_b);
    var var_c = parseFloat(metadata.shared_param_c);

    var var_tk = parseFloat(metadata.shared_tk);
    var var_TempIni = parseFloat(metadata.shared_TempIni);

    var Temp = parseFloat(msg.Temp);


    if (metadata.shared_unidad == ""KPA"") {
        newMsg.MPA = ((var_a * Math.pow(Frecuencia, 2)) + (
            var_b * Frecuencia) + var_c - (var_tk *
            (var_TempIni - Temp)));
        newMsg.MCA = newMsg.MPA * 0.101972 + offset; //Presion de poro
    }

    if (metadata.shared_unidad == ""MPA"") {
        newMsg.MPA = ((var_a * Math.pow(Frecuencia, 2)) + (
            var_b * Frecuencia) + var_c - (var_tk *
            (var_TempIni - Temp)));
        newMsg.MCA = newMsg.MPA * 101.972 + offset; //Presion de poro
    }

}else if (metadata.shared_equation == ""polynomial_comp"") {
    
    if (with_temp===false) {
    
        newMsg.Temp=10+Math.random(1)
  
        var Temp = parseFloat(newMsg.Temp);
        
    }else{
        
        var Temp = parseFloat(newMsg.Temp)
    }

    

    newMsg.MPA=var_c0+var_c1*Frecuencia+var_c2*Temp+var_c3*Math.pow(Frecuencia, 2)+var_c4*Frecuencia*Temp+var_c5*Math.pow(Temp, 2)

    newMsg.MCA = newMsg.MPA * 0.101972 + offset; //Presion de poro
   

}




/*Agrege MCA<0*/

var _mca = newMsg.MCA;

if (newMsg.MCA < 0) {
    _mca = 0;
}

// 17 Marzo Correccion del ALT en el caso settlement-cell

if (metadata.deviceType == 'settlement-cell') {

    newMsg.ALT_INSTALL = parseFloat(metadata.shared_altitud);
    newMsg.ALT = newMsg.ALT_INSTALL - Math.abs(newMsg.MCA);

} else {

    newMsg.ALT = _mca + parseFloat(metadata.shared_altitud);
    newMsg.ALT_INSTALL = parseFloat(metadata.shared_altitud);

}

//////



newMsg.umbral1 = metadata.ss_umbral1;
newMsg.umbral2 = metadata.ss_umbral2;
newMsg.umbral3 = metadata.ss_umbral3;
newMsg.umbral4 = metadata.ss_umbral4;
newMsg.umbral5 = metadata.ss_umbral5;

//Variables ANEXO
if ((typeof metadata.shared_anexo1 != 'undefined')) {
    newMsg.anexo1 = metadata.shared_anexo1;
}
if ((typeof metadata.shared_anexo2 != 'undefined')) {
    newMsg.anexo2 = metadata.shared_anexo2;
}
if ((typeof metadata.shared_anexo3 != 'undefined')) {
    newMsg.anexo3 = metadata.shared_anexo3;
}


var condicional = 0;

if (metadata.ss_umbral_base_on == ""COTA"") {
    condicional = newMsg.ALT;
} else if (metadata.ss_umbral_base_on == ""MPA"") {
    condicional = newMsg.MPA;
} else if (metadata.ss_umbral_base_on == ""KPA"") {
    condicional = newMsg.MCA;
}




//Color de alerta   
if (condicional < parseFloat(metadata.ss_umbral1)) {
    newMsg.alarmcolor = ""#00ff00"";
    newMsg.alarmname = ""OFF"";
    newMsg.alarmlevel = ""level0"";
} else if (condicional >= parseFloat(metadata.ss_umbral1) &&
    condicional < parseFloat(metadata.ss_umbral2)) {
    newMsg.alarmcolor = ""#4caf50"";
    newMsg.alarmname = ""ON"";
    newMsg.alarmlevel = ""level1"";
} else if (condicional >= parseFloat(metadata.ss_umbral2) &&
    condicional < parseFloat(metadata.ss_umbral3)) {
    newMsg.alarmcolor = ""#ffeb3b"";
    newMsg.alarmname = ""ON"";
    newMsg.alarmlevel = ""level2"";
} else if (condicional >= parseFloat(metadata.ss_umbral3) &&
    condicional < parseFloat(metadata.ss_umbral4)) {
    newMsg.alarmcolor = ""#f44336"";
    newMsg.alarmname = ""ON"";
    newMsg.alarmlevel = ""level3"";
} else if (condicional >= parseFloat(metadata.ss_umbral4) &&
    condicional < parseFloat(metadata.ss_umbral5)) {
    newMsg.alarmcolor = ""#f44336"";
    newMsg.alarmname = ""ON"";
    newMsg.alarmlevel = ""level4"";
} else if (condicional >= parseFloat(metadata.ss_umbral5) &&
    parseFloat(metadata.ss_umbral5) > 0) {
    newMsg.alarmcolor = ""#9c27b0"";
    newMsg.alarmname = ""ON"";
    newMsg.alarmlevel = ""level5"";
} else {
    newMsg.alarmlevel = ""level9"";
    newMsg.alarmcolor = ""#00ff00"";
    newMsg.alarmname = ""OFF"";
}



newMsg.timestamp = metadata.ts;
metadata.ALT = newMsg.ALT;
metadata.MPA = newMsg.MPA;

newMsg.shared_unidad = metadata.shared_unidad;
newMsg.shared_cf = metadata.shared_cf
newMsg.shared_FreqIni = metadata.shared_FreqIni
newMsg.factor_unidad = factor_unidad
newMsg.offset_bunits = offset_bunits


if(newMsg.Temp==""NaN"" || newMsg.Temp==""NAN""){
    newMsg.Temp=10
}
return {
    msg: newMsg,
    metadata: metadata,
    msgType: msgType
};"
Prueba,Formula,TbTransformMsgNode,needs_manual_review,,,,,,,"contiene if/else o ternario -- tinyexpr no tiene control de flujo, requiere decisión manual de cómo modelarlo (o si corresponde partir en 2 fórmulas + alarma)","var newMsg = {};

var result = 0;
var factor_unidad = 1;
var constante = 1;

var with_temp = true;
var offset = 0;
var offset_bunits = 0;
var var_c0 = 0;
var var_c1 = 0;
var var_c2 = 0;
var var_c3 = 0;
var var_c4 = 0;
var var_c5 = 0;

newMsg.Freq_original = parseFloat(msg.Freq)



if ((typeof metadata.shared_offset_bunits != 'undefined') &&
    (parseFloat(metadata.shared_offset_bunits) !== 0.0)) {
    offset_bunits = parseFloat(metadata.shared_offset_bunits);
}

var Frecuencia = parseFloat(msg.Freq) + offset_bunits; //hz

newMsg.Freq = parseFloat(Frecuencia)



//Validacion de temperatura: SI NO HAY TEMPERATURA O ES NAN, no se considera en la formula
if ((typeof msg.Temp == 'undefined') || (msg.Temp == isNaN) ||
    (msg.Temp == 'NaN') || (msg.Temp == 'NAN')) {
    with_temp = false;

    //SI HAY TEMPERATURA, debe estar dentro de un rango válido
} else {

    if ((typeof metadata.shared_unidad_temp != 'undefined') &&
        (metadata.shared_unidad_temp == ""ohm"")) {
            
        
            
            var C0 = 1.40503E-03;
            var C1 = 2.36939E-04;
            var C3 = 1.01266E-07;
            
            newMsg.Temp_original=parseFloat(msg.Temp)
    
            var LnRTH = Math.log(parseFloat(msg.Temp));
            var VW_DegC = 1 / (C0 + C1 * LnRTH + C3 * LnRTH *
                LnRTH * LnRTH) - 273.15;
    
            msg.Temp = parseFloat(VW_DegC);
            newMsg.Temp = parseFloat(VW_DegC);
            newMsg.Temp_copy = parseFloat(VW_DegC);
            
        

        

    } else {
        //Rango válido para temperatura en Grados celcius entre (5°C y 40°C)
        if (parseFloat(msg.Temp) <= 5.0 || parseFloat(msg.Temp) >=
            40.0) {
            with_temp = false;
        }
    }
}

if ((typeof metadata.shared_offset != 'undefined') && (
        parseFloat(metadata.shared_offset) !== 0.0)) {
    offset = parseFloat(metadata.shared_offset);
}

if ((typeof metadata.shared_c0 != 'undefined') && (
        parseFloat(metadata.shared_c0) !== 0.0)) {
    var_c0 = parseFloat(metadata.shared_c0);
}

if ((typeof metadata.shared_c1 != 'undefined') && (
        parseFloat(metadata.shared_c1) !== 0.0)) {
    var_c1 = parseFloat(metadata.shared_c1);
}

if ((typeof metadata.shared_c2 != 'undefined') && (
        parseFloat(metadata.shared_c2) !== 0.0)) {
    var_c2 = parseFloat(metadata.shared_c2);
}

if ((typeof metadata.shared_c3 != 'undefined') && (
        parseFloat(metadata.shared_c3) !== 0.0)) {
    var_c3 = parseFloat(metadata.shared_c3);
}

if ((typeof metadata.shared_c4 != 'undefined') && (
        parseFloat(metadata.shared_c4) !== 0.0)) {
    var_c4= parseFloat(metadata.shared_c4);
}

if ((typeof metadata.shared_c5 != 'undefined') && (
        parseFloat(metadata.shared_c5) !== 0.0)) {
    var_c5= parseFloat(metadata.shared_c5);
}


if (metadata.shared_equation.substring(0, 6) == ""linear"") {
    
    
    
    //Linear A : P = G(R0 - Ri) + K(Ti - T0) + D
    //Linear B : P = G(Ri - R0) + K(Ti - T0) + D

    if (metadata.shared_equation == ""linear_a"") {
        //PARTE DE FORMULA: G(R0 - Ri)
        newMsg.resul_freq = ((parseFloat(metadata.shared_FreqIni) -
            parseFloat(Frecuencia)) * parseFloat(
            metadata.shared_cf));
    } else if (metadata.shared_equation == ""linear_b"") {
        //PARTE DE FORMULA: G(Ri - R0)
        newMsg.resul_freq = ((parseFloat(Frecuencia) -
                parseFloat(metadata.shared_FreqIni)) *
            parseFloat(metadata.shared_cf));
    }

    //PARTE DE FORMULA: K(Ti - T0)
    if (with_temp === true) {
        newMsg.resul_temp = ((parseFloat(msg.Temp) -
                parseFloat(metadata.shared_TempIni)) *
            parseFloat(metadata.shared_tk));
    } else {
        newMsg.resul_temp = parseFloat(0.0);
    }


    result = (newMsg.resul_freq + newMsg.resul_temp);

    // UNIDAD-VARIABLES KPA O MPA
    // SI ES MPA DEJAR NORMAL // SI ES KPA = DIVIDIR ENTRE 1000
    // MPA = KPA / 1000

    if (metadata.shared_unidad == ""KPA"") {
        factor_unidad = 0.001;
    }

    if (metadata.shared_unidad != ""METRO"") {
        constante = 101.972;
    }

    //16 Marzo Celda de asentamiento se quito factor unidad y constante

    if (metadata.deviceType == 'settlement-cell') {

        newMsg.MPA = result;
        newMsg.MCA = newMsg.MPA + offset; //Presion de poro 

    } else {

        newMsg.MPA = result * factor_unidad;
        newMsg.MCA = newMsg.MPA * constante + offset; //Presion de poro

    }
    

    //
  



} else if (metadata.shared_equation == ""polynomial_a1"") {

    //10215 Factor de conversion de Bar to mm
    //1013 Factor de 1Atomosfera a milibares
    var var_a = parseFloat(metadata.shared_param_a);
    var var_b = parseFloat(metadata.shared_param_b);
    var var_c = parseFloat(metadata.shared_param_c);

    var Barom = parseFloat(msg.PressKpa); //kpa


    result = (10215 * ((1013 - (Barom * 10)) / 1000 + ((
            var_a * Math.pow(Frecuencia, 2) +
            var_b * Frecuencia + var_c) * 0.01))) -
        parseFloat(metadata.shared_carga_ini);

    newMsg.MPA = result * factor_unidad;
    newMsg.MCA = newMsg.MPA * constante + offset; //Presion de poro

} else if (metadata.shared_equation == ""polynomial_a"") {

    var var_a = parseFloat(metadata.shared_param_a);
    var var_b = parseFloat(metadata.shared_param_b);
    var var_c = parseFloat(metadata.shared_param_c);

    var var_tk = parseFloat(metadata.shared_tk);
    var var_TempIni = parseFloat(metadata.shared_TempIni);

    var Temp = parseFloat(msg.Temp);


    if (metadata.shared_unidad == ""KPA"") {
        newMsg.MPA = ((var_a * Math.pow(Frecuencia, 2)) + (
            var_b * Frecuencia) + var_c - (var_tk *
            (var_TempIni - Temp)));
        newMsg.MCA = newMsg.MPA * 0.101972 + offset; //Presion de poro
    }

    if (metadata.shared_unidad == ""MPA"") {
        newMsg.MPA = ((var_a * Math.pow(Frecuencia, 2)) + (
            var_b * Frecuencia) + var_c - (var_tk *
            (var_TempIni - Temp)));
        newMsg.MCA = newMsg.MPA * 101.972 + offset; //Presion de poro
    }

}else if (metadata.shared_equation == ""polynomial_comp"") {
    
    if (with_temp===false) {
    
        newMsg.Temp=10+Math.random(1)
  
        var Temp = parseFloat(newMsg.Temp);
        
    }else{
        
        var Temp = parseFloat(newMsg.Temp)
    }

    

    newMsg.MPA=var_c0+var_c1*Frecuencia+var_c2*Temp+var_c3*Math.pow(Frecuencia, 2)+var_c4*Frecuencia*Temp+var_c5*Math.pow(Temp, 2)

    newMsg.MCA = newMsg.MPA * 0.101972 + offset; //Presion de poro
   

}




/*Agrege MCA<0*/

var _mca = newMsg.MCA;

if (newMsg.MCA < 0) {
    _mca = 0;
}

// 17 Marzo Correccion del ALT en el caso settlement-cell

if (metadata.deviceType == 'settlement-cell') {

    newMsg.ALT_INSTALL = parseFloat(metadata.shared_altitud);
    newMsg.ALT = newMsg.ALT_INSTALL - Math.abs(newMsg.MCA);

} else {

    newMsg.ALT = _mca + parseFloat(metadata.shared_altitud);
    newMsg.ALT_INSTALL = parseFloat(metadata.shared_altitud);

}

//////



newMsg.umbral1 = metadata.ss_umbral1;
newMsg.umbral2 = metadata.ss_umbral2;
newMsg.umbral3 = metadata.ss_umbral3;
newMsg.umbral4 = metadata.ss_umbral4;
newMsg.umbral5 = metadata.ss_umbral5;

//Variables ANEXO
if ((typeof metadata.shared_anexo1 != 'undefined')) {
    newMsg.anexo1 = metadata.shared_anexo1;
}
if ((typeof metadata.shared_anexo2 != 'undefined')) {
    newMsg.anexo2 = metadata.shared_anexo2;
}
if ((typeof metadata.shared_anexo3 != 'undefined')) {
    newMsg.anexo3 = metadata.shared_anexo3;
}


var condicional = 0;

if (metadata.ss_umbral_base_on == ""COTA"") {
    condicional = newMsg.ALT;
} else if (metadata.ss_umbral_base_on == ""MPA"") {
    condicional = newMsg.MPA;
} else if (metadata.ss_umbral_base_on == ""KPA"") {
    condicional = newMsg.MCA;
}




//Color de alerta   
if (condicional < parseFloat(metadata.ss_umbral1)) {
    newMsg.alarmcolor = ""#00ff00"";
    newMsg.alarmname = ""OFF"";
    newMsg.alarmlevel = ""level0"";
} else if (condicional >= parseFloat(metadata.ss_umbral1) &&
    condicional < parseFloat(metadata.ss_umbral2)) {
    newMsg.alarmcolor = ""#4caf50"";
    newMsg.alarmname = ""ON"";
    newMsg.alarmlevel = ""level1"";
} else if (condicional >= parseFloat(metadata.ss_umbral2) &&
    condicional < parseFloat(metadata.ss_umbral3)) {
    newMsg.alarmcolor = ""#ffeb3b"";
    newMsg.alarmname = ""ON"";
    newMsg.alarmlevel = ""level2"";
} else if (condicional >= parseFloat(metadata.ss_umbral3) &&
    condicional < parseFloat(metadata.ss_umbral4)) {
    newMsg.alarmcolor = ""#f44336"";
    newMsg.alarmname = ""ON"";
    newMsg.alarmlevel = ""level3"";
} else if (condicional >= parseFloat(metadata.ss_umbral4) &&
    condicional < parseFloat(metadata.ss_umbral5)) {
    newMsg.alarmcolor = ""#f44336"";
    newMsg.alarmname = ""ON"";
    newMsg.alarmlevel = ""level4"";
} else if (condicional >= parseFloat(metadata.ss_umbral5) &&
    parseFloat(metadata.ss_umbral5) > 0) {
    newMsg.alarmcolor = ""#9c27b0"";
    newMsg.alarmname = ""ON"";
    newMsg.alarmlevel = ""level5"";
} else {
    newMsg.alarmlevel = ""level9"";
    newMsg.alarmcolor = ""#00ff00"";
    newMsg.alarmname = ""OFF"";
}



newMsg.timestamp = metadata.ts;
metadata.ALT = newMsg.ALT;
metadata.MPA = newMsg.MPA;

newMsg.shared_unidad = metadata.shared_unidad;
newMsg.shared_cf = metadata.shared_cf
newMsg.shared_FreqIni = metadata.shared_FreqIni
newMsg.factor_unidad = factor_unidad
newMsg.offset_bunits = offset_bunits


if(newMsg.Temp==""NaN"" || newMsg.Temp==""NAN""){
    newMsg.Temp=10
}
return {
    msg: newMsg,
    metadata: metadata,
    msgType: msgType
};"
Prueba,Formula,TbTransformMsgNode,needs_manual_review,,,,,,,"contiene if/else o ternario -- tinyexpr no tiene control de flujo, requiere decisión manual de cómo modelarlo (o si corresponde partir en 2 fórmulas + alarma)","var newMsg={}

var factor_unidad = 1;
var constante = 1;

if(parseFloat(msg.Freq)<5000){
    msg.Freq=parseFloat(msg.Freq)*parseFloat(msg.Freq)/1000
    newMsg.Freq=msg.Freq
}

newMsg.resul_freq = ((parseFloat(metadata.shared_FreqIni) - parseFloat(msg.Freq)) * parseFloat(metadata.shared_cf));
  
var Temperatura=msg.Temp

if ( parseFloat(msg.Temp) > 200) {
            
    newMsg.Temp_ohm=Temperatura
    
    var C0 = 1.40503E-03;
    var C1 = 2.36939E-04;
    var C3 = 1.01266E-07;
   
    var LnRTH = Math.log(parseFloat(msg.Temp));
    var VW_DegC = 1 / (C0 + C1 * LnRTH + C3 * LnRTH *
        LnRTH * LnRTH) - 273.15;
    
    Temperatura = parseFloat(VW_DegC);
    
    newMsg.Temp=Temperatura

    }
    
    
newMsg.resul_temp = ((parseFloat(Temperatura) -parseFloat(metadata.shared_TempIni))*parseFloat(metadata.shared_tk));


var result = (newMsg.resul_freq + newMsg.resul_temp);


if (metadata.shared_unidad == ""KPA"") {
    
    var constante = 101.972;
    var factor_unidad = 0.001;
}



newMsg.MPA = result*factor_unidad;
newMsg.MCA = parseFloat(newMsg.MPA) * constante + parseFloat(metadata.shared_offset); //Presion de poro


var _mca = newMsg.MCA;

if (newMsg.MCA < 0) {
    _mca = 0;
}


if (metadata.deviceType == 'settlement-cell') {

    newMsg.ALT_INSTALL = parseFloat(metadata.shared_altitud);
    newMsg.ALT = parseFloat(newMsg.ALT_INSTALL) - Math.abs(newMsg.MCA);

} else {

    newMsg.ALT = _mca + parseFloat(metadata.shared_altitud);
    newMsg.ALT_INSTALL = parseFloat(metadata.shared_altitud);

}


return {
    msg: newMsg,
    metadata: metadata,
    msgType: msgType
};"
Prueba,Formula,TbTransformMsgNode,needs_manual_review,,,,,,,"contiene if/else o ternario -- tinyexpr no tiene control de flujo, requiere decisión manual de cómo modelarlo (o si corresponde partir en 2 fórmulas + alarma)","var newMsg = {};
var offset;
newMsg.resul_freq = ((parseFloat(msg.Freq) - parseFloat(metadata.shared_FreqIni)) * parseFloat(metadata.shared_cf));
var Frecuencia = msg.Freq;
var Temperatura = msg.Temp;
var offset = parseFloat(metadata.shared_offset);
if (parseFloat(msg.Temp) > 200) {
    newMsg.Temp_ohm = Temperatura;
    var C0 = 1.40503E-03;
    var C1 = 2.36939E-04;
    var C3 = 1.01266E-07;
    var LnRTH = Math.log(parseFloat(msg.Temp));
    var VW_DegC = 1 / (C0 + C1 * LnRTH + C3 * LnRTH * LnRTH * LnRTH) - 273.15;
    Temperatura = parseFloat(VW_DegC);
}
newMsg.Temp = Temperatura;
var var_a = parseFloat(metadata.shared_param_a);
var var_b = parseFloat(metadata.shared_param_b);
var var_c = parseFloat(metadata.shared_param_c);
var var_tk = parseFloat(metadata.shared_tk);
var var_TempIni = parseFloat(metadata.shared_TempIni);
var Temp = parseFloat(Temperatura);
if (metadata.shared_unidad == ""KPA"") {
    var var_d = parseFloat(metadata.shared_param_D);
    newMsg.MPA = ((var_a * Math.pow(Frecuencia, 2)) + (var_b * Frecuencia) + var_c + var_d - (var_tk * (var_TempIni - Temp)));
    newMsg.MCA = newMsg.MPA * 0.101972 + offset; //Presion de poro
}
if (metadata.shared_unidad == ""MPA"") {
    var var_d = parseFloat(metadata.shared_param_D);
    newMsg.MPA = ((var_a * Math.pow(Frecuencia, 2)) + (var_b * Frecuencia) + var_c + var_d - (var_tk * (var_TempIni - Temp))) / 1000;
    newMsg.MCA = newMsg.MPA * 101.972 + offset; //Presion de poro
}
if (metadata.shared_unidad == ""KPA"") {
    var factor_unidad = 0.001;
}
if (metadata.shared_unidad != ""METRO"") {
    var constante = 101.972;
}
var _mca = newMsg.MCA;
if (newMsg.MCA < 0) {
    _mca = 0;
}

// 17 Marzo Correccion del ALT en el caso settlement-cell
if (metadata.deviceType == 'settlement-cell') {
    newMsg.ALT_INSTALL = parseFloat(metadata.shared_altitud);
    newMsg.ALT = newMsg.ALT_INSTALL - Math.abs(newMsg.MCA);
} else {
    newMsg.NF = parseFloat(metadata.shared_prof_install) - newMsg.MCA;
    var a = parseFloat(metadata.shared_cota_superficie);
    var b = parseFloat(metadata.shared_stickup);
    var c = parseFloat(metadata.shared_incli);
    newMsg.ALT = a - ((newMsg.NF - b) * Math.sin(c * Math.PI / 180));
    newMsg.ALT_INSTALL = parseFloat(metadata.shared_altitud);
}
return {
    msg: newMsg,
    metadata: metadata,
    msgType: msgType
};"
Prueba,Guarda Token,TbTransformMsgNode,needs_manual_review,,,,,,,no se encontró ninguna asignación msg.<campo> = <expresión> reconocible,"var newmsg={}
newmsg.token=metadata.ss_token

return {msg: newmsg, metadata: metadata, msgType: msgType};"
Prueba,Tipo de Ecuacion,TbJsSwitchNode,not_a_formula,,,,,,,"nodo de filtro/switch (compuerta booleana o enrutamiento), no calcula un valor de telemetría","function nextRelation(metadata, msg) {
    return ['one','nine'];
}
if(msgType === 'POST_TELEMETRY_REQUEST') {
    
    if(metadata.shared_equation==""linear_a""){
        return ['linear_a'];
    }
    if(metadata.shared_equation==""linear_b""){
        return ['linear_b'];
    }
    if(metadata.shared_equation==""polinomial_a""){
        return ['polinomial_a'];
    }
    if(metadata.shared_equation==""polinomial_a1""){
        return ['polinomial_a1'];
    }
    if(metadata.shared_equation==""polinomial_a2""){
        return ['polinomial_a2'];
    }
    if(metadata.shared_equation==""polinomial_comp""){
        return ['polinomial_comp'];
    }
    
}
return nextRelation(metadata, msg);"
Reportes,Reporte,TbTransformMsgNode,needs_manual_review,,,,,,,no se encontró ninguna asignación msg.<campo> = <expresión> reconocible,"return {msg: msg, metadata: metadata, msgType: msgType};"
Root Migration,Switch device type,TbJsSwitchNode,not_a_formula,,,,,,,"nodo de filtro/switch (compuerta booleana o enrutamiento), no calcula un valor de telemetría","function nextRelation(metadata, msg) {
    if (msgType === 'POST_TELEMETRY_REQUEST') {
        var relation = ['other'];
        switch (metadata.deviceType) {
            case 'piezometer':
            case 'settlement-cell':
            case 'big_house':
                relation = ['piezometer_and_settlement_cell_v1'];
                break;
            case 'piezometer_equation':
                relation = ['piezometer_and_settlement_cell_v2'];
                break;
            case 'casagrande':
            case 'piez_level':
                relation = ['casagrande'];
                break;
            case 'SettlementCellDP':
                relation = ['settlement_cell_only'];
                break;
            case 'accelerograph':
                relation = ['accelerograph'];
                break;
            case 'weatherstation':
            case 'pluviometer':
                relation = ['weatherstation_and_pluviometer'];
                break;
            case 'hydrometric':
                relation = ['hydrometric'];
                break;
            case 'extensometer':
                relation = ['extensometer'];
                break;
            case 'tiltmeter':
                relation = ['tiltmeter'];
                break;
            case 'inplace':
                relation = ['tiltmeter_inplace'];
                break;
            case 'inclinacion':
                relation = ['inclinacion'];
                break;
            case 'prisma':
                relation = ['prism_v2'];
                break;
            case 'tilmiter_boro':
                relation = ['tilmiter_boro'];
                break;
            case 'prism':
                relation = ['prism_v1'];
                if (msg.dispositivo === 'B3') {
                    relation = ['prism_v1_b3'];
                }
                break;
            case 'boya':
                relation = ['boya'];
                break;
            case 'level':
                relation = ['level'];
                break;
            case 'ph':
                relation = ['ph'];
                break;
            case 'ManualLogger':
                relation = ['manual_logger'];
                break;
            case 'asentamiento':
                relation = ['asentamiento'];
                break;
            case 'test':
                relation = ['test'];
                break;
            case 'celdas_cuajone':
                relation = ['celdas_cuajone'];
                break;
            default:
                break;
        }
        return relation;
    }
}
return nextRelation(metadata, msg);"
SOIL,TransformaLitros,TbTransformMsgNode,needs_manual_review,,,,,,,"contiene if/else o ternario -- tinyexpr no tiene control de flujo, requiere decisión manual de cómo modelarlo (o si corresponde partir en 2 fórmulas + alarma)","msg[""VWC_100cmLitrosHorario""] = (msg[""VWC_100cm""] !== null && msg[""VWC_100cm""] !== undefined) ? msg[""VWC_100cm""] * 0.0128 * 1000 : 0;
msg[""VWC_75cmLitrosHorario""] = (msg[""VWC_75cm""] !== null && msg[""VWC_75cm""] !== undefined) ? msg[""VWC_75cm""] * 0.075 * 1000 : 0;
msg[""VWC_60cmLitrosHorario""] = (msg[""VWC_60cm""] !== null && msg[""VWC_60cm""] !== undefined) ? msg[""VWC_60cm""] * 0.05 * 1000 : 0;
msg[""VWC_50cmLitrosHorario""] = (msg[""VWC_50cm""] !== null && msg[""VWC_50cm""] !== undefined) ? msg[""VWC_50cm""] * 0.05 * 1000 : 0;
msg[""VWC_40cmLitrosHorario""] = (msg[""VWC_40cm""] !== null && msg[""VWC_40cm""] !== undefined) ? msg[""VWC_40cm""] * 0.05 * 1000 : 0;
msg[""VWC_30cmLitrosHorario""] = (msg[""VWC_30cm""] !== null && msg[""VWC_30cm""] !== undefined) ? msg[""VWC_30cm""] * 0.05 * 1000 : 0;
msg[""VWC_20cmLitrosHorario""] = (msg[""VWC_20cm""] !== null && msg[""VWC_20cm""] !== undefined) ? msg[""VWC_20cm""] * 0.05 * 1000 : 0;
msg[""VWC_10cmLitrosHorario""] = (msg[""VWC_10cm""] !== null && msg[""VWC_10cm""] !== undefined) ? msg[""VWC_10cm""] * 0.025 * 1000 : 0;
msg[""VWC_5cmLitrosHorario""] = (msg[""VWC_5cm""] !== null && msg[""VWC_5cm""] !== undefined) ? msg[""VWC_5cm""] * 0.025 * 1000 : 0;
msg['VWCSumaHoraria'] = 
    (msg[""VWC_100cmLitrosHorario""] || 0) + 
    (msg[""VWC_75cmLitrosHorario""] || 0) + 
    (msg[""VWC_60cmLitrosHorario""] || 0) + 
    (msg[""VWC_50cmLitrosHorario""] || 0) + 
    (msg[""VWC_40cmLitrosHorario""] || 0) + 
    (msg[""VWC_30cmLitrosHorario""] || 0) + 
    (msg[""VWC_20cmLitrosHorario""] || 0) + 
    (msg[""VWC_10cmLitrosHorario""] || 0) + 
    (msg[""VWC_5cmLitrosHorario""] || 0);
return {msg: msg, metadata: metadata, msgType: msgType};"
SettlementCellRC,Asigna,TbTransformMsgNode,needs_manual_review,ALT,,,,,"MCA,cota_superficie,nivel_alerta,nivel_peligro,z",quedó un token no traducido tras limpiar funciones/campos/parámetros conocidos: residual='msg.ElevaciónFinal' (expresión original: 'msg.ElevaciónFinal'),"//Se corrige valor de Z, porque para Brocal siempre se consideró el asentamiento positivo
var altitud = parseFloat(metadata.shared_altitud);
var offset = parseFloat(metadata.shared_offset);
msg.z= msg.z + offset;
msg.MCA= msg.z;
msg.ElevaciónFinal = altitud - Math.abs(msg.z);
msg.ALT = msg.ElevaciónFinal;

msg.cota_superficie=metadata.shared_cota_superficie;
msg.nivel_alerta=metadata.shared_nivel_alerta;
msg.nivel_peligro=metadata.shared_nivel_peligro;
return {msg: msg, metadata: metadata, msgType: msgType};"
SettlementCellRC,Asigna,TbTransformMsgNode,translated,MCA,,shared_offset,(z + (shared_offset)),,"ALT,cota_superficie,nivel_alerta,nivel_peligro,z",,"//Se corrige valor de Z, porque para Brocal siempre se consideró el asentamiento positivo
var altitud = parseFloat(metadata.shared_altitud);
var offset = parseFloat(metadata.shared_offset);
msg.z= msg.z + offset;
msg.MCA= msg.z;
msg.ElevaciónFinal = altitud - Math.abs(msg.z);
msg.ALT = msg.ElevaciónFinal;

msg.cota_superficie=metadata.shared_cota_superficie;
msg.nivel_alerta=metadata.shared_nivel_alerta;
msg.nivel_peligro=metadata.shared_nivel_peligro;
return {msg: msg, metadata: metadata, msgType: msgType};"
SettlementCellRC,Asigna,TbTransformMsgNode,translated,cota_superficie,,shared_cota_superficie,shared_cota_superficie,,"ALT,MCA,nivel_alerta,nivel_peligro,z",,"//Se corrige valor de Z, porque para Brocal siempre se consideró el asentamiento positivo
var altitud = parseFloat(metadata.shared_altitud);
var offset = parseFloat(metadata.shared_offset);
msg.z= msg.z + offset;
msg.MCA= msg.z;
msg.ElevaciónFinal = altitud - Math.abs(msg.z);
msg.ALT = msg.ElevaciónFinal;

msg.cota_superficie=metadata.shared_cota_superficie;
msg.nivel_alerta=metadata.shared_nivel_alerta;
msg.nivel_peligro=metadata.shared_nivel_peligro;
return {msg: msg, metadata: metadata, msgType: msgType};"
SettlementCellRC,Asigna,TbTransformMsgNode,translated,nivel_alerta,,shared_nivel_alerta,shared_nivel_alerta,,"ALT,MCA,cota_superficie,nivel_peligro,z",,"//Se corrige valor de Z, porque para Brocal siempre se consideró el asentamiento positivo
var altitud = parseFloat(metadata.shared_altitud);
var offset = parseFloat(metadata.shared_offset);
msg.z= msg.z + offset;
msg.MCA= msg.z;
msg.ElevaciónFinal = altitud - Math.abs(msg.z);
msg.ALT = msg.ElevaciónFinal;

msg.cota_superficie=metadata.shared_cota_superficie;
msg.nivel_alerta=metadata.shared_nivel_alerta;
msg.nivel_peligro=metadata.shared_nivel_peligro;
return {msg: msg, metadata: metadata, msgType: msgType};"
SettlementCellRC,Asigna,TbTransformMsgNode,translated,nivel_peligro,,shared_nivel_peligro,shared_nivel_peligro,,"ALT,MCA,cota_superficie,nivel_alerta,z",,"//Se corrige valor de Z, porque para Brocal siempre se consideró el asentamiento positivo
var altitud = parseFloat(metadata.shared_altitud);
var offset = parseFloat(metadata.shared_offset);
msg.z= msg.z + offset;
msg.MCA= msg.z;
msg.ElevaciónFinal = altitud - Math.abs(msg.z);
msg.ALT = msg.ElevaciónFinal;

msg.cota_superficie=metadata.shared_cota_superficie;
msg.nivel_alerta=metadata.shared_nivel_alerta;
msg.nivel_peligro=metadata.shared_nivel_peligro;
return {msg: msg, metadata: metadata, msgType: msgType};"
SettlementCellRC,Asigna,TbTransformMsgNode,translated,z,,shared_offset,z + (shared_offset),,"ALT,MCA,cota_superficie,nivel_alerta,nivel_peligro",,"//Se corrige valor de Z, porque para Brocal siempre se consideró el asentamiento positivo
var altitud = parseFloat(metadata.shared_altitud);
var offset = parseFloat(metadata.shared_offset);
msg.z= msg.z + offset;
msg.MCA= msg.z;
msg.ElevaciónFinal = altitud - Math.abs(msg.z);
msg.ALT = msg.ElevaciónFinal;

msg.cota_superficie=metadata.shared_cota_superficie;
msg.nivel_alerta=metadata.shared_nivel_alerta;
msg.nivel_peligro=metadata.shared_nivel_peligro;
return {msg: msg, metadata: metadata, msgType: msgType};"
SettlementCellRC,Battery Validation,TbJsFilterNode,not_a_formula,,,,,,,"nodo de filtro/switch (compuerta booleana o enrutamiento), no calcula un valor de telemetría","if (typeof msg.BattNode !== 'undefined') {
    return msg.BattNode > 0;
} else {
    return true;
}"
SettlementCellRC,Convert Frequency if exist,TbTransformMsgNode,needs_manual_review,,,,,,,"contiene if/else o ternario -- tinyexpr no tiene control de flujo, requiere decisión manual de cómo modelarlo (o si corresponde partir en 2 fórmulas + alarma)","if (msg.hasOwnProperty('Freq')) {
    if (metadata.shared_unidad_freq == 'hertz') {
        var freq = parseFloat(msg.Freq);
        msg.Freq = parseFloat(Math.pow(freq, 2) / 1000);
    }
}
return {msg: msg, metadata: metadata, msgType: msgType};"
SettlementCellRC,Convert Temperature if exist,TbTransformMsgNode,needs_manual_review,,,,,,,"contiene if/else o ternario -- tinyexpr no tiene control de flujo, requiere decisión manual de cómo modelarlo (o si corresponde partir en 2 fórmulas + alarma)","if (msg.hasOwnProperty('Temp')) {
    if (metadata.shared_unidad_temp == 'ohm') {
        var C0 = 1.40503E-03;
        var C1 = 2.36939E-04;
        var C3 = 1.01266E-07;
        var temp = parseFloat(msg.Temp);
        var tempLog = Math.log(temp);
        msg.Temp = parseFloat(1 / (C3 * Math.pow(tempLog, 3) + C1 * tempLog + C0) - 273.15);
    }
}
return { msg: msg, metadata: metadata, msgType: msgType };"
SettlementCellRC,Copy of Original Data,TbTransformMsgNode,needs_manual_review,,,,,,,"contiene if/else o ternario -- tinyexpr no tiene control de flujo, requiere decisión manual de cómo modelarlo (o si corresponde partir en 2 fórmulas + alarma)","msg.oriFreq = parseFloat(msg.Freq);
msg.oriTemp = parseFloat(msg.Temp);
if (isNaN(msg.oriFreq)) {
    msg.oriFreq = 'NaN';
}
if (isNaN(msg.oriTemp)) {
    msg.oriTemp = 'NaN';
}
return {msg: msg, metadata: metadata, msgType: msgType};"
SettlementCellRC,Cuajone Linear RST,TbTransformMsgNode,needs_manual_review,,,,,,,"contiene if/else o ternario -- tinyexpr no tiene control de flujo, requiere decisión manual de cómo modelarlo (o si corresponde partir en 2 fórmulas + alarma)","var mpa_to_psi = 145.038;
var kpa_to_psi = 0.145038;
var psi_to_mca = 0.703089;
var unidad = metadata.shared_unidad; // PSI
var altitud = parseFloat(metadata.shared_altitud);
var mpa = parseFloat(msg.MPA); // En psi para celdas de asentamiento en Cuajone.
// Convertir a PSI:
if (unidad === 'KPA') {
    mpa = mpa * kpa_to_psi;
} else if (unidad === 'MPA') {
    mpa = mpa * mpa_to_psi;
}
msg.MPA = mpa;
msg.z = mpa * psi_to_mca;
if(msg.z <0)
{
    msg.z=0
}
msg.ElevacionFinal = altitud - msg.z;
msg.MCA = msg.z;
msg.ALT = msg.ElevacionFinal;
return { msg: msg, metadata: metadata, msgType: msgType };"
SettlementCellRC,Extraer umbrales,TbTransformMsgNode,needs_manual_review,,,,,,,no se encontró ninguna asignación msg.<campo> = <expresión> reconocible,"var newMsg = {};
newMsg.umbral1 = metadata.ss_umbral1;
newMsg.umbral2 = metadata.ss_umbral2;
newMsg.umbral3 = metadata.ss_umbral3;
newMsg.umbral4 = metadata.ss_umbral4;
newMsg.umbral5 = metadata.ss_umbral5;
return { msg: newMsg, metadata: metadata, msgType: msgType };"
SettlementCellRC,Filter Equation,TbJsSwitchNode,not_a_formula,,,,,,,"nodo de filtro/switch (compuerta booleana o enrutamiento), no calcula un valor de telemetría","if (msgType === 'POST_TELEMETRY_REQUEST') {
    if (metadata.shared_equation == 'linear') {
        return ['linear'];
    } else if (metadata.shared_equation == 'linear_a') {
        return ['linear_a'];
    } else if (metadata.shared_equation == 'linear_b') {
        return ['linear_b'];
    } else if (metadata.shared_equation == 'linear_c') {
        return ['linear_c'];
    } else if (metadata.shared_equation == 'linear_c1') {
        return ['linear_c1'];
    } else if (metadata.shared_equation == 'linear_d') {
        return ['linear_d'];
    } else if (metadata.shared_equation == 'linear_e') {
        return ['linear_e'];
    } else if (metadata.shared_equation == 'linearRST') {
        return ['linearRST'];
    } else if (metadata.shared_equation == 'linearRSTCJ') {
        return ['linearRSTCJ'];
    } else if (metadata.shared_equation == 'linearSoilInstruments') {
        return ['linearSoilInstruments'];
    } else if (metadata.shared_equation == 'polinomial_a') {
        return ['polinomial_a'];
    } else if (metadata.shared_equation == 'polinomial_a1') {
        return ['polinomial_a1'];
    } else if (metadata.shared_equation == 'polinomial_a2') {
        return ['polinomial_a2'];
    } else if (metadata.shared_equation == 'polynomial_a3') {
        return ['polynomial_a3'];
    } else if (metadata.shared_equation == 'polynomial_a4') {
        return ['polynomial_a4'];
    } else if (metadata.shared_equation == 'polynomial_a5') {
        return ['polynomial_a5'];
    } else if (metadata.shared_equation == 'polinomial_comp') {
        return ['polinomial_comp'];
    } 
      else if (metadata.shared_equation == 'linear_a_prueba') {
        return ['linear_a_prueba'];
    }
    else {
        return ['default'];
    }
}"
SettlementCellRC,Formula lineal,TbTransformMsgNode,needs_manual_review,,,,,,,"contiene if/else o ternario -- tinyexpr no tiene control de flujo, requiere decisión manual de cómo modelarlo (o si corresponde partir en 2 fórmulas + alarma)","var newMsg = {};
var deviceType = metadata.deviceType;
var unidad = metadata.shared_unidad;
var freq = parseFloat(msg.Freq);
var temp = parseFloat(msg.Temp);
var freqIni = parseFloat(metadata.shared_FreqIni);
var tempIni = parseFloat(metadata.shared_TempIni);
var tk = parseFloat(metadata.shared_tk);
var cf = parseFloat(metadata.shared_cf);
var altitud = parseFloat(metadata.shared_altitud);
var factor_conv_up_to_mca = parseFloat(metadata.shared_factor_conv_up_to_mca);
var kpa = 0.101972;
var mpa = 101.972;
var mca = 0;
newMsg.Temp = temp;
newMsg.Freq_original = freq;
newMsg.resul_freq = (freqIni - freq) * cf;
newMsg.resul_temp = (tempIni - temp) * tk;
newMsg.resul = newMsg.resul_freq - newMsg.resul_temp;
if (unidad === 'KPA') {
    if (isNaN(factor_conv_up_to_mca) || factor_conv_up_to_mca <= 0 || factor_conv_up_to_mca >= 1) {
        factor_conv_up_to_mca = kpa;
    }
} else if (unidad === 'MPA') {
    if (isNaN(factor_conv_up_to_mca) || factor_conv_up_to_mca <= 100) {
        factor_conv_up_to_mca = mpa;
    }
}
newMsg.MPA = newMsg.resul;
newMsg.Factor = factor_conv_up_to_mca;
newMsg.MCA = newMsg.MPA * factor_conv_up_to_mca;
if (newMsg.MCA > 0) {
    mca = newMsg.MCA;
}
newMsg.ALT_INSTALL = altitud;
if (deviceType === 'settlement-cell') {
    newMsg.ALT = newMsg.ALT_INSTALL - Math.abs(newMsg.MCA);
} else {
    newMsg.ALT = newMsg.ALT_INSTALL + mca;
}
return { msg: newMsg, metadata: metadata, msgType: msgType };"
SettlementCellRC,Formula lineal B,TbTransformMsgNode,needs_manual_review,,,,,,,"contiene if/else o ternario -- tinyexpr no tiene control de flujo, requiere decisión manual de cómo modelarlo (o si corresponde partir en 2 fórmulas + alarma)","var newMsg = {};
var temp = parseFloat(msg.Temp);
var freq = parseFloat(msg.Freq);
var ts = Number(metadata.ts);
var freqIni = parseFloat(metadata.shared_FreqIni);
var tempIni = parseFloat(metadata.shared_TempIni);
var cf = parseFloat(metadata.shared_cf);
var tk = parseFloat(metadata.shared_tk);
var offset = parseFloat(metadata.shared_offset);
var offsetBunits = parseFloat(metadata.shared_offset_bunits);
var offsetBunitsStartTs = new Date(String(metadata.shared_offset_bunits_start_ts)).getTime();
var offsetBunitsEndTs = new Date(String(metadata.shared_offset_bunits_end_ts)).getTime();
var altitud = parseFloat(metadata.shared_altitud);
newMsg.Freq_original = freq;
newMsg.Temp = temp;
if (ts >= offsetBunitsStartTs && ts <= offsetBunitsEndTs) {
    newMsg.Freq = freq + offsetBunits;
    newMsg.resul_freq = (newMsg.Freq - freqIni) * cf;
} else {
    newMsg.Freq = freq;
    newMsg.resul_freq = (freq - freqIni) * cf;
}
newMsg.resul_temp = (temp - tempIni) * tk;
newMsg.result = newMsg.resul_freq + newMsg.resul_temp;
newMsg.MPA = newMsg.result;
newMsg.MCA = newMsg.MPA + offset;
newMsg.ALT_INSTALL = altitud;
newMsg.ALT = newMsg.ALT_INSTALL - Math.abs(newMsg.MCA);
return { msg: newMsg, metadata: metadata, msgType: msgType };"
SettlementCellRC,Formula polinomial A3,TbTransformMsgNode,needs_manual_review,,,,,,,"contiene if/else o ternario -- tinyexpr no tiene control de flujo, requiere decisión manual de cómo modelarlo (o si corresponde partir en 2 fórmulas + alarma)","var newMsg = {};
var unidad = metadata.shared_unidad;
var freq = parseFloat(msg.Freq);
var temp = parseFloat(msg.Temp);
var freqIni = parseFloat(metadata.shared_FreqIni);
var paramA = parseFloat(metadata.shared_param_a);
var paramB = parseFloat(metadata.shared_param_b);
var altitud = parseFloat(metadata.shared_altitud);
var offset = parseFloat(metadata.shared_offset);
newMsg.Temp = temp;
newMsg.Freq = freq;
if (unidad === 'KPA') {
    newMsg.MPA = (paramA * Math.pow(freq, 2)) + (paramB * freq) - ((paramA * Math.pow(freqIni, 2)) + (paramB * freqIni));
    newMsg.MCA = newMsg.MPA * 0.101972;
}
if (unidad === 'MPA') {
    newMsg.MPA = ((paramA * Math.pow(freq, 2)) + (paramB * freq) - ((paramA * Math.pow(freqIni, 2)) + (paramB * freqIni))) / 1000;
    newMsg.MCA = newMsg.MPA * 101.972;
}
if (!isNaN(offset)) {
    newMsg.MCAOld = newMsg.MCA;
    newMsg.MCA = newMsg.MCA + offset;
}
newMsg.ALT_INSTALL = altitud;
newMsg.ALT = newMsg.ALT_INSTALL - Math.abs(newMsg.MCA);
return { msg: newMsg, metadata: metadata, msgType: msgType };"
SettlementCellRC,Formula polinomial A4,TbTransformMsgNode,needs_manual_review,,,,,,,"contiene if/else o ternario -- tinyexpr no tiene control de flujo, requiere decisión manual de cómo modelarlo (o si corresponde partir en 2 fórmulas + alarma)","var newMsg = {};
var constante = 1;
var unidad = metadata.shared_unidad;
var freq = parseFloat(msg.Freq);
var temp = parseFloat(msg.Temp);
var offset = parseFloat(metadata.shared_offset);
var tempIni = parseFloat(metadata.shared_TempIni);
var paramA = parseFloat(metadata.shared_param_a);
var paramB = parseFloat(metadata.shared_param_b);
var paramC0 = parseFloat(metadata.shared_param_c0);
var tk = parseFloat(metadata.shared_tk);
var altitud = parseFloat(metadata.shared_altitud);
newMsg.Temp = temp;
newMsg.Freq = freq;
newMsg.MPA = (paramA * Math.pow(freq, 2)) + (paramB * freq) + paramC0 + (tk * (temp - tempIni));
if (unidad === 'KPA') {
    constante = 0.101974;
} else if (unidad === 'MPA') {
    constante = 101.974;
    newMsg.MPA = newMsg.MPA / 1000;
}
newMsg.MCA = newMsg.MPA * constante;
if (!isNaN(offset)) {
    newMsg.MCAOld = newMsg.MCA;
    newMsg.MCA = newMsg.MCA + offset;
}
newMsg.ALT_INSTALL = altitud;
newMsg.ALT = newMsg.ALT_INSTALL - newMsg.MCA;
return { msg: newMsg, metadata: metadata, msgType: msgType };"
SettlementCellRC,Formula polinomial A5,TbTransformMsgNode,needs_manual_review,,,,,,,"contiene if/else o ternario -- tinyexpr no tiene control de flujo, requiere decisión manual de cómo modelarlo (o si corresponde partir en 2 fórmulas + alarma)","var newMsg = {};
var constante = 0;
var unidad = metadata.shared_unidad;
var freq = parseFloat(msg.Freq);
var temp = parseFloat(msg.Temp);
var offset = parseFloat(metadata.shared_offset);
var tempIni = parseFloat(metadata.shared_TempIni);
var paramA = parseFloat(metadata.shared_param_a);
var paramB = parseFloat(metadata.shared_param_b);
var paramC = parseFloat(metadata.shared_param_c);
var tk = parseFloat(metadata.shared_tk);
var altitud = parseFloat(metadata.shared_altitud);
newMsg.Temp = temp;
newMsg.Freq = freq;
newMsg.MPA = (paramA * Math.pow(freq, 2)) + (paramB * freq) + paramC + (tk * (temp - tempIni)) + offset;
if (unidad === 'KPA') {
    constante = 0.101974;
} else if (unidad === 'MPA') {
    constante = 101.974;
}
newMsg.MCA = newMsg.MPA * constante;
newMsg.ALT_INSTALL = altitud;
newMsg.ALT = newMsg.ALT_INSTALL - newMsg.MCA;
return { msg: newMsg, metadata: metadata, msgType: msgType };"
SettlementCellRC,Freq Validation,TbJsFilterNode,not_a_formula,,,,,,,"nodo de filtro/switch (compuerta booleana o enrutamiento), no calcula un valor de telemetría","if (msg.Freq == 'NaN' || msg.oriFreq== ""NaN"") {
    return false;
} else {
    return true;
}"
SettlementCellRC,Fórmula lineal A,TbTransformMsgNode,needs_manual_review,,,,,,,"contiene if/else o ternario -- tinyexpr no tiene control de flujo, requiere decisión manual de cómo modelarlo (o si corresponde partir en 2 fórmulas + alarma)","/*
PARTE DE FORMULA: G(R0 - Ri)
newMsg.resul_freq = ((parseFloat(metadata.shared_FreqIni) - parseFloat(Frecuencia)) * parseFloat(metadata.shared_cf));
*/
var newMsg = {};
var constante = 1;
var factor_unidad = 1;
var freq = parseFloat(msg.Freq);
var temp = parseFloat(msg.Temp);
var unidad = metadata.shared_unidad;
var freqIni = parseFloat(metadata.shared_FreqIni);
var tempIni = parseFloat(metadata.shared_TempIni);
var tk = parseFloat(metadata.shared_tk);
var cf = parseFloat(metadata.shared_cf);
var altitud = parseFloat(metadata.shared_altitud);
var offset = parseFloat(metadata.shared_offset);
newMsg.resul_freq = (freqIni - freq) * cf;
newMsg.resul_temp = (temp - tempIni) * tk;
newMsg.resul = newMsg.resul_freq + newMsg.resul_temp;
if (unidad === 'KPA') {
    constante = 101.972;
    factor_unidad = 0.001;
}
newMsg.MPA = newMsg.resul * factor_unidad;
newMsg.MCA_original = newMsg.MPA * constante;
newMsg.MCA = newMsg.MCA_original + offset;
newMsg.ALT_INSTALL = altitud;
newMsg.ALT = newMsg.ALT_INSTALL - newMsg.MCA;
return { msg: newMsg, metadata: metadata, msgType: msgType };"
SettlementCellRC,Is AsentamientoPromDiario in message?,TbJsFilterNode,not_a_formula,,,,,,,"nodo de filtro/switch (compuerta booleana o enrutamiento), no calcula un valor de telemetría",return msg.hasOwnProperty('AsentamientoPromDiario');
SettlementCellRC,Linear RST,TbTransformMsgNode,needs_manual_review,,,,,,,"contiene if/else o ternario -- tinyexpr no tiene control de flujo, requiere decisión manual de cómo modelarlo (o si corresponde partir en 2 fórmulas + alarma)","var unidad = metadata.shared_unidad;
var freq = parseFloat(msg.Freq);
var temp = parseFloat(msg.Temp);
var press = parseFloat(msg.Press);
var freqIni = parseFloat(metadata.shared_FreqIni);
var tempIni = parseFloat(metadata.shared_TempIni);
var pressIni = parseFloat(metadata.shared_PressIni);
var tk = parseFloat(metadata.shared_tk);
var cf = parseFloat(metadata.shared_cf);
var altitud = parseFloat(metadata.shared_altitud);
msg.z = (cf * (freqIni - freq)) - (tk * (tempIni - temp));
if (!isNaN(pressIni) && !isNaN(press) && (pressIni !== 0)) {
    // Se considera que press y pressIni están en mbar. El 0,1 convierte de mbar a KPa. El factor de conversión 0,0953 convierte de KPa a m.
    msg.z = msg.z - (0.0953 * 0.1 * (pressIni - press));
}
msg.MCA = msg.z;
msg.ElevaciónFinal = altitud - msg.z;
msg.ALT = msg.ElevaciónFinal;
return { msg: msg, metadata: metadata, msgType: msgType };"
SettlementCellRC,Linear Soil Instruments,TbTransformMsgNode,needs_manual_review,,,,,,,"contiene if/else o ternario -- tinyexpr no tiene control de flujo, requiere decisión manual de cómo modelarlo (o si corresponde partir en 2 fórmulas + alarma)","/*
Fórmula para Soil Instruments | Settlement Cell.
Pp = G(R0 - R1)
*/
var unidad = metadata.shared_unidad;
var freq = parseFloat(msg.Freq);
var freqIni = parseFloat(metadata.shared_FreqIni);
var cf = parseFloat(metadata.shared_cf);
var altitud = parseFloat(metadata.shared_altitud);
var factor_conv_up_to_mca = parseFloat(metadata.shared_factor_conv_up_to_mca);
var mpa = 101.974;
var kpa = 0.101974;
msg.MPA = cf * (freqIni - freq);
if (unidad === 'KPA') {
    if (isNaN(factor_conv_up_to_mca) || factor_conv_up_to_mca <= 0 || factor_conv_up_to_mca >= 1) {
        factor_conv_up_to_mca = kpa;
    }
} else if (unidad === 'MPA') {
    if (isNaN(factor_conv_up_to_mca) || factor_conv_up_to_mca <= 100) {
        factor_conv_up_to_mca = mpa;
    }
}
msg.Asentamiento = msg.MPA * factor_conv_up_to_mca;
msg.ElevacionFinal = altitud - msg.Asentamiento;
return { msg: msg, metadata: metadata, msgType: msgType };"
TestRC-V1,Procesamiento principal,TbTransformMsgNode,needs_manual_review,,,,,,,"contiene if/else o ternario -- tinyexpr no tiene control de flujo, requiere decisión manual de cómo modelarlo (o si corresponde partir en 2 fórmulas + alarma)","/**
 * Script de transformación del mensaje para dispositivos Yaros.
 * @author ReynaldoVR
 * @version 1.0
 */

// Tabla de criterios a considerar al momento de procesar el ángulo del eje A y B:
var devicename = metadata.deviceName;
var _devicename = devicename.substring(0, 3).toLowerCase();
if (_devicename == ""yr."") {
    var aAxisFactors = { ""Applied_Angle_Deg"": [30, 25, 20, 15, 10, 5, 0, -5, -10, -15, -20, -25, -30], ""Applied_Angle_Sinx"": [0.5, 0.42262, 0.34202, 0.25882, 0.17365, 0.08716, -0.08716, -0.17365, -0.25882, -0.34202, -0.42262, -0.5], ""Displayed_Angle_Sinx"": [0.5, 0.42263, 0.34202, 0.25882, 0.17364, 0.08715, -0.08714, -0.17364, -0.25881, -0.34201, -0.42262, -0.5] };
    var bAxisFactors = { ""Applied_Angle_Deg"": [30, 25, 20, 15, 10, 5, 0, -5, -10, -15, -20, -25, -30], ""Applied_Angle_Sinx"": [0.5, 0.42262, 0.34202, 0.25882, 0.17365, 0.08716, -0.08716, -0.17365, -0.25882, -0.34202, -0.42262, -0.5], ""Displayed_Angle_Sinx"": [0.5, 0.42261, 0.34201, 0.25881, 0.17364, 0.08715, -0.08716, -0.17364, -0.2588, -0.34199, -0.4226, -0.49998] };
}

// Función que compara el valor del eje con el diccionario de factores mediante iteración, con la finalidad de aplicar modificación sobre este:
function getFactor(factorDict, nAxis) {
    if (typeof factorDict !== undefined) {
        var factorDictQuantity = factorDict.Applied_Angle_Deg.length;
        var factor = null;
        for (var dictItem = 0; dictItem < factorDictQuantity; dictItem++) {
            var appliedAngleTop = factorDict.Applied_Angle_Deg[dictItem];
            var appliedAngleButtom = factorDict.Applied_Angle_Deg[dictItem + 1];
            var appliedAngleLast = factorDict.Applied_Angle_Deg[factorDictQuantity - 1];
            if (nAxis > appliedAngleButtom && nAxis <= appliedAngleTop) {
                factor = factorDict.Applied_Angle_Sinx[dictItem];
            } else if (nAxis <= appliedAngleLast) {
                factor = factorDict.Applied_Angle_Sinx[factorDictQuantity - 1];
            }
        }
        return factor;
    } else {
        console.log(""Diccionario no definido. Usando factor con valor 1 cte."");
        return 1;
    }
}

// NUEVO MENSAJE:
var newMsg = {};

// CENTER VARIABLE:
newMsg.Aaxis1 = parseFloat(msg.Aaxis1);
newMsg.Aaxis2 = parseFloat(msg.Aaxis2);
newMsg.Aaxis3 = parseFloat(msg.Aaxis3);
newMsg.Aaxis4 = parseFloat(msg.Aaxis4);
newMsg.Aaxis5 = parseFloat(msg.Aaxis5);
newMsg.Aaxis6 = parseFloat(msg.Aaxis6);
newMsg.Baxis1 = parseFloat(msg.Baxis1);
newMsg.Baxis2 = parseFloat(msg.Baxis2);
newMsg.Baxis3 = parseFloat(msg.Baxis3);
newMsg.Baxis4 = parseFloat(msg.Baxis4);
newMsg.Baxis5 = parseFloat(msg.Baxis5);
newMsg.Baxis6 = parseFloat(msg.Baxis6);
newMsg.Temp1 = parseFloat(msg.Temp1);
newMsg.Temp2 = parseFloat(msg.Temp2);
newMsg.Temp3 = parseFloat(msg.Temp3);
newMsg.Temp4 = parseFloat(msg.Temp4);
newMsg.Temp5 = parseFloat(msg.Temp5);
newMsg.Temp6 = parseFloat(msg.Temp6);

// CONSTANTES:
var zonaFalla = parseFloat(metadata.shared_zona_falla);
var long1 = parseInt(metadata.shared_long1);
var long2 = parseInt(metadata.shared_long2);
var long3 = parseInt(metadata.shared_long3);
var long4 = parseInt(metadata.shared_long4);
var long5 = parseInt(metadata.shared_long5);
var long6 = parseInt(metadata.shared_long6);
var aaxis1Ini = parseFloat(metadata.shared_aaxis1_ini);
var aaxis2Ini = parseFloat(metadata.shared_aaxis2_ini);
var aaxis3Ini = parseFloat(metadata.shared_aaxis3_ini);
var aaxis4Ini = parseFloat(metadata.shared_aaxis4_ini);
var aaxis5Ini = parseFloat(metadata.shared_aaxis5_ini);
var aaxis6Ini = parseFloat(metadata.shared_aaxis6_ini);
var baxis1Ini = parseFloat(metadata.shared_baxis1_ini);
var baxis2Ini = parseFloat(metadata.shared_baxis2_ini);
var baxis3Ini = parseFloat(metadata.shared_baxis3_ini);
var baxis4Ini = parseFloat(metadata.shared_baxis4_ini);
var baxis5Ini = parseFloat(metadata.shared_baxis5_ini);
var baxis6Ini = parseFloat(metadata.shared_baxis6_ini);
var a1 = long1 * Math.sin(aaxis1Ini * Math.PI / 180) * getFactor(aAxisFactors, aaxis1Ini);
var a2 = long2 * Math.sin(aaxis2Ini * Math.PI / 180) * getFactor(aAxisFactors, aaxis2Ini);
var a3 = long3 * Math.sin(aaxis3Ini * Math.PI / 180) * getFactor(aAxisFactors, aaxis3Ini);
var a4 = long4 * Math.sin(aaxis4Ini * Math.PI / 180) * getFactor(aAxisFactors, aaxis4Ini);
var a5 = long5 * Math.sin(aaxis5Ini * Math.PI / 180) * getFactor(aAxisFactors, aaxis5Ini);
var a6 = long6 * Math.sin(aaxis6Ini * Math.PI / 180) * getFactor(aAxisFactors, aaxis6Ini);
var b1 = long1 * Math.sin(baxis1Ini * Math.PI / 180) * getFactor(bAxisFactors, baxis1Ini);
var b2 = long2 * Math.sin(baxis2Ini * Math.PI / 180) * getFactor(bAxisFactors, baxis2Ini);
var b3 = long3 * Math.sin(baxis3Ini * Math.PI / 180) * getFactor(bAxisFactors, baxis3Ini);
var b4 = long4 * Math.sin(baxis4Ini * Math.PI / 180) * getFactor(bAxisFactors, baxis4Ini);
var b5 = long5 * Math.sin(baxis5Ini * Math.PI / 180) * getFactor(bAxisFactors, baxis5Ini);
var b6 = long6 * Math.sin(baxis6Ini * Math.PI / 180) * getFactor(bAxisFactors, baxis6Ini);
newMsg.a1 = a1;
newMsg.a2 = a2;
newMsg.a3 = a3;
newMsg.a4 = a4;
newMsg.a5 = a5;
newMsg.a6 = a6;
newMsg.b1 = b1;
newMsg.b2 = b2;
newMsg.b3 = b3;
newMsg.b4 = b4;
newMsg.b5 = b5;
newMsg.b6 = b6;

// Zona de falla como principal para el calculo de las profundidades:
newMsg.origen = zonaFalla + 6;
newMsg.profundidad1 = zonaFalla + 3;
newMsg.profundidad2 = zonaFalla + 1;
newMsg.profundidad3 = zonaFalla;
newMsg.profundidad4 = zonaFalla - 1;
newMsg.profundidad5 = zonaFalla - 3;
newMsg.profundidad6 = zonaFalla - 6;

// Cálculo del desplazamiento incremental (en mm):
newMsg.despIncA1 = ((long1 * Math.sin(newMsg.Aaxis1 * Math.PI / 180) * getFactor(aAxisFactors, newMsg.Aaxis1)) - a1) * 1000;
newMsg.despIncA2 = ((long2 * Math.sin(newMsg.Aaxis2 * Math.PI / 180) * getFactor(aAxisFactors, newMsg.Aaxis2)) - a2) * 1000;
newMsg.despIncA3 = ((long3 * Math.sin(newMsg.Aaxis3 * Math.PI / 180) * getFactor(aAxisFactors, newMsg.Aaxis3)) - a3) * 1000;
newMsg.despIncA4 = ((long4 * Math.sin(newMsg.Aaxis4 * Math.PI / 180) * getFactor(aAxisFactors, newMsg.Aaxis4)) - a4) * 1000;
newMsg.despIncA5 = ((long5 * Math.sin(newMsg.Aaxis5 * Math.PI / 180) * getFactor(aAxisFactors, newMsg.Aaxis5)) - a5) * 1000;
newMsg.despIncA6 = ((long6 * Math.sin(newMsg.Aaxis6 * Math.PI / 180) * getFactor(aAxisFactors, newMsg.Aaxis6)) - a6) * 1000;

// Cálculo del desplazamiento acumulativo (en mm):
newMsg.despAcuA1 = newMsg.despIncA1;
newMsg.despAcuA2 = newMsg.despAcuA1 + newMsg.despIncA2;
newMsg.despAcuA3 = newMsg.despAcuA2 + newMsg.despIncA3;
newMsg.despAcuA4 = newMsg.despAcuA3 + newMsg.despIncA4;
newMsg.despAcuA5 = newMsg.despAcuA4 + newMsg.despIncA5;
newMsg.despAcuA6 = newMsg.despAcuA5 + newMsg.despIncA6;

// Cálculo del desplazamiento incremental (en mm):
newMsg.despIncB1 = ((long1 * Math.sin(newMsg.Baxis1 * Math.PI / 180) * getFactor(bAxisFactors, newMsg.Baxis1)) - b1) * 1000;
newMsg.despIncB2 = ((long2 * Math.sin(newMsg.Baxis2 * Math.PI / 180) * getFactor(bAxisFactors, newMsg.Baxis2)) - b2) * 1000;
newMsg.despIncB3 = ((long3 * Math.sin(newMsg.Baxis3 * Math.PI / 180) * getFactor(bAxisFactors, newMsg.Baxis3)) - b3) * 1000;
newMsg.despIncB4 = ((long4 * Math.sin(newMsg.Baxis4 * Math.PI / 180) * getFactor(bAxisFactors, newMsg.Baxis4)) - b4) * 1000;
newMsg.despIncB5 = ((long5 * Math.sin(newMsg.Baxis5 * Math.PI / 180) * getFactor(bAxisFactors, newMsg.Baxis5)) - b5) * 1000;
newMsg.despIncB6 = ((long6 * Math.sin(newMsg.Baxis6 * Math.PI / 180) * getFactor(bAxisFactors, newMsg.Baxis6)) - b6) * 1000;

// Cálculo del desplazamiento acumulativo (en mm):
newMsg.despAcuB1 = newMsg.despIncB1;
newMsg.despAcuB2 = newMsg.despAcuB1 + newMsg.despIncB2;
newMsg.despAcuB3 = newMsg.despAcuB2 + newMsg.despIncB3;
newMsg.despAcuB4 = newMsg.despAcuB3 + newMsg.despIncB4;
newMsg.despAcuB5 = newMsg.despAcuB4 + newMsg.despIncB5;
newMsg.despAcuB6 = newMsg.despAcuB5 + newMsg.despIncB6;

// Cálculo de arrays:
var arrayIncA = [];
var arrayAcuA = [];
var arrayIncB = [];
var arrayAcuB = [];
arrayIncA.push([0, newMsg.origen], [newMsg.despIncA1, newMsg.profundidad1], [newMsg.despIncA2, newMsg.profundidad2], [newMsg.despIncA3, newMsg.profundidad3], [newMsg.despIncA4, newMsg.profundidad4], [newMsg.despIncA5, newMsg.profundidad5], [newMsg.despIncA6, newMsg.profundidad6]);
arrayAcuA.push([0, newMsg.origen], [newMsg.despAcuA1, newMsg.profundidad1], [newMsg.despAcuA2, newMsg.profundidad2], [newMsg.despAcuA3, newMsg.profundidad3], [newMsg.despAcuA4, newMsg.profundidad4], [newMsg.despAcuA5, newMsg.profundidad5], [newMsg.despAcuA6, newMsg.profundidad6]);
arrayIncB.push([0, newMsg.origen], [newMsg.despIncB1, newMsg.profundidad1], [newMsg.despIncB2, newMsg.profundidad2], [newMsg.despIncB3, newMsg.profundidad3], [newMsg.despIncB4, newMsg.profundidad4], [newMsg.despIncB5, newMsg.profundidad5], [newMsg.despIncB6, newMsg.profundidad6]);
arrayAcuB.push([0, newMsg.origen], [newMsg.despAcuB1, newMsg.profundidad1], [newMsg.despAcuB2, newMsg.profundidad2], [newMsg.despAcuB3, newMsg.profundidad3], [newMsg.despAcuB4, newMsg.profundidad4], [newMsg.despAcuB5, newMsg.profundidad5], [newMsg.despAcuB6, newMsg.profundidad6]);
newMsg.arrayIncA = arrayIncA;
newMsg.arrayAcuA = arrayAcuA;
newMsg.arrayIncB = arrayIncB;
newMsg.arrayAcuB = arrayAcuB;
newMsg.arrayIncA3D = [0, newMsg.despIncA1, newMsg.despIncA2, newMsg.despIncA3, newMsg.despIncA4, newMsg.despIncA5, newMsg.despIncA6]
newMsg.arrayIncB3D = [0, newMsg.despIncB1, newMsg.despIncB2, newMsg.despIncB3, newMsg.despIncB4, newMsg.despIncB5, newMsg.despIncB6]
newMsg.arrayAcuA3D = [0, newMsg.despAcuA1, newMsg.despAcuA2, newMsg.despAcuA3, newMsg.despAcuA4, newMsg.despAcuA5, newMsg.despAcuA6]
newMsg.arrayAcuB3D = [0, newMsg.despAcuB1, newMsg.despAcuB2, newMsg.despAcuB3, newMsg.despAcuB4, newMsg.despAcuB5, newMsg.despAcuB6]
newMsg.arrayProf3D = [newMsg.origen, newMsg.profundidad1, newMsg.profundidad2, newMsg.profundidad3, newMsg.profundidad4, newMsg.profundidad5, newMsg.profundidad6]

// RETORNA MENSAJE:
return { msg: newMsg, metadata: metadata, msgType: msgType };"
Tilmiter Boro,New RC,TbTransformMsgNode,needs_manual_review,,,,,,,"contiene if/else o ternario -- tinyexpr no tiene control de flujo, requiere decisión manual de cómo modelarlo (o si corresponde partir en 2 fórmulas + alarma)","var XaxisTilt = parseFloat(msg.XaxisTiltCh0);
var YaxisTilt = parseFloat(msg.YaxisTiltCh1);
var ZaxisTilt = parseFloat(msg.ZaxisTiltCh2);
var XaxisTiltIni = parseFloat(metadata.shared_XaxisTiltIni);
var YaxisTiltIni = parseFloat(metadata.shared_YaxisTiltIni);
var ZaxisTiltIni = parseFloat(metadata.shared_ZaxisTiltIni);
var longitude = parseFloat(metadata.shared_nodeHeight);
var orientation = typeof metadata.shared_orientation !== 'undefined' ? metadata.shared_orientation : '';
// Variación:
msg.XaxisVariationCh0V2 = XaxisTilt - XaxisTiltIni;
msg.YaxisVariationCh1V2 = YaxisTilt - YaxisTiltIni;
msg.ZaxisVariationCh2V2 = ZaxisTilt - ZaxisTiltIni;
// Deformación:
msg.XaxisDeformation = Math.sin(msg.XaxisVariationCh0V2 * Math.PI / 180) * 1000; // In mm.
msg.YaxisDeformation = Math.sin(msg.YaxisVariationCh1V2 * Math.PI / 180) * 1000; // In mm.
msg.ZaxisDeformation = Math.sin(msg.ZaxisVariationCh2V2 * Math.PI / 180) * 1000; // In mm.
switch (orientation) {
    case 'X-Y':
        msg.resultingDeformation = Math.sqrt(Math.pow(msg.XaxisDeformation, 2) + Math.pow(msg.YaxisDeformation, 2));
        break;
    case 'Z-Y':
        msg.resultingDeformation = Math.sqrt(Math.pow(msg.ZaxisDeformation, 2) + Math.pow(msg.YaxisDeformation, 2));
        break;
    case 'X-Z':
    case 'Z-X':
        msg.resultingDeformation = Math.sqrt(Math.pow(msg.XaxisDeformation, 2) + Math.pow(msg.ZaxisDeformation, 2));
        break;
    default:
        break;
}
return { msg: msg, metadata: metadata, msgType: msgType };"
TiltmeterInPlaceRC,Asegurar temperatura,TbTransformMsgNode,needs_manual_review,Temp,,,,,,"quedó un token no traducido tras limpiar funciones/campos/parámetros conocidos: residual='1 / (C3 * (tempLog, 3) + C1 * tempLog + C0) - 273.15' (expresión original: 'parseFloat(1 / (C3 * Math.pow(tempLog, 3) + C1 * tempLog + C0) - 273.15)')","var temp = parseFloat(msg.Temp);
var C0 = 1.40503E-03;
var C1 = 2.36939E-04;
var C3 = 1.01266E-07;
var tempLog = Math.log(temp);
msg.Temp = parseFloat(1 / (C3 * Math.pow(tempLog, 3) + C1 * tempLog + C0) - 273.15);
return {msg: msg, metadata: metadata, msgType: msgType};"
TiltmeterInPlaceRC,Procesamiento Alternativo,TbTransformMsgNode,needs_manual_review,,,,,,,"contiene if/else o ternario -- tinyexpr no tiene control de flujo, requiere decisión manual de cómo modelarlo (o si corresponde partir en 2 fórmulas + alarma)","/**
 * Script de transformación del mensaje para Inclinómetros In-Place.
 * @author ReynaldoVR
 * @version 1.0
 */

// Tabla de criterios a considerar al momento de procesar el ángulo del eje A y B (Solo Antapaccay):
var aAxisFactors = { ""Applied_Angle_Deg"": [15, 11.25, 7.5, 3.75, -3.75, -7.5, -11.25, -15], ""Applied_Angle_Sinx"": [0.25882, 0.19509, 0.13053, 0.0654, -0.0654, -0.13053, -0.19509, -0.25882], ""Output_Sinx"": [0.25879, 0.19508, 0.13051, 0.06540, -0.06539, -0.13053, -0.19510, -0.25883] };
var bAxisFactors = { ""Applied_Angle_Deg"": [15, 11.25, 7.5, 3.75, -3.75, -7.5, -11.25, -15], ""Applied_Angle_Sinx"": [0.25882, 0.19509, 0.13053, 0.0654, -0.0654, -0.13053, -0.19509, -0.25882], ""Output_Sinx"": [0.25884, 0.19508, 0.13054, 0.06541, -0.06541, -0.13050, -0.19511, -0.25884] };

// Función que compara el valor del eje con el diccionario de factores mediante iteración, con la finalidad de aplicar modificación sobre este, de ser necesario:
function getFactor(factorDict, nAxis) {
    var factorDictQuantity = factorDict.Applied_Angle_Deg.length;
    var factor = null;
    for (var dictItem = 0; dictItem < factorDictQuantity; dictItem++) {
        var appliedAngleTop = factorDict.Applied_Angle_Deg[dictItem];
        var appliedAngleButtom = factorDict.Applied_Angle_Deg[dictItem + 1];
        var appliedAngleLast = factorDict.Applied_Angle_Deg[factorDictQuantity - 1];
        if (nAxis > appliedAngleButtom && nAxis <= appliedAngleTop) {
            factor = factorDict.Applied_Angle_Sinx[dictItem];
        } else if (nAxis <= appliedAngleLast) {
            factor = factorDict.Applied_Angle_Sinx[factorDictQuantity - 1];
        }
    }
    return factor;
}

// Variables de metadatos ingresados por el técnico:
var profArray = JSON.parse(metadata.shared_profArray);
var longArray = JSON.parse(metadata.shared_longArray);
var aAxisIniArray = JSON.parse(metadata.shared_aAxisIniArray);
var bAxisIniArray = JSON.parse(metadata.shared_bAxisIniArray);

// Calculando cantidad de segmentos en base al ingreso manual del técnico:
var quantity = longArray.length;

// Creando listas vacías por agregar datos mediante iteración:
var aAxisArray = [];
var bAxisArray = [];
var tempArray = [];
var aAxisDevArray = [];
var bAxisDevArray = [];
var aAxisIncDispArray = [];
var bAxisIncDispArray = [];
var aAxisAccuDispArray = [];
var bAxisAccuDispArray = [];
var aAxisIncDispVsProf = [];
var bAxisIncDispVsProf = [];
var aAxisAccuDispVsProf = [];
var bAxisAccuDispVsProf = [];
var aAxis3DIncDispArray = [];
var bAxis3DIncDispArray = [];
var aAxis3DAccuDispArray = [];
var bAxis3DAccuDispArray = [];
var aAxisDevVsProf = [];
var bAxisDevVsProf = [];

// Iteración principal en base al index sobre el objeto msg:
for (var item = 0; item < quantity; item++) {
    var currentLong = parseFloat(longArray[item]);
    var currentAAxis = parseFloat(msg[""Aaxis"" + parseInt(item + 1)]);
    var currentBAxis = parseFloat(msg[""Baxis"" + parseInt(item + 1)]);
    var currentTemp = parseFloat(msg[""Temp"" + parseInt(item + 1)]);
    aAxisArray.push(currentAAxis);
    bAxisArray.push(currentBAxis);
    tempArray.push(currentTemp);
    var aAxisFactor = 1;
    var bAxisFactor = 1;
    if (metadata.deviceName.slice(0, 3) == ""AT."") {
        aAxisFactor = getFactor(aAxisFactors, currentAAxis);
        bAxisFactor = getFactor(bAxisFactors, currentBAxis);
    }
    if (aAxisFactor != null) {
        var aAxisDevIni = currentLong * Math.sin(aAxisIniArray[item] * Math.PI / 180) * aAxisFactor * 1000;
        var aAxisDev = currentLong * Math.sin(currentAAxis * Math.PI / 180) * aAxisFactor * 1000;
        aAxisDevArray.push(aAxisDev);
        var aAxisIncDisp = aAxisDev - aAxisDevIni;
        aAxisIncDispArray.push(aAxisIncDisp);
        var aAxisAccuDisp = null;
        if (aAxisAccuDispArray.length >= 1) {
            aAxisAccuDisp = aAxisAccuDispArray[item - 1] + aAxisIncDispArray[item];
        } else {
            aAxisAccuDisp = aAxisIncDispArray[item];
        }
        aAxisAccuDispArray.push(aAxisAccuDisp);
        aAxisDevVsProf.push([aAxisDev, profArray[item]]);
        aAxisIncDispVsProf.push([aAxisIncDispArray[item], profArray[item]]);
        aAxisAccuDispVsProf.push([aAxisAccuDispArray[item], profArray[item]]);
        aAxis3DIncDispArray.push(aAxisIncDisp);
        aAxis3DAccuDispArray.push(aAxisAccuDisp);
    }
    if (bAxisFactor != null) {
        var bAxisDevIni = currentLong * Math.sin(bAxisIniArray[item] * Math.PI / 180) * bAxisFactor * 1000;
        var bAxisDev = currentLong * Math.sin(currentBAxis * Math.PI / 180) * bAxisFactor * 1000;
        bAxisDevArray.push(bAxisDev);
        var bAxisIncDisp = bAxisDev - bAxisDevIni;
        bAxisIncDispArray.push(bAxisIncDisp);
        var bAxisAccuDisp = null;
        if (bAxisAccuDispArray.length >= 1) {
            bAxisAccuDisp = bAxisAccuDispArray[item - 1] + bAxisIncDispArray[item];
        } else {
            bAxisAccuDisp = bAxisIncDispArray[item];
        }
        bAxisAccuDispArray.push(bAxisAccuDisp);
        bAxisDevVsProf.push([bAxisDev, profArray[item]]);
        bAxisIncDispVsProf.push([bAxisIncDispArray[item], profArray[item]]);
        bAxisAccuDispVsProf.push([bAxisAccuDispArray[item], profArray[item]]);
        bAxis3DIncDispArray.push(bAxisIncDisp);
        bAxis3DAccuDispArray.push(bAxisAccuDisp);
    }
}

// Nuevo mensaje:
var newMsg = {};

// Declaración y asignación de variables a nuevo mensaje:
newMsg.aAxisArray = aAxisArray;
newMsg.aAxisDevArray = aAxisDevArray;
newMsg.aAxisIncDispArray = aAxisIncDispArray;
newMsg.aAxisAccuDispArray = aAxisAccuDispArray;
newMsg.aAxisDevVsProf = aAxisDevVsProf;
newMsg.aAxisIncDispVsProf = aAxisIncDispVsProf;
newMsg.aAxisAccuDispVsProf = aAxisAccuDispVsProf;
newMsg.aAxis3DIncDispArray = aAxis3DIncDispArray;
newMsg.aAxis3DAccuDispArray = aAxis3DAccuDispArray;
newMsg.bAxisArray = bAxisArray;
newMsg.bAxisDevArray = bAxisDevArray;
newMsg.bAxisIncDispArray = bAxisIncDispArray;
newMsg.bAxisAccuDispArray = bAxisAccuDispArray;
newMsg.bAxisDevVsProf = bAxisDevVsProf;
newMsg.bAxisIncDispVsProf = bAxisIncDispVsProf;
newMsg.bAxisAccuDispVsProf = bAxisAccuDispVsProf;
newMsg.bAxis3DIncDispArray = bAxis3DIncDispArray;
newMsg.bAxis3DAccuDispArray = bAxis3DAccuDispArray;
newMsg.prof3DArray = profArray;
newMsg.tempArray = tempArray;

// Retornando nuevo mensaje:
return { msg: newMsg, metadata: metadata, msgType: msgType };"
TiltmeterInPlaceRC,Procesamiento Alternativo,TbTransformMsgNode,needs_manual_review,,,,,,,"contiene if/else o ternario -- tinyexpr no tiene control de flujo, requiere decisión manual de cómo modelarlo (o si corresponde partir en 2 fórmulas + alarma)","/**
 * Script de transformación del mensaje para Inclinómetros In-Place.
 * @author ReynaldoVR
 * @version 1.1
 * @description Modificado para Marcobre.
 */

// Función que compara el valor del eje con el diccionario de factores mediante iteración, con la finalidad de aplicar modificación sobre este, de ser necesario:
function getFactor(factorDict, nAxis, row_col, f_col) {
    var factorDictQuantity = factorDict[row_col].length;
    var factor = null;
    for (var dictItem = 0; dictItem < factorDictQuantity; dictItem++) {
        var appliedAngleTop = factorDict[row_col][dictItem];
        var appliedAngleButtom = factorDict[row_col][dictItem + 1];
        var appliedAngleLast = factorDict[row_col][factorDictQuantity - 1];
        if (nAxis > appliedAngleButtom && nAxis <= appliedAngleTop) {
            factor = factorDict[f_col][dictItem];
        } else if (nAxis <= appliedAngleLast) {
            factor = factorDict[f_col][factorDictQuantity - 1];
        }
    }
    return factor;
}

// Variables de metadatos ingresados por el técnico:
var profArray = JSON.parse(metadata.shared_profArray);
var longArray = JSON.parse(metadata.shared_longArray);
var aAxisIniArray = JSON.parse(metadata.shared_aAxisIniArray);
var bAxisIniArray = JSON.parse(metadata.shared_bAxisIniArray);
var aAxisFactors = JSON.parse(metadata.shared_calibrationDictAAxis);
var bAxisFactors = JSON.parse(metadata.shared_calibrationDictBAxis);

// Calculando cantidad de segmentos en base al ingreso manual del técnico:
var quantity = longArray.length;

// Creando listas vacías por agregar datos mediante iteración:
var aAxisArray = [];
var bAxisArray = [];
var tempArray = [];
var aAxisDevArray = [];
var bAxisDevArray = [];
var aAxisIncDispArray = [];
var bAxisIncDispArray = [];
var aAxisAccuDispArray = [];
var bAxisAccuDispArray = [];
var aAxisIncDispVsProf = [];
var bAxisIncDispVsProf = [];
var aAxisAccuDispVsProf = [];
var bAxisAccuDispVsProf = [];
var aAxis3DIncDispArray = [];
var bAxis3DIncDispArray = [];
var aAxis3DAccuDispArray = [];
var bAxis3DAccuDispArray = [];
var aAxisDevVsProf = [];
var bAxisDevVsProf = [];

// Iteración principal en base al index sobre el objeto msg:
for (var item = 0; item < quantity; item++) {
    var currentLong = parseFloat(longArray[item]);
    var currentAAxis = parseFloat(msg[""Aaxis"" + parseInt(item + 1)]);
    var currentBAxis = parseFloat(msg[""Baxis"" + parseInt(item + 1)]);
    var currentTemp = parseFloat(msg[""Temp"" + parseInt(item + 1)]);
    aAxisArray.push(currentAAxis);
    bAxisArray.push(currentBAxis);
    tempArray.push(currentTemp);
    var aAxisFactor = getFactor(aAxisFactors[(item + 1).toString()], currentAAxis, 'inclination_angle', 'error_degrees');
    var bAxisFactor = getFactor(bAxisFactors[(item + 1).toString()], currentBAxis, 'inclination_angle', 'error_degrees');
    if (aAxisFactor != null) {
        var aAxisDevIni = currentLong * Math.sin(aAxisIniArray[item] * Math.PI / 180) * aAxisFactor * 1000;
        var aAxisDev = currentLong * Math.sin(currentAAxis * Math.PI / 180) * aAxisFactor * 1000;
        aAxisDevArray.push(aAxisDev);
        var aAxisIncDisp = aAxisDev - aAxisDevIni;
        aAxisIncDispArray.push(aAxisIncDisp);
        var aAxisAccuDisp = null;
        if (aAxisAccuDispArray.length >= 1) {
            aAxisAccuDisp = aAxisAccuDispArray[item - 1] + aAxisIncDispArray[item];
        } else {
            aAxisAccuDisp = aAxisIncDispArray[item];
        }
        aAxisAccuDispArray.push(aAxisAccuDisp);
        aAxisDevVsProf.push([aAxisDev, profArray[item]]);
        aAxisIncDispVsProf.push([aAxisIncDispArray[item], profArray[item]]);
        aAxisAccuDispVsProf.push([aAxisAccuDispArray[item], profArray[item]]);
        aAxis3DIncDispArray.push(aAxisIncDisp);
        aAxis3DAccuDispArray.push(aAxisAccuDisp);
    }
    if (bAxisFactor != null) {
        var bAxisDevIni = currentLong * Math.sin(bAxisIniArray[item] * Math.PI / 180) * bAxisFactor * 1000;
        var bAxisDev = currentLong * Math.sin(currentBAxis * Math.PI / 180) * bAxisFactor * 1000;
        bAxisDevArray.push(bAxisDev);
        var bAxisIncDisp = bAxisDev - bAxisDevIni;
        bAxisIncDispArray.push(bAxisIncDisp);
        var bAxisAccuDisp = null;
        if (bAxisAccuDispArray.length >= 1) {
            bAxisAccuDisp = bAxisAccuDispArray[item - 1] + bAxisIncDispArray[item];
        } else {
            bAxisAccuDisp = bAxisIncDispArray[item];
        }
        bAxisAccuDispArray.push(bAxisAccuDisp);
        bAxisDevVsProf.push([bAxisDev, profArray[item]]);
        bAxisIncDispVsProf.push([bAxisIncDispArray[item], profArray[item]]);
        bAxisAccuDispVsProf.push([bAxisAccuDispArray[item], profArray[item]]);
        bAxis3DIncDispArray.push(bAxisIncDisp);
        bAxis3DAccuDispArray.push(bAxisAccuDisp);
    }
}

// Nuevo mensaje:
var newMsg = {};

// Declaración y asignación de variables a nuevo mensaje:
newMsg.aAxisArray = aAxisArray;
newMsg.aAxisDevArray = aAxisDevArray;
newMsg.aAxisIncDispArray = aAxisIncDispArray;
newMsg.aAxisAccuDispArray = aAxisAccuDispArray;
newMsg.aAxisDevVsProf = aAxisDevVsProf;
newMsg.aAxisIncDispVsProf = aAxisIncDispVsProf;
newMsg.aAxisAccuDispVsProf = aAxisAccuDispVsProf;
newMsg.aAxis3DIncDispArray = aAxis3DIncDispArray;
newMsg.aAxis3DAccuDispArray = aAxis3DAccuDispArray;
newMsg.bAxisArray = bAxisArray;
newMsg.bAxisDevArray = bAxisDevArray;
newMsg.bAxisIncDispArray = bAxisIncDispArray;
newMsg.bAxisAccuDispArray = bAxisAccuDispArray;
newMsg.bAxisDevVsProf = bAxisDevVsProf;
newMsg.bAxisIncDispVsProf = bAxisIncDispVsProf;
newMsg.bAxisAccuDispVsProf = bAxisAccuDispVsProf;
newMsg.bAxis3DIncDispArray = bAxis3DIncDispArray;
newMsg.bAxis3DAccuDispArray = bAxis3DAccuDispArray;
newMsg.prof3DArray = profArray;
newMsg.tempArray = tempArray;

// Retornando nuevo mensaje:
return { msg: newMsg, metadata: metadata, msgType: msgType };"
TiltmeterInPlaceRC,Procesamiento principal,TbTransformMsgNode,needs_manual_review,,,,,,,"contiene if/else o ternario -- tinyexpr no tiene control de flujo, requiere decisión manual de cómo modelarlo (o si corresponde partir en 2 fórmulas + alarma)","/**
 * Script de transformación del mensaje para dispositivos Yaros.
 * @author ReynaldoVR
 * @version 1.0
 */

// Tabla de criterios a considerar al momento de procesar el ángulo del eje A y B:
var devicename = metadata.deviceName;
var _devicename = devicename.substring(0, 3).toLowerCase();
if (_devicename == ""yr."") {
    var aAxisFactors = { ""Applied_Angle_Deg"": [30, 25, 20, 15, 10, 5, 0, -5, -10, -15, -20, -25, -30], ""Applied_Angle_Sinx"": [0.5, 0.42262, 0.34202, 0.25882, 0.17365, 0.08716, -0.08716, -0.17365, -0.25882, -0.34202, -0.42262, -0.5], ""Displayed_Angle_Sinx"": [0.5, 0.42263, 0.34202, 0.25882, 0.17364, 0.08715, -0.08714, -0.17364, -0.25881, -0.34201, -0.42262, -0.5] };
    var bAxisFactors = { ""Applied_Angle_Deg"": [30, 25, 20, 15, 10, 5, 0, -5, -10, -15, -20, -25, -30], ""Applied_Angle_Sinx"": [0.5, 0.42262, 0.34202, 0.25882, 0.17365, 0.08716, -0.08716, -0.17365, -0.25882, -0.34202, -0.42262, -0.5], ""Displayed_Angle_Sinx"": [0.5, 0.42261, 0.34201, 0.25881, 0.17364, 0.08715, -0.08716, -0.17364, -0.2588, -0.34199, -0.4226, -0.49998] };
}

// Función que compara el valor del eje con el diccionario de factores mediante iteración, con la finalidad de aplicar modificación sobre este:
function getFactor(factorDict, nAxis) {
    if (typeof factorDict !== undefined) {
        var factorDictQuantity = factorDict.Applied_Angle_Deg.length;
        var factor = null;
        for (var dictItem = 0; dictItem < factorDictQuantity; dictItem++) {
            var appliedAngleTop = factorDict.Applied_Angle_Deg[dictItem];
            var appliedAngleButtom = factorDict.Applied_Angle_Deg[dictItem + 1];
            var appliedAngleLast = factorDict.Applied_Angle_Deg[factorDictQuantity - 1];
            if (nAxis > appliedAngleButtom && nAxis <= appliedAngleTop) {
                factor = factorDict.Applied_Angle_Sinx[dictItem];
            } else if (nAxis <= appliedAngleLast) {
                factor = factorDict.Applied_Angle_Sinx[factorDictQuantity - 1];
            }
        }
        return factor;
    } else {
        console.log(""Diccionario no definido. Usando factor con valor 1 cte."");
        return 1;
    }
}

// NUEVO MENSAJE:
var newMsg = {};

// CENTER VARIABLE:
newMsg.Aaxis1 = parseFloat(msg.Aaxis1);
newMsg.Aaxis2 = parseFloat(msg.Aaxis2);
newMsg.Aaxis3 = parseFloat(msg.Aaxis3);
newMsg.Aaxis4 = parseFloat(msg.Aaxis4);
newMsg.Aaxis5 = parseFloat(msg.Aaxis5);
newMsg.Aaxis6 = parseFloat(msg.Aaxis6);
newMsg.Baxis1 = parseFloat(msg.Baxis1);
newMsg.Baxis2 = parseFloat(msg.Baxis2);
newMsg.Baxis3 = parseFloat(msg.Baxis3);
newMsg.Baxis4 = parseFloat(msg.Baxis4);
newMsg.Baxis5 = parseFloat(msg.Baxis5);
newMsg.Baxis6 = parseFloat(msg.Baxis6);
newMsg.Temp1 = parseFloat(msg.Temp1);
newMsg.Temp2 = parseFloat(msg.Temp2);
newMsg.Temp3 = parseFloat(msg.Temp3);
newMsg.Temp4 = parseFloat(msg.Temp4);
newMsg.Temp5 = parseFloat(msg.Temp5);
newMsg.Temp6 = parseFloat(msg.Temp6);

// CONSTANTES:
var zonaFalla = parseFloat(metadata.shared_zona_falla);
var long1 = parseInt(metadata.shared_long1);
var long2 = parseInt(metadata.shared_long2);
var long3 = parseInt(metadata.shared_long3);
var long4 = parseInt(metadata.shared_long4);
var long5 = parseInt(metadata.shared_long5);
var long6 = parseInt(metadata.shared_long6);
var aaxis1Ini = parseFloat(metadata.shared_aaxis1_ini);
var aaxis2Ini = parseFloat(metadata.shared_aaxis2_ini);
var aaxis3Ini = parseFloat(metadata.shared_aaxis3_ini);
var aaxis4Ini = parseFloat(metadata.shared_aaxis4_ini);
var aaxis5Ini = parseFloat(metadata.shared_aaxis5_ini);
var aaxis6Ini = parseFloat(metadata.shared_aaxis6_ini);
var baxis1Ini = parseFloat(metadata.shared_baxis1_ini);
var baxis2Ini = parseFloat(metadata.shared_baxis2_ini);
var baxis3Ini = parseFloat(metadata.shared_baxis3_ini);
var baxis4Ini = parseFloat(metadata.shared_baxis4_ini);
var baxis5Ini = parseFloat(metadata.shared_baxis5_ini);
var baxis6Ini = parseFloat(metadata.shared_baxis6_ini);
var a1 = long1 * Math.sin(aaxis1Ini * Math.PI / 180) * getFactor(aAxisFactors, aaxis1Ini);
var a2 = long2 * Math.sin(aaxis2Ini * Math.PI / 180) * getFactor(aAxisFactors, aaxis2Ini);
var a3 = long3 * Math.sin(aaxis3Ini * Math.PI / 180) * getFactor(aAxisFactors, aaxis3Ini);
var a4 = long4 * Math.sin(aaxis4Ini * Math.PI / 180) * getFactor(aAxisFactors, aaxis4Ini);
var a5 = long5 * Math.sin(aaxis5Ini * Math.PI / 180) * getFactor(aAxisFactors, aaxis5Ini);
var a6 = long6 * Math.sin(aaxis6Ini * Math.PI / 180) * getFactor(aAxisFactors, aaxis6Ini);
var b1 = long1 * Math.sin(baxis1Ini * Math.PI / 180) * getFactor(bAxisFactors, baxis1Ini);
var b2 = long2 * Math.sin(baxis2Ini * Math.PI / 180) * getFactor(bAxisFactors, baxis2Ini);
var b3 = long3 * Math.sin(baxis3Ini * Math.PI / 180) * getFactor(bAxisFactors, baxis3Ini);
var b4 = long4 * Math.sin(baxis4Ini * Math.PI / 180) * getFactor(bAxisFactors, baxis4Ini);
var b5 = long5 * Math.sin(baxis5Ini * Math.PI / 180) * getFactor(bAxisFactors, baxis5Ini);
var b6 = long6 * Math.sin(baxis6Ini * Math.PI / 180) * getFactor(bAxisFactors, baxis6Ini);
newMsg.a1 = a1;
newMsg.a2 = a2;
newMsg.a3 = a3;
newMsg.a4 = a4;
newMsg.a5 = a5;
newMsg.a6 = a6;
newMsg.b1 = b1;
newMsg.b2 = b2;
newMsg.b3 = b3;
newMsg.b4 = b4;
newMsg.b5 = b5;
newMsg.b6 = b6;

// Zona de falla como principal para el calculo de las profundidades:
newMsg.origen = zonaFalla + 6;
newMsg.profundidad1 = zonaFalla + 3;
newMsg.profundidad2 = zonaFalla + 1;
newMsg.profundidad3 = zonaFalla;
newMsg.profundidad4 = zonaFalla - 1;
newMsg.profundidad5 = zonaFalla - 3;
newMsg.profundidad6 = zonaFalla - 6;

// Cálculo del desplazamiento incremental (en mm):
newMsg.despIncA1 = ((long1 * Math.sin(newMsg.Aaxis1 * Math.PI / 180) * getFactor(aAxisFactors, newMsg.Aaxis1)) - a1) * 1000;
newMsg.despIncA2 = ((long2 * Math.sin(newMsg.Aaxis2 * Math.PI / 180) * getFactor(aAxisFactors, newMsg.Aaxis2)) - a2) * 1000;
newMsg.despIncA3 = ((long3 * Math.sin(newMsg.Aaxis3 * Math.PI / 180) * getFactor(aAxisFactors, newMsg.Aaxis3)) - a3) * 1000;
newMsg.despIncA4 = ((long4 * Math.sin(newMsg.Aaxis4 * Math.PI / 180) * getFactor(aAxisFactors, newMsg.Aaxis4)) - a4) * 1000;
newMsg.despIncA5 = ((long5 * Math.sin(newMsg.Aaxis5 * Math.PI / 180) * getFactor(aAxisFactors, newMsg.Aaxis5)) - a5) * 1000;
newMsg.despIncA6 = ((long6 * Math.sin(newMsg.Aaxis6 * Math.PI / 180) * getFactor(aAxisFactors, newMsg.Aaxis6)) - a6) * 1000;

// Cálculo del desplazamiento acumulativo (en mm):
newMsg.despAcuA1 = newMsg.despIncA1;
newMsg.despAcuA2 = newMsg.despAcuA1 + newMsg.despIncA2;
newMsg.despAcuA3 = newMsg.despAcuA2 + newMsg.despIncA3;
newMsg.despAcuA4 = newMsg.despAcuA3 + newMsg.despIncA4;
newMsg.despAcuA5 = newMsg.despAcuA4 + newMsg.despIncA5;
newMsg.despAcuA6 = newMsg.despAcuA5 + newMsg.despIncA6;

// Cálculo del desplazamiento incremental (en mm):
newMsg.despIncB1 = ((long1 * Math.sin(newMsg.Baxis1 * Math.PI / 180) * getFactor(bAxisFactors, newMsg.Baxis1)) - b1) * 1000;
newMsg.despIncB2 = ((long2 * Math.sin(newMsg.Baxis2 * Math.PI / 180) * getFactor(bAxisFactors, newMsg.Baxis2)) - b2) * 1000;
newMsg.despIncB3 = ((long3 * Math.sin(newMsg.Baxis3 * Math.PI / 180) * getFactor(bAxisFactors, newMsg.Baxis3)) - b3) * 1000;
newMsg.despIncB4 = ((long4 * Math.sin(newMsg.Baxis4 * Math.PI / 180) * getFactor(bAxisFactors, newMsg.Baxis4)) - b4) * 1000;
newMsg.despIncB5 = ((long5 * Math.sin(newMsg.Baxis5 * Math.PI / 180) * getFactor(bAxisFactors, newMsg.Baxis5)) - b5) * 1000;
newMsg.despIncB6 = ((long6 * Math.sin(newMsg.Baxis6 * Math.PI / 180) * getFactor(bAxisFactors, newMsg.Baxis6)) - b6) * 1000;

// Cálculo del desplazamiento acumulativo (en mm):
newMsg.despAcuB1 = newMsg.despIncB1;
newMsg.despAcuB2 = newMsg.despAcuB1 + newMsg.despIncB2;
newMsg.despAcuB3 = newMsg.despAcuB2 + newMsg.despIncB3;
newMsg.despAcuB4 = newMsg.despAcuB3 + newMsg.despIncB4;
newMsg.despAcuB5 = newMsg.despAcuB4 + newMsg.despIncB5;
newMsg.despAcuB6 = newMsg.despAcuB5 + newMsg.despIncB6;

// Cálculo de arrays:
var arrayIncA = [];
var arrayAcuA = [];
var arrayIncB = [];
var arrayAcuB = [];
arrayIncA.push([0, newMsg.origen], [newMsg.despIncA1, newMsg.profundidad1], [newMsg.despIncA2, newMsg.profundidad2], [newMsg.despIncA3, newMsg.profundidad3], [newMsg.despIncA4, newMsg.profundidad4], [newMsg.despIncA5, newMsg.profundidad5], [newMsg.despIncA6, newMsg.profundidad6]);
arrayAcuA.push([0, newMsg.origen], [newMsg.despAcuA1, newMsg.profundidad1], [newMsg.despAcuA2, newMsg.profundidad2], [newMsg.despAcuA3, newMsg.profundidad3], [newMsg.despAcuA4, newMsg.profundidad4], [newMsg.despAcuA5, newMsg.profundidad5], [newMsg.despAcuA6, newMsg.profundidad6]);
arrayIncB.push([0, newMsg.origen], [newMsg.despIncB1, newMsg.profundidad1], [newMsg.despIncB2, newMsg.profundidad2], [newMsg.despIncB3, newMsg.profundidad3], [newMsg.despIncB4, newMsg.profundidad4], [newMsg.despIncB5, newMsg.profundidad5], [newMsg.despIncB6, newMsg.profundidad6]);
arrayAcuB.push([0, newMsg.origen], [newMsg.despAcuB1, newMsg.profundidad1], [newMsg.despAcuB2, newMsg.profundidad2], [newMsg.despAcuB3, newMsg.profundidad3], [newMsg.despAcuB4, newMsg.profundidad4], [newMsg.despAcuB5, newMsg.profundidad5], [newMsg.despAcuB6, newMsg.profundidad6]);
newMsg.arrayIncA = arrayIncA;
newMsg.arrayAcuA = arrayAcuA;
newMsg.arrayIncB = arrayIncB;
newMsg.arrayAcuB = arrayAcuB;
newMsg.arrayIncA3D = [0, newMsg.despIncA1, newMsg.despIncA2, newMsg.despIncA3, newMsg.despIncA4, newMsg.despIncA5, newMsg.despIncA6]
newMsg.arrayIncB3D = [0, newMsg.despIncB1, newMsg.despIncB2, newMsg.despIncB3, newMsg.despIncB4, newMsg.despIncB5, newMsg.despIncB6]
newMsg.arrayAcuA3D = [0, newMsg.despAcuA1, newMsg.despAcuA2, newMsg.despAcuA3, newMsg.despAcuA4, newMsg.despAcuA5, newMsg.despAcuA6]
newMsg.arrayAcuB3D = [0, newMsg.despAcuB1, newMsg.despAcuB2, newMsg.despAcuB3, newMsg.despAcuB4, newMsg.despAcuB5, newMsg.despAcuB6]
newMsg.arrayProf3D = [newMsg.origen, newMsg.profundidad1, newMsg.profundidad2, newMsg.profundidad3, newMsg.profundidad4, newMsg.profundidad5, newMsg.profundidad6]

// RETORNA MENSAJE:
return { msg: newMsg, metadata: metadata, msgType: msgType };"
TiltmeterInPlaceRC,Verificar temperatura,TbJsFilterNode,not_a_formula,,,,,,,"nodo de filtro/switch (compuerta booleana o enrutamiento), no calcula un valor de telemetría","var temp = parseFloat(msg.Temp);
if (temp >= 200) {
    return false;
} else {
    return true;
}"
TiltmeterRC,New RC,TbTransformMsgNode,needs_manual_review,,,,,,,"contiene if/else o ternario -- tinyexpr no tiene control de flujo, requiere decisión manual de cómo modelarlo (o si corresponde partir en 2 fórmulas + alarma)","var XaxisTilt = parseFloat(msg.XaxisTiltCh0);
var YaxisTilt = parseFloat(msg.YaxisTiltCh1);
var ZaxisTilt = parseFloat(msg.ZaxisTiltCh2);
var XaxisTiltIni = parseFloat(metadata.shared_XaxisTiltIni);
var YaxisTiltIni = parseFloat(metadata.shared_YaxisTiltIni);
var ZaxisTiltIni = parseFloat(metadata.shared_ZaxisTiltIni);
//var longitude = parseFloat(metadata.shared_nodeHeight);
var orientation = typeof metadata.shared_orientation !== 'undefined' ? metadata.shared_orientation : '';
// Variación:
msg.XaxisVariationCh0V2 = XaxisTilt - XaxisTiltIni;
msg.YaxisVariationCh1V2 = YaxisTilt - YaxisTiltIni;
msg.ZaxisVariationCh2V2 = ZaxisTilt - ZaxisTiltIni;
// Deformación:
msg.XaxisDeformation = Math.sin(msg.XaxisVariationCh0V2 * Math.PI / 180) * 1000; // In mm.
msg.YaxisDeformation = Math.sin(msg.YaxisVariationCh1V2 * Math.PI / 180) * 1000; // In mm.
msg.ZaxisDeformation = Math.sin(msg.ZaxisVariationCh2V2 * Math.PI / 180) * 1000; // In mm.
switch (orientation) {
    case 'X-Y':
        msg.resultingDeformation = Math.sqrt(Math.pow(msg.XaxisDeformation, 2) + Math.pow(msg.YaxisDeformation, 2));
        break;
    case 'Z-Y':
        msg.resultingDeformation = Math.sqrt(Math.pow(msg.ZaxisDeformation, 2) + Math.pow(msg.YaxisDeformation, 2));
        break;
    case 'X-Z':
    case 'Z-X':
        msg.resultingDeformation = Math.sqrt(Math.pow(msg.XaxisDeformation, 2) + Math.pow(msg.ZaxisDeformation, 2));
        break;
    default:
        break;
}
return { msg: msg, metadata: metadata, msgType: msgType };"
TiltmeterRC,Postprocess,TbTransformMsgNode,needs_manual_review,,,,,,,"contiene if/else o ternario -- tinyexpr no tiene control de flujo, requiere decisión manual de cómo modelarlo (o si corresponde partir en 2 fórmulas + alarma)","var AaxisDevData = JSON.parse(metadata.AaxisDev || '[]');
var BaxisDevData = JSON.parse(metadata.BaxisDev || '[]');
var msgTs = parseInt(metadata.ts);
function getClosestBefore(data, ts) {
    var closestValue = 0;
    var closestTs = 0;
    for (var i = 0; i < data.length; i++) {
        var point = data[i];
        var pointTs = parseInt(point.ts);
        if (pointTs < ts && pointTs > closestTs) {
            closestTs = pointTs;
            closestValue = parseFloat(point.value);
        }
    }
    return closestValue;
}
msg.AaxisIncDisp = msg.AaxisDev - getClosestBefore(AaxisDevData, msgTs);
msg.BaxisIncDisp = msg.BaxisDev - getClosestBefore(BaxisDevData, msgTs);
return { msg: msg, metadata: metadata, msgType: msgType };"
TiltmeterRC,Postprocess,TbTransformMsgNode,needs_manual_review,,,,,,,"contiene if/else o ternario -- tinyexpr no tiene control de flujo, requiere decisión manual de cómo modelarlo (o si corresponde partir en 2 fórmulas + alarma)","var forwardXaxisDev = JSON.parse(metadata.XaxisDev);
var forwardYaxisDev = JSON.parse(metadata.YaxisDev);
var forwardTs = parseInt(metadata.forwardTs);
var Xminus = forwardXaxisDev.filter(function(h) { return h['ts'] == forwardTs });
var Yminus = forwardYaxisDev.filter(function(h) { return h['ts'] == forwardTs });
if (Xminus.length > 0) {
    msg.XaxisIncDisp = msg.XaxisDev - Xminus[0]['value'];
}
if (Yminus.length > 0) {
    msg.YaxisIncDisp = msg.YaxisDev - Yminus[0]['value'];
}
return {msg: msg, metadata: metadata, msgType: msgType};
/*function generateList(bottom, top) {
    var interval = 604800000;
    var myList = [];
    while (bottom <= top) {
        myList.push(bottom);
        bottom += interval;
    }
    return myList;
}
var forwardXaxisDev = JSON.parse(metadata.XaxisDev);
var forwardYaxisDev = JSON.parse(metadata.YaxisDev);
var currentTs = parseInt(metadata.ts);
var forwardTs = parseInt(metadata.forwardTs);
var initialTs = parseInt(metadata.ss_initialTs);
var XminusSeven = forwardXaxisDev.filter(function(h) { return h.ts === forwardTs });
var YminusSeven = forwardYaxisDev.filter(function(h) { return h.ts === forwardTs });
var criterion = generateList(initialTs, currentTs);
if (XminusSeven.length > 0 && criterion.indexOf(currentTs) !== -1) {
    msg.XaxisIncDisp = msg.XaxisDev - XminusSeven[0]['value'];
}
if (YminusSeven.length > 0 && criterion.indexOf(currentTs) !== -1) {
    msg.YaxisIncDisp = msg.YaxisDev - YminusSeven[0]['value'];
}
return {msg: msg, metadata: metadata, msgType: msgType};*/"
TiltmeterRC,Preprocess,TbTransformMsgNode,needs_manual_review,,,,,,,"contiene if/else o ternario -- tinyexpr no tiene control de flujo, requiere decisión manual de cómo modelarlo (o si corresponde partir en 2 fórmulas + alarma)","function getFactor(factorDict, nAxis) {
    var factorDictQuantity = factorDict.Applied_Angle_Deg.length;
    var factor = null;
    for (var dictItem = 0; dictItem < factorDictQuantity; dictItem++) {
        var appliedAngleTop = factorDict.Applied_Angle_Deg[dictItem];
        var appliedAngleButtom = factorDict.Applied_Angle_Deg[dictItem + 1];
        var appliedAngleLast = factorDict.Applied_Angle_Deg[factorDictQuantity - 1];
        if (nAxis > appliedAngleButtom && nAxis <= appliedAngleTop) {
            factor = factorDict.Applied_Angle_Sinx[dictItem];
        } else if (nAxis <= appliedAngleLast) {
            factor = factorDict.Applied_Angle_Sinx[factorDictQuantity - 1];
        }
    }
    return factor;
}
var axisFactors = { ""Applied_Angle_Deg"": [80, 45, 15, 4, 2, -2, -4, -15, -45, -80], ""Applied_Angle_Sinx"": [0.23, 0.08, 0.013, 0.005, 0.0025, -0.0025, -0.005, -0.013, -0.08, -0.23]};
var XaxisTilt = parseFloat(msg.XaxisTiltCh0);
var YaxisTilt = parseFloat(msg.YaxisTiltCh1);
var ZaxisTilt = parseFloat(msg.ZaxisTiltCh2);
var XaxisTiltIni = parseFloat(metadata.shared_XaxisTiltIni);
var YaxisTiltIni = parseFloat(metadata.shared_YaxisTiltIni);
var ZaxisTiltIni = parseFloat(metadata.shared_ZaxisTiltIni);
var longitude = parseFloat(metadata.shared_nodeHeight);
var Xaxisfactor = getFactor(axisFactors, XaxisTilt);
var Yaxisfactor = getFactor(axisFactors, YaxisTilt);
msg.XaxisVariationCh0V2 = XaxisTilt - XaxisTiltIni;
msg.YaxisVariationCh1V2 = YaxisTilt - YaxisTiltIni;
msg.ZaxisVariationCh2V2 = ZaxisTilt - ZaxisTiltIni;
msg.XaxisDev = longitude * Math.sin(XaxisTilt * Math.PI / 180) * Xaxisfactor * 1000;
msg.YaxisDev = longitude * Math.sin(YaxisTilt * Math.PI / 180) * Yaxisfactor * 1000;
msg.XaxisDevIni = longitude * Math.sin(XaxisTiltIni * Math.PI / 180) * Xaxisfactor * 1000;
msg.YaxisDevIni = longitude * Math.sin(YaxisTiltIni * Math.PI / 180) * Yaxisfactor * 1000;
msg.XaxisAccuDisp = msg.XaxisDev + msg.XaxisDevIni;
msg.YaxisAccuDisp = msg.YaxisDev + msg.YaxisDevIni;
metadata.searchRangeTs = parseInt(metadata.ts) - (3600 * 1000 * 24 * 1);
metadata.forwardTs = parseInt(metadata.ts) - (3600 * 1000 * 4 * 1);
return {msg: msg, metadata: metadata, msgType: msgType};"
TiltmeterRC,Preprocess,TbTransformMsgNode,needs_manual_review,,,,,,,"contiene if/else o ternario -- tinyexpr no tiene control de flujo, requiere decisión manual de cómo modelarlo (o si corresponde partir en 2 fórmulas + alarma)","var AaxisTilt = parseFloat(msg.AaxisTilt);
var BaxisTilt = parseFloat(msg.BaxisTilt);
var AaxisTiltIni = parseFloat(metadata.shared_AaxisTiltIni);
var BaxisTiltIni = parseFloat(metadata.shared_BaxisTiltIni);
AaxisTilt = !isNaN(AaxisTilt) ? AaxisTilt : 0;
BaxisTilt = !isNaN(BaxisTilt) ? BaxisTilt : 0;
AaxisTiltIni = !isNaN(AaxisTiltIni) ? AaxisTiltIni : 0;
BaxisTiltIni = !isNaN(BaxisTiltIni) ? BaxisTiltIni : 0;
msg.AaxisVariation = AaxisTilt - AaxisTiltIni;
msg.BaxisVariation = BaxisTilt - BaxisTiltIni;
msg.AaxisDev = Math.sin(AaxisTilt * Math.PI / 180);
msg.BaxisDev = Math.sin(BaxisTilt * Math.PI / 180);
var AaxisDevIni = Math.sin(AaxisTiltIni * Math.PI / 180);
var BaxisDevIni = Math.sin(BaxisTiltIni * Math.PI / 180);
msg.AaxisAccuDisp = msg.AaxisDev + AaxisDevIni;
msg.BaxisAccuDisp = msg.BaxisDev + BaxisDevIni;
metadata.since = parseInt(metadata.ts) - 21660000;
metadata.until = parseInt(metadata.ts) + 60000;
return {msg: msg, metadata: metadata, msgType: msgType};"
Velocidad Inversa Celdas,Eq,TbJsFilterNode,not_a_formula,,,,,,,"nodo de filtro/switch (compuerta booleana o enrutamiento), no calcula un valor de telemetría","if(metadata.shared_equation == ""linear_a""){
    return true
}
else{
    return false
}"
WeatherstationRC,Criterio,TbTransformMsgNode,needs_manual_review,,,,,,,"contiene if/else o ternario -- tinyexpr no tiene control de flujo, requiere decisión manual de cómo modelarlo (o si corresponde partir en 2 fórmulas + alarma)","var texto = null;
var level = parseFloat(msg.wx_rad_prom);
if (level <= 179) {
    texto = 'Alerta, el nivel del reservorio ha descendido por debajo del umbral (179 mm), para mayor detalle visite su plataforma de monitoreo Beemetry.';
} else if (level >= 197) {
    texto = 'Alerta, el nivel del reservorio ha superado el umbral (197 mm), para mayor detalle visite su plataforma de monitoreo Beemetry.';
}
msg.texto = texto;
msg.deviceName = metadata.deviceName;
metadata.texto = texto;
metadata.template = ""bombas_evap"";
return {msg: msg, metadata: metadata, msgType: msgType};"
WeatherstationRC,Filtrar menor a 1 hora,TbJsFilterNode,not_a_formula,,,,,,,"nodo de filtro/switch (compuerta booleana o enrutamiento), no calcula un valor de telemetría","var fecha = new Date().getTime();
var horas = (fecha - parseFloat(metadata.ts)) / 3600000;
var criteria = 1;
if (horas < criteria) {
    return true;
} else {
    return false;
}"
WeatherstationRC,Filtro de nombre,TbJsSwitchNode,not_a_formula,,,,,,,"nodo de filtro/switch (compuerta booleana o enrutamiento), no calcula un valor de telemetría","if (metadata.deviceName == 'BR.Estación Meteorológica Huachuacaja') {
    return ['BR.WEATHERSTATION_HUACHUACAJA'];
} 
return 'other'"
WeatherstationRC,Filtro de nombre,TbJsSwitchNode,not_a_formula,,,,,,,"nodo de filtro/switch (compuerta booleana o enrutamiento), no calcula un valor de telemetría","if (metadata.deviceName == 'GF.WEATHERSTATION UT-30') {
    return ['UT-30'];
} else if (metadata.deviceName == 'GF.Nivel_Bomba') {
    return ['bomba'];
}
return 'other'"
WeatherstationRC,Transf,TbTransformMsgNode,needs_manual_review,,,,,,,no se encontró ninguna asignación msg.<campo> = <expresión> reconocible,"metadata.ts=parseInt(metadata.ts)
metadata.since=metadata.ts-3605000
metadata.until=metadata.ts+5000
return {msg: msg, metadata: metadata, msgType: msgType};"
WeatherstationRC,Umbral Texto,TbJsFilterNode,not_a_formula,,,,,,,"nodo de filtro/switch (compuerta booleana o enrutamiento), no calcula un valor de telemetría","if (metadata.texto == null || metadata.texto == ""Vacio"") {
    return false;
} else {
    return true;
}"
WeatherstationRC,Umbrales,TbTransformMsgNode,needs_manual_review,,,,,,,"contiene if/else o ternario -- tinyexpr no tiene control de flujo, requiere decisión manual de cómo modelarlo (o si corresponde partir en 2 fórmulas + alarma)","var texto = 'Vacio';
var texto_viento = '';
/*Por alguna razon no pasa los atributios*/
metadata.shared_Ta_prom_umbral1 = 6;
metadata.shared_Ta_prom_umbral2 = 22;
metadata.shared_RH_Avg_umbral1 = 30;
metadata.shared_Pbar_prom_umbral1 = 641;
metadata.shared_Pbar_prom_umbral2 = 653;
metadata.shared_Pp_mm_tot_umbral1 = 1524;
metadata.shared_NetRad_prom_umbral1 = 1400;
metadata.shared_WS_prom_KPH_Avg_umbral = 38;
// Actualizado el 08/01/2025 a las 10:32 por solicitud del Ing. Nolberto Gómez.
metadata.shared_Evap_prom_umbral1 = 109;
metadata.shared_Evap_prom_umbral2 = 244;
/*if(msg.wx_temp_prom<metadata.shared_Ta_prom_umbral1){
 texto='Alerta, la temperatura ambiente a descendido de 6°C, para mayor detalle visite su plataforma de monitoreo Beemetry.'
 }
 if(msg.wx_temp_prom>metadata.shared_Ta_prom_umbral2){
 texto='Alerta, la temperatura ambiente a superado los 22°C, para mayor detalle visite su plataforma de monitoreo Beemetry.'
 }
 if(msg.wx_hum_prom>metadata.shared_RH_Avg_umbral1){
 texto='Alerta, el ambiente a superado el 30% de humedad relativa, para mayor detalle visite su plataforma de monitoreo Beemetry.'
 }
 if(msg.wx_pbar_prom<metadata.shared_Pbar_prom_umbral1){
 texto='Alerta, la presión barométrica está por debajo de 641mbar, para mayor detalle visite su plataforma de monitoreo Beemetry.'
 }
  if(msg.wx_pbar_prom>metadata.shared_Pbar_prom_umbral2){
 texto='Alerta, la presión barométrica está sobre los 653mbar, para mayor detalle visite su plataforma de monitoreo Beemetry.'
 }
 if(msg.wx_precipitation>metadata.shared_Pp_mm_tot_umbral1){
      texto='Alerta, se presencia una precipitación superior a 1524mm en la estación UT-30, para mayor detalle visite su plataforma de monitoreo Beemetry.'
      if(metadata.deviceName=='GF.Pluviómetro EPCM1'){

          texto='Alerta, se presencia una precipitación superior a 1524mm en la estación EPCM1, para mayor detalle visite su plataforma de monitoreo Beemetry.'
      }
      if(metadata.deviceName=='GF.Pluviómetro Cerro Candela'){

          texto='Alerta, se presencia una precipitación superior a 1524mm en la estación Cerro Candela, para mayor detalle visite su plataforma de monitoreo Beemetry.'
      }
 }
 if(msg.wx_rad_prom>metadata.shared_NetRad_prom_umbral1){
 texto='Alerta, se presencia una radiación solar superior a 1400Watt&/m2, para mayor detalle visite su plataforma de monitoreo Beemetry.'
 }
 if(msg.wx_wsprom_kph>metadata.shared_WS_prom_KPH_Avg_umbral){
 texto='Alerta, velocidades de viento superiores a 38Km/h, para mayor detalle visite su plataforma de monitoreo Beemetry.'
 }*/
var offset_evap = 2;
if ((typeof msg.wx_evap_prom == 'undefined') || (msg.wx_evap_prom == isNaN) || (msg.wx_evap_prom == 'NaN') || (msg.wx_evap_prom == 'NAN')) {
    texto = 'Vacio';
} else {
    if (msg.wx_evap_prom < metadata.shared_Evap_prom_umbral1 + offset_evap) {
        texto = 'Alerta, el nivel del reservorio está a ' + String(offset_evap) + 'mm de descender de ' + String(metadata.shared_Evap_prom_umbral1 + offset_evap) + 'mm, para mayor detalle visite su plataforma de monitoreo Beemetry.';
    }
    if (msg.wx_evap_prom > metadata.shared_Evap_prom_umbral2 - offset_evap) {
        texto = 'Alerta, el nivel del reservorio está a ' + String(offset_evap) + 'mm de superar los ' + String(metadata.shared_Evap_prom_umbral2 - offset_evap) + 'mm, para mayor detalle visite su plataforma de monitoreo Beemetry.';
    }
    if (msg.wx_evap_prom > metadata.shared_Evap_prom_umbral2) {
        texto = 'Alerta, el nivel del reservorio superó los ' + String(metadata.shared_Evap_prom_umbral2) + ' mm, para mayor detalle visite su plataforma de monitoreo Beemetry.';
    }
    if (msg.wx_evap_prom < metadata.shared_Evap_prom_umbral1) {
        texto = 'Alerta, el nivel del reservorio esta por debajo de los ' + String(metadata.shared_Evap_prom_umbral1) + ' mm, para mayor detalle visite su plataforma de monitoreo Beemetry.';
    }
    /*if(msg.wx_wsmax>10.56){texto=texto='| Alerta, la velocidad de viento superó el umbral maximo 10.56 m/s, se registra el valor de '+msg.wx_wsmax+' m/s para mayor detalle visite su plataforma de monitoreo Beemetry.'}*/
}
msg.Ta_prom_umbral1 = metadata.shared_Ta_prom_umbral1;
msg.Ta_prom_umbral2 = metadata.shared_Ta_prom_umbral2;
msg.RH_Avg_umbral1 = metadata.shared_RH_Avg_umbral1;
msg.Pbar_prom_umbral1 = metadata.shared_Pbar_prom_umbral1;
msg.Pbar_prom_umbral2 = metadata.shared_Pbar_prom_umbral2;
msg.Pp_mm_tot_umbral1 = metadata.shared_Pp_mm_tot_umbral1;
msg.NetRad_prom_umbral1 = metadata.shared_NetRad_prom_umbral1;
msg.WS_prom_KPH_Avg_umbral = metadata.shared_WS_prom_KPH_Avg_umbral;
msg.Evap_prom_umbral1 = metadata.shared_Evap_prom_umbral1;
msg.Evap_prom_umbral2 = metadata.shared_Evap_prom_umbral2;
metadata.texto = texto;
metadata.template = ""weatherstation"";
msg.texto = texto;
msg.deviceName = metadata.deviceName;
return { msg: msg, metadata: metadata, msgType: msgType };"
WeatherstationRC,Validar credenciales,TbJsFilterNode,not_a_formula,,,,,,,"nodo de filtro/switch (compuerta booleana o enrutamiento), no calcula un valor de telemetría","if (typeof metadata.ss_alert_email == 'undefined' || typeof metadata.ss_alert_phone == 'undefined') {
    return false;
} else {
    return true;
}"
WeatherstationRC,Valor Anterior,TbTransformMsgNode,needs_manual_review,diferencial_precipitacion,,,,,precipitacion_anterior,"metadata.wx_precipitation tiene el mismo nombre que msg.wx_precipitation -- es ESTADO (valor del ciclo anterior persistido con el mismo nombre), no un parámetro de calibración; requiere modelarse con prev_value, no como sensor_input_parameter_def","msg.precipitacion_anterior=metadata.wx_precipitation
msg.diferencial_precipitacion=msg.wx_precipitation-metadata.wx_precipitation
return { msg: msg, metadata: metadata, msgType: msgType };"
WeatherstationRC,Valor Anterior,TbTransformMsgNode,needs_manual_review,precipitacion_anterior,,,,,diferencial_precipitacion,"metadata.wx_precipitation tiene el mismo nombre que msg.wx_precipitation -- es ESTADO (valor del ciclo anterior persistido con el mismo nombre), no un parámetro de calibración; requiere modelarse con prev_value, no como sensor_input_parameter_def","msg.precipitacion_anterior=metadata.wx_precipitation
msg.diferencial_precipitacion=msg.wx_precipitation-metadata.wx_precipitation
return { msg: msg, metadata: metadata, msgType: msgType };"
WeatherstationRC,guarda,TbTransformMsgNode,needs_manual_review,diferencial_precipitacion,,,,,,la expresión asignada a msg.diferencial_precipitacion contiene ''' -- no es aritmética pura traducible a tinyexpr,"var data=JSON.parse(metadata.wx_precipitation)
msg.diferencial_precipitacion=data[0]['value']-data[1]['value']

return {msg: msg, metadata: metadata, msgType: msgType};"
[CJ] Accelerograph Alarms,Criterion,TbJsFilterNode,not_a_formula,,,,,,,"nodo de filtro/switch (compuerta booleana o enrutamiento), no calcula un valor de telemetría","// Fundamental para evitar bombardeo de correos (pruebas alternas a RC):
var maxch0 = parseFloat(msg.maxch0G);
var maxch1 = parseFloat(msg.maxch1G);
var maxch2 = parseFloat(msg.maxch2G);
var acc = Math.max(maxch0, maxch1, maxch2);
if (!isNaN(acc)) {
    var fecha = new Date().getTime();
    var diff = (fecha - parseFloat(metadata.ts)) / 3600000;
    if (diff > 0 && diff <= 1/12) {
        var alertTitle = (acc > 0.3) ? 'Alto' : (acc >= 0.15) ? 'Medio': 'none';
        if (alertTitle !== 'none') {
            return true;
        }
    }
}
return false;"
[CJ] Accelerograph Alarms,Generate new data,TbTransformMsgNode,needs_manual_review,,,,,,,"contiene if/else o ternario -- tinyexpr no tiene control de flujo, requiere decisión manual de cómo modelarlo (o si corresponde partir en 2 fórmulas + alarma)","var maxch0 = parseFloat(msg.maxch0G);
var maxch1 = parseFloat(msg.maxch1G);
var maxch2 = parseFloat(msg.maxch2G);
var acc = Math.max(maxch0, maxch1, maxch2);
metadata.valor1 = metadata.deviceName;
metadata.valor2 = new Date(parseFloat(metadata.ts)).toLocaleDateString('es-PE');
metadata.valor3 = metadata.shared_location;
metadata.valor4 = (acc > 0.3) ? 'Alto' : (acc >= 0.15) ? 'Medio': 'none';
metadata.valor5 = !isNaN(acc) ? acc : '';
return {msg: msg, metadata: metadata, msgType: msgType};"
[CJ] Extensometer Alarms,Criterion,TbJsFilterNode,not_a_formula,,,,,,,"nodo de filtro/switch (compuerta booleana o enrutamiento), no calcula un valor de telemetría","// Fundamental para evitar bombardeo de correos (pruebas alternas a RC):
var fecha = new Date().getTime();
var diff = (fecha - parseFloat(metadata.ts)) / 3600000;
if (diff > 0 && diff <= 1/12) {
    var location = typeof metadata.shared_location !== 'undefined' ? metadata.shared_location.toLowerCase() : 'none';
    var velocityPerDay = parseFloat(msg.velocityPerDay);
    velocityPerDay = !isNaN(velocityPerDay) ? velocityPerDay : 'none';
    if (velocityPerDay !== 'none') {
        var high = ['dd1-3', 'dd4&5'].indexOf(location) !== -1 ? 7 : (['cuña e-2'].indexOf(location) !== -1 ? 8 : (['d-52'].indexOf(location) !== -1 ? 50 : 'none'));
        var medium = ['dd1-3', 'dd4&5'].indexOf(location) !== -1 ? 4 : (['cuña e-2'].indexOf(location) !== -1 ? 6 : (['d-52'].indexOf(location) !== -1 ? 25 : 'none'));
        var alertTitle = (velocityPerDay > high) ? 'Alto' : (velocityPerDay >= medium) ? 'Medio': 'none';
        if (high !== 'none' && medium !== 'none' && alertTitle !== 'none') {
            return true;
        }
    }
}
return false;"
[CJ] Extensometer Alarms,Generate new data,TbTransformMsgNode,needs_manual_review,,,,,,,"contiene if/else o ternario -- tinyexpr no tiene control de flujo, requiere decisión manual de cómo modelarlo (o si corresponde partir en 2 fórmulas + alarma)","var location = typeof metadata.shared_location !== 'undefined' ? metadata.shared_location.toLowerCase() : 'Cuajone';
var high = ['dd1-3', 'dd4&5'].indexOf(location) !== -1 ? 7 : (['cuña e-2'].indexOf(location) !== -1 ? 8 : (['d-52'].indexOf(location) !== -1 ? 50 : 'none'));
var medium = ['dd1-3', 'dd4&5'].indexOf(location) !== -1 ? 4 : (['cuña e-2'].indexOf(location) !== -1 ? 6 : (['d-52'].indexOf(location) !== -1 ? 25 : 'none'));
var velocityPerDay = parseFloat(msg.velocityPerDay);
velocityPerDay = !isNaN(velocityPerDay) ? velocityPerDay : 'none';
metadata.valor1 = metadata.deviceName;
metadata.valor2 = new Date(parseFloat(metadata.ts)).toLocaleDateString('es-PE');
metadata.valor3 = location;
metadata.valor4 = (velocityPerDay > high) ? 'Alto' : (velocityPerDay >= medium) ? 'Medio': 'none';
metadata.valor5 = velocityPerDay;
return {msg: msg, metadata: metadata, msgType: msgType};"
[CJ] Piezometer Alarms,Criterion,TbJsFilterNode,not_a_formula,,,,,,,"nodo de filtro/switch (compuerta booleana o enrutamiento), no calcula un valor de telemetría","// Fundamental para evitar bombardeo de correos (pruebas alternas a RC):
var location = typeof metadata.shared_location !== 'undefined' ? metadata.shared_location : '';
var ttop = location.toLowerCase() === 'presa torata' ? 3435 : location.toLowerCase() === 'chancador torata' ? 3180 : 'none';
var mmedium = location.toLowerCase() === 'presa torata' ? 3431 : location.toLowerCase() === 'chancador torata' ? 3170 : 'none';
var alt = !isNaN(parseFloat(msg.ALT)) ? parseFloat(msg.ALT) : 'none';
if (ttop !== 'none' && mmedium !== 'none' && alt !== 'none' && alt >= mmedium) {
    var fecha = new Date().getTime();
    var diff = (fecha - parseFloat(metadata.ts)) / 3600000;
    if (diff > 0 && diff <= 6) {
        var alertTitle = (alt > ttop) ? 'Alto' : (alt >= mmedium) ? 'Medio': 'none';
        if (alertTitle !== 'none') {
            return true;
        }
    }
}
return false;"
[CJ] Piezometer Alarms,Generate new data,TbTransformMsgNode,needs_manual_review,,,,,,,"contiene if/else o ternario -- tinyexpr no tiene control de flujo, requiere decisión manual de cómo modelarlo (o si corresponde partir en 2 fórmulas + alarma)","var location = typeof metadata.shared_location !== 'undefined' ? metadata.shared_location : '';
var ttop = location.toLowerCase() === 'presa torata' ? 3435 : location.toLowerCase() === 'chancador torata' ? 3180 : 'none';
var mmedium = location.toLowerCase() === 'presa torata' ? 3431 : location.toLowerCase() === 'chancador torata' ? 3170 : 'none';
var alt = !isNaN(parseFloat(msg.ALT)) ? parseFloat(msg.ALT) : 'none';
metadata.valor1 = metadata.deviceName;
metadata.valor2 = new Date(parseFloat(metadata.ts)).toLocaleDateString('es-PE');
metadata.valor3 = metadata.shared_location;
metadata.valor4 = (alt > ttop) ? 'Alto' : (alt >= mmedium) ? 'Medio': 'none';
metadata.valor5 = parseFloat(msg.ALT);
return {msg: msg, metadata: metadata, msgType: msgType};"
[CJ] Settlement Cell Alarms,Criterion,TbJsFilterNode,not_a_formula,,,,,,,"nodo de filtro/switch (compuerta booleana o enrutamiento), no calcula un valor de telemetría","// Fundamental para evitar bombardeo de correos (pruebas alternas a RC):
var mca = parseFloat(msg.z);
mca = !isNaN(mca) ? mca * 100 : 'none'; // De metros a centímetros.
if (mca !== 'none' && mca >= 2) { // Aplica la revisión de umbrales en centímetros.
    var fecha = new Date().getTime();
    var diff = (fecha - parseFloat(metadata.ts)) / 3600000;
    if (diff > 0 && diff < 1) {
        metadata.alertTitle = (mca > 5) ? 'Alto' : (mca >= 2) ? 'Medio' : 'Sin Alerta';
        return true;
    } else {
        return false;
    }
} else {
    return false;
}"
[CJ] Settlement Cell Alarms,Envia solo la hora actual,TbJsFilterNode,not_a_formula,,,,,,,"nodo de filtro/switch (compuerta booleana o enrutamiento), no calcula un valor de telemetría","var fecha=new Date().getTime()
var horas=(fecha-parseFloat(metadata.ts))/3600000

if(horas<1){ return true
}
else{ return false }"
[CJ] Settlement Cell Alarms,Generate new data,TbTransformMsgNode,needs_manual_review,,,,,,,no se encontró ninguna asignación msg.<campo> = <expresión> reconocible,"metadata.valor1 = metadata.deviceName;
metadata.valor2 = new Date(parseFloat(metadata.ts)).toLocaleDateString('es-PE');
metadata.valor3 = metadata.shared_location;
metadata.valor4 = metadata.alertTitle;
metadata.valor5 = parseFloat(msg.MCA) * 100; // En cm.
return {msg: msg, metadata: metadata, msgType: msgType};"
[HU] Piezometer Alarms,Criterion,TbJsFilterNode,not_a_formula,,,,,,,"nodo de filtro/switch (compuerta booleana o enrutamiento), no calcula un valor de telemetría","// Fundamental para evitar bombardeo de correos (pruebas alternas a RC):
var anexos = typeof metadata.shared_anexosV2 === 'string' ? JSON.parse(metadata.shared_anexosV2) : typeof metadata.shared_anexosV2 === 'object' ? metadata.shared_anexosV2 : { '1': '' };
var alt = parseFloat(msg.ALT);
var nac = parseFloat(anexos.anexo5.value);
var nam = parseFloat(anexos.anexo4.value);
alt = !isNaN(alt) ? alt : 'none';
nac = !isNaN(nac) && nac !== 0 ? nac : 'none';
nam = !isNaN(nam) && nam !== 0 ? nam : 'none';
if (alt !== 'none' && nam !== 'none' && nac !== 'none' && alt >= nam) { // Aplica la revisión de umbrales.
    var fecha = new Date().getTime();
    var diff = (fecha - parseFloat(metadata.ts)) / 3600000;
    if (diff > 0 && diff <= 1) {
        metadata.alertTitle = (alt > nac) ? 'Crítico' : (alt >= nam) ? 'Moderado' : '';
        return true;
    } else {
        return false;
    }
} else {
    return false;
}"
[HU] Piezometer Alarms,Generate new data,TbTransformMsgNode,needs_manual_review,,,,,,,"contiene if/else o ternario -- tinyexpr no tiene control de flujo, requiere decisión manual de cómo modelarlo (o si corresponde partir en 2 fórmulas + alarma)","// Fundamental para evitar bombardeo de correos (pruebas alternas a RC):
var anexos = typeof metadata.shared_anexosV2 === 'string' ? JSON.parse(metadata.shared_anexosV2) : typeof metadata.shared_anexosV2 === 'object' ? metadata.shared_anexosV2 : { '1': '' };
var alt = parseFloat(msg.ALT);
var nac = parseFloat(anexos.anexo5.value);
var nam = parseFloat(anexos.anexo4.value);
alt = !isNaN(alt) ? alt : 'none';
nac = !isNaN(nac) && nac !== 0 ? nac : 'none';
nam = !isNaN(nam) && nam !== 0 ? nam : 'none';
metadata.alertTitle='Normal'
if (alt !== 'none' && nam !== 'none' && nac !== 'none' && alt >= nam) { // Aplica la revisión de umbrales.
    metadata.alertTitle = (alt > nac) ? 'Crítico' : (alt >= nam) ? 'Moderado' : '';
} 

metadata.valor1 = metadata.deviceName;
metadata.valor2 = new Date(parseFloat(metadata.ts)).toLocaleDateString('es-PE');
metadata.valor3 = metadata.shared_location;
metadata.valor4 = metadata.alertTitle;
metadata.valor5 = parseFloat(parseFloat(msg.ALT).toFixed(3));
return {msg: msg, metadata: metadata, msgType: msgType};"
[HU] Piezometer Alarms,filtro,TbJsFilterNode,not_a_formula,,,,,,,"nodo de filtro/switch (compuerta booleana o enrutamiento), no calcula un valor de telemetría","if(msg.texto!=""Vacio""){
    var lastTs = metadata.ss_last_alarm_ts ? parseFloat(metadata.ss_last_alarm_ts) : 0;
    var ahora  = new Date().getTime();
    return (ahora - lastTs) >= 86400000; // 24h en ms
}
else{
    return false
}"
[HU] Piezometer Alarms,setea,TbTransformMsgNode,needs_manual_review,last_alarm_ts,,,,,,la expresión asignada a msg.last_alarm_ts contiene 'new Date' -- no es aritmética pura traducible a tinyexpr,"msg.last_alarm_ts  = new Date().getTime();
  return { msg: msg, metadata: metadata, msgType: 'POST_ATTRIBUTES_REQUEST' };"
