Task Name,Task Description,Folder Name,List Name,Status,Priority,Start Date,Due Date,Tags,Time Estimate,Task ID,Recurso,Etapa,Release,Depends On,Complejidad,Riesgo,Stream,Avance Objetivo %,Sprint,Mes Calendario,Tipo Metodologia
PoC: Inicio de sesión y auditoría — Entender necesidades y alcance,"MÓDULO DEL MENÚ: Inicio de sesión y auditoría
Grupo: Plataforma

QUÉ HACE (en simple): Pantalla de acceso, usuario conectado, registro de acciones y salida segura.

ACTIVIDAD DE ESTA TAREA: Qué problema resuelve este módulo, quién lo usa en mina y qué significa tenerlo al 20%.

Referencia técnica (prototipo): AuthGateway, AuditCenter, avatar, branding minero/unidad en cabecera.

ENTREGABLE: evidencia documentada con avance objetivo 20% del módulo.
Periodo: marzo–abril 2026 | Responsable: ARQ (arquitecto / PMO).",Etapa 0 - Pruebas de concepto,E0_MARZO_ABRIL_PoC,Backlog,High,2026-03-02,2026-03-12,"SEGURIDAD,ARQUITECTURA,ARQUITECTURA,GESTION_PROYECTO",3,E0-M01-A,ARQ-Arquitecto TI / PMO,Etapa 0,E0,,Media,Medio,Arquitectura,20,S1,Marzo,Por etapa
PoC: Inicio de sesión y auditoría — Investigar referencias y alternativas,"MÓDULO DEL MENÚ: Inicio de sesión y auditoría
Grupo: Plataforma

QUÉ HACE (en simple): Pantalla de acceso, usuario conectado, registro de acciones y salida segura.

ACTIVIDAD DE ESTA TAREA: Revisar mercado, ThingsBoard, normativa minera y buenas prácticas similares.

Referencia técnica (prototipo): AuthGateway, AuditCenter, avatar, branding minero/unidad en cabecera.

ENTREGABLE: evidencia documentada con avance objetivo 20% del módulo.
Periodo: marzo–abril 2026 | Responsable: ARQ (arquitecto / PMO).",Etapa 0 - Pruebas de concepto,E0_MARZO_ABRIL_PoC,Backlog,High,2026-03-02,2026-03-12,"SEGURIDAD,ARQUITECTURA,ARQUITECTURA,GESTION_PROYECTO",3,E0-M01-B,ARQ-Arquitecto TI / PMO,Etapa 0,E0,,Media,Medio,Arquitectura,20,S1,Marzo,Por etapa
PoC: Inicio de sesión y auditoría — Entrevistar usuarios y stakeholders,"MÓDULO DEL MENÚ: Inicio de sesión y auditoría
Grupo: Plataforma

QUÉ HACE (en simple): Pantalla de acceso, usuario conectado, registro de acciones y salida segura.

ACTIVIDAD DE ESTA TAREA: Conversaciones con operaciones, geotecnia, TI, gerencia y mantenimiento.

Referencia técnica (prototipo): AuthGateway, AuditCenter, avatar, branding minero/unidad en cabecera.

ENTREGABLE: evidencia documentada con avance objetivo 20% del módulo.
Periodo: marzo–abril 2026 | Responsable: ARQ (arquitecto / PMO).",Etapa 0 - Pruebas de concepto,E0_MARZO_ABRIL_PoC,Backlog,High,2026-03-02,2026-03-12,"SEGURIDAD,ARQUITECTURA,ARQUITECTURA,GESTION_PROYECTO",3,E0-M01-C,ARQ-Arquitecto TI / PMO,Etapa 0,E0,,Media,Medio,Arquitectura,20,S1,Marzo,Por etapa
PoC: Inicio de sesión y auditoría — Revisar fuentes del prototipo,"MÓDULO DEL MENÚ: Inicio de sesión y auditoría
Grupo: Plataforma

QUÉ HACE (en simple): Pantalla de acceso, usuario conectado, registro de acciones y salida segura.

ACTIVIDAD DE ESTA TAREA: Código fuente, APIs, pantallas reales, documentación y datos de prueba existentes.

Referencia técnica (prototipo): AuthGateway, AuditCenter, avatar, branding minero/unidad en cabecera.

ENTREGABLE: evidencia documentada con avance objetivo 20% del módulo.
Periodo: marzo–abril 2026 | Responsable: ARQ (arquitecto / PMO).",Etapa 0 - Pruebas de concepto,E0_MARZO_ABRIL_PoC,Backlog,High,2026-03-02,2026-03-12,"SEGURIDAD,ARQUITECTURA,ARQUITECTURA,GESTION_PROYECTO",3,E0-M01-D,ARQ-Arquitecto TI / PMO,Etapa 0,E0,,Media,Medio,Arquitectura,20,S1,Marzo,Por etapa
PoC: Inicio de sesión y auditoría — Ejecutar pruebas en el prototipo,"MÓDULO DEL MENÚ: Inicio de sesión y auditoría
Grupo: Plataforma

QUÉ HACE (en simple): Pantalla de acceso, usuario conectado, registro de acciones y salida segura.

ACTIVIDAD DE ESTA TAREA: Navegar el módulo en la app, registrar bugs, medir tiempos y validar flujos clave.

Referencia técnica (prototipo): AuthGateway, AuditCenter, avatar, branding minero/unidad en cabecera.

ENTREGABLE: evidencia documentada con avance objetivo 20% del módulo.
Periodo: marzo–abril 2026 | Responsable: ARQ (arquitecto / PMO).",Etapa 0 - Pruebas de concepto,E0_MARZO_ABRIL_PoC,Backlog,High,2026-03-02,2026-03-12,"SEGURIDAD,ARQUITECTURA,ARQUITECTURA,GESTION_PROYECTO",3,E0-M01-E,ARQ-Arquitecto TI / PMO,Etapa 0,E0,,Media,Medio,Arquitectura,20,S1,Marzo,Por etapa
PoC: Inicio de sesión y auditoría — Retroalimentación y cierre al 20%,"MÓDULO DEL MENÚ: Inicio de sesión y auditoría
Grupo: Plataforma

QUÉ HACE (en simple): Pantalla de acceso, usuario conectado, registro de acciones y salida segura.

ACTIVIDAD DE ESTA TAREA: Acta PoC, lecciones aprendidas, lista de mejoras para Etapa 1 y confirmación 20% avance.

Referencia técnica (prototipo): AuthGateway, AuditCenter, avatar, branding minero/unidad en cabecera.

ENTREGABLE: evidencia documentada con avance objetivo 20% del módulo.
Periodo: marzo–abril 2026 | Responsable: ARQ (arquitecto / PMO).",Etapa 0 - Pruebas de concepto,E0_MARZO_ABRIL_PoC,Backlog,High,2026-03-02,2026-03-12,"SEGURIDAD,ARQUITECTURA,ARQUITECTURA,GESTION_PROYECTO",3,E0-M01-F,ARQ-Arquitecto TI / PMO,Etapa 0,E0,,Media,Medio,Arquitectura,20,S1,Marzo,Por etapa
PoC: Mantenimiento de usuarios — Entender necesidades y alcance,"MÓDULO DEL MENÚ: Mantenimiento de usuarios
Grupo: Mantenimiento

QUÉ HACE (en simple): Alta, baja y edición de usuarios de la mina (perfiles, claves, estado activo/inactivo).

ACTIVIDAD DE ESTA TAREA: Qué problema resuelve este módulo, quién lo usa en mina y qué significa tenerlo al 20%.

Referencia técnica (prototipo): UserManagementView, UserMaintenanceModal, ensureCompanyUsers.

ENTREGABLE: evidencia documentada con avance objetivo 20% del módulo.
Periodo: marzo–abril 2026 | Responsable: ARQ (arquitecto / PMO).",Etapa 0 - Pruebas de concepto,E0_MARZO_ABRIL_PoC,Backlog,High,2026-03-02,2026-03-12,"SEGURIDAD,GESTION_PROYECTO,ARQUITECTURA,GESTION_PROYECTO",3,E0-M02-A,ARQ-Arquitecto TI / PMO,Etapa 0,E0,,Media,Medio,Arquitectura,20,S1,Marzo,Por etapa
PoC: Mantenimiento de usuarios — Investigar referencias y alternativas,"MÓDULO DEL MENÚ: Mantenimiento de usuarios
Grupo: Mantenimiento

QUÉ HACE (en simple): Alta, baja y edición de usuarios de la mina (perfiles, claves, estado activo/inactivo).

ACTIVIDAD DE ESTA TAREA: Revisar mercado, ThingsBoard, normativa minera y buenas prácticas similares.

Referencia técnica (prototipo): UserManagementView, UserMaintenanceModal, ensureCompanyUsers.

ENTREGABLE: evidencia documentada con avance objetivo 20% del módulo.
Periodo: marzo–abril 2026 | Responsable: ARQ (arquitecto / PMO).",Etapa 0 - Pruebas de concepto,E0_MARZO_ABRIL_PoC,Backlog,High,2026-03-02,2026-03-12,"SEGURIDAD,GESTION_PROYECTO,ARQUITECTURA,GESTION_PROYECTO",3,E0-M02-B,ARQ-Arquitecto TI / PMO,Etapa 0,E0,,Media,Medio,Arquitectura,20,S1,Marzo,Por etapa
PoC: Mantenimiento de usuarios — Entrevistar usuarios y stakeholders,"MÓDULO DEL MENÚ: Mantenimiento de usuarios
Grupo: Mantenimiento

QUÉ HACE (en simple): Alta, baja y edición de usuarios de la mina (perfiles, claves, estado activo/inactivo).

ACTIVIDAD DE ESTA TAREA: Conversaciones con operaciones, geotecnia, TI, gerencia y mantenimiento.

Referencia técnica (prototipo): UserManagementView, UserMaintenanceModal, ensureCompanyUsers.

ENTREGABLE: evidencia documentada con avance objetivo 20% del módulo.
Periodo: marzo–abril 2026 | Responsable: ARQ (arquitecto / PMO).",Etapa 0 - Pruebas de concepto,E0_MARZO_ABRIL_PoC,Backlog,High,2026-03-02,2026-03-12,"SEGURIDAD,GESTION_PROYECTO,ARQUITECTURA,GESTION_PROYECTO",3,E0-M02-C,ARQ-Arquitecto TI / PMO,Etapa 0,E0,,Media,Medio,Arquitectura,20,S1,Marzo,Por etapa
PoC: Mantenimiento de usuarios — Revisar fuentes del prototipo,"MÓDULO DEL MENÚ: Mantenimiento de usuarios
Grupo: Mantenimiento

QUÉ HACE (en simple): Alta, baja y edición de usuarios de la mina (perfiles, claves, estado activo/inactivo).

ACTIVIDAD DE ESTA TAREA: Código fuente, APIs, pantallas reales, documentación y datos de prueba existentes.

Referencia técnica (prototipo): UserManagementView, UserMaintenanceModal, ensureCompanyUsers.

ENTREGABLE: evidencia documentada con avance objetivo 20% del módulo.
Periodo: marzo–abril 2026 | Responsable: ARQ (arquitecto / PMO).",Etapa 0 - Pruebas de concepto,E0_MARZO_ABRIL_PoC,Backlog,High,2026-03-02,2026-03-12,"SEGURIDAD,GESTION_PROYECTO,ARQUITECTURA,GESTION_PROYECTO",3,E0-M02-D,ARQ-Arquitecto TI / PMO,Etapa 0,E0,,Media,Medio,Arquitectura,20,S1,Marzo,Por etapa
PoC: Mantenimiento de usuarios — Ejecutar pruebas en el prototipo,"MÓDULO DEL MENÚ: Mantenimiento de usuarios
Grupo: Mantenimiento

QUÉ HACE (en simple): Alta, baja y edición de usuarios de la mina (perfiles, claves, estado activo/inactivo).

ACTIVIDAD DE ESTA TAREA: Navegar el módulo en la app, registrar bugs, medir tiempos y validar flujos clave.

Referencia técnica (prototipo): UserManagementView, UserMaintenanceModal, ensureCompanyUsers.

ENTREGABLE: evidencia documentada con avance objetivo 20% del módulo.
Periodo: marzo–abril 2026 | Responsable: ARQ (arquitecto / PMO).",Etapa 0 - Pruebas de concepto,E0_MARZO_ABRIL_PoC,Backlog,High,2026-03-02,2026-03-12,"SEGURIDAD,GESTION_PROYECTO,ARQUITECTURA,GESTION_PROYECTO",3,E0-M02-E,ARQ-Arquitecto TI / PMO,Etapa 0,E0,,Media,Medio,Arquitectura,20,S1,Marzo,Por etapa
PoC: Mantenimiento de usuarios — Retroalimentación y cierre al 20%,"MÓDULO DEL MENÚ: Mantenimiento de usuarios
Grupo: Mantenimiento

QUÉ HACE (en simple): Alta, baja y edición de usuarios de la mina (perfiles, claves, estado activo/inactivo).

ACTIVIDAD DE ESTA TAREA: Acta PoC, lecciones aprendidas, lista de mejoras para Etapa 1 y confirmación 20% avance.

Referencia técnica (prototipo): UserManagementView, UserMaintenanceModal, ensureCompanyUsers.

ENTREGABLE: evidencia documentada con avance objetivo 20% del módulo.
Periodo: marzo–abril 2026 | Responsable: ARQ (arquitecto / PMO).",Etapa 0 - Pruebas de concepto,E0_MARZO_ABRIL_PoC,Backlog,High,2026-03-02,2026-03-12,"SEGURIDAD,GESTION_PROYECTO,ARQUITECTURA,GESTION_PROYECTO",3,E0-M02-F,ARQ-Arquitecto TI / PMO,Etapa 0,E0,,Media,Medio,Arquitectura,20,S1,Marzo,Por etapa
PoC: Permisos y accesos por perfil — Entender necesidades y alcance,"MÓDULO DEL MENÚ: Permisos y accesos por perfil
Grupo: Mantenimiento

QUÉ HACE (en simple): Define quién puede ver cada menú: sensores, mapas, informes, administración.

ACTIVIDAD DE ESTA TAREA: Qué problema resuelve este módulo, quién lo usa en mina y qué significa tenerlo al 20%.

Referencia técnica (prototipo): PermissionsManagementView, matriz gen_reports, niveles por módulo.

ENTREGABLE: evidencia documentada con avance objetivo 20% del módulo.
Periodo: marzo–abril 2026 | Responsable: ARQ (arquitecto / PMO).",Etapa 0 - Pruebas de concepto,E0_MARZO_ABRIL_PoC,Backlog,High,2026-03-02,2026-03-12,"SEGURIDAD,GESTION_PROYECTO,ARQUITECTURA,GESTION_PROYECTO",3,E0-M03-A,ARQ-Arquitecto TI / PMO,Etapa 0,E0,,Media,Medio,Arquitectura,20,S1,Marzo,Por etapa
PoC: Permisos y accesos por perfil — Investigar referencias y alternativas,"MÓDULO DEL MENÚ: Permisos y accesos por perfil
Grupo: Mantenimiento

QUÉ HACE (en simple): Define quién puede ver cada menú: sensores, mapas, informes, administración.

ACTIVIDAD DE ESTA TAREA: Revisar mercado, ThingsBoard, normativa minera y buenas prácticas similares.

Referencia técnica (prototipo): PermissionsManagementView, matriz gen_reports, niveles por módulo.

ENTREGABLE: evidencia documentada con avance objetivo 20% del módulo.
Periodo: marzo–abril 2026 | Responsable: ARQ (arquitecto / PMO).",Etapa 0 - Pruebas de concepto,E0_MARZO_ABRIL_PoC,Backlog,High,2026-03-02,2026-03-12,"SEGURIDAD,GESTION_PROYECTO,ARQUITECTURA,GESTION_PROYECTO",3,E0-M03-B,ARQ-Arquitecto TI / PMO,Etapa 0,E0,,Media,Medio,Arquitectura,20,S1,Marzo,Por etapa
PoC: Permisos y accesos por perfil — Entrevistar usuarios y stakeholders,"MÓDULO DEL MENÚ: Permisos y accesos por perfil
Grupo: Mantenimiento

QUÉ HACE (en simple): Define quién puede ver cada menú: sensores, mapas, informes, administración.

ACTIVIDAD DE ESTA TAREA: Conversaciones con operaciones, geotecnia, TI, gerencia y mantenimiento.

Referencia técnica (prototipo): PermissionsManagementView, matriz gen_reports, niveles por módulo.

ENTREGABLE: evidencia documentada con avance objetivo 20% del módulo.
Periodo: marzo–abril 2026 | Responsable: ARQ (arquitecto / PMO).",Etapa 0 - Pruebas de concepto,E0_MARZO_ABRIL_PoC,Backlog,High,2026-03-02,2026-03-12,"SEGURIDAD,GESTION_PROYECTO,ARQUITECTURA,GESTION_PROYECTO",3,E0-M03-C,ARQ-Arquitecto TI / PMO,Etapa 0,E0,,Media,Medio,Arquitectura,20,S1,Marzo,Por etapa
PoC: Permisos y accesos por perfil — Revisar fuentes del prototipo,"MÓDULO DEL MENÚ: Permisos y accesos por perfil
Grupo: Mantenimiento

QUÉ HACE (en simple): Define quién puede ver cada menú: sensores, mapas, informes, administración.

ACTIVIDAD DE ESTA TAREA: Código fuente, APIs, pantallas reales, documentación y datos de prueba existentes.

Referencia técnica (prototipo): PermissionsManagementView, matriz gen_reports, niveles por módulo.

ENTREGABLE: evidencia documentada con avance objetivo 20% del módulo.
Periodo: marzo–abril 2026 | Responsable: ARQ (arquitecto / PMO).",Etapa 0 - Pruebas de concepto,E0_MARZO_ABRIL_PoC,Backlog,High,2026-03-02,2026-03-12,"SEGURIDAD,GESTION_PROYECTO,ARQUITECTURA,GESTION_PROYECTO",3,E0-M03-D,ARQ-Arquitecto TI / PMO,Etapa 0,E0,,Media,Medio,Arquitectura,20,S1,Marzo,Por etapa
PoC: Permisos y accesos por perfil — Ejecutar pruebas en el prototipo,"MÓDULO DEL MENÚ: Permisos y accesos por perfil
Grupo: Mantenimiento

QUÉ HACE (en simple): Define quién puede ver cada menú: sensores, mapas, informes, administración.

ACTIVIDAD DE ESTA TAREA: Navegar el módulo en la app, registrar bugs, medir tiempos y validar flujos clave.

Referencia técnica (prototipo): PermissionsManagementView, matriz gen_reports, niveles por módulo.

ENTREGABLE: evidencia documentada con avance objetivo 20% del módulo.
Periodo: marzo–abril 2026 | Responsable: ARQ (arquitecto / PMO).",Etapa 0 - Pruebas de concepto,E0_MARZO_ABRIL_PoC,Backlog,High,2026-03-02,2026-03-12,"SEGURIDAD,GESTION_PROYECTO,ARQUITECTURA,GESTION_PROYECTO",3,E0-M03-E,ARQ-Arquitecto TI / PMO,Etapa 0,E0,,Media,Medio,Arquitectura,20,S1,Marzo,Por etapa
PoC: Permisos y accesos por perfil — Retroalimentación y cierre al 20%,"MÓDULO DEL MENÚ: Permisos y accesos por perfil
Grupo: Mantenimiento

QUÉ HACE (en simple): Define quién puede ver cada menú: sensores, mapas, informes, administración.

ACTIVIDAD DE ESTA TAREA: Acta PoC, lecciones aprendidas, lista de mejoras para Etapa 1 y confirmación 20% avance.

Referencia técnica (prototipo): PermissionsManagementView, matriz gen_reports, niveles por módulo.

ENTREGABLE: evidencia documentada con avance objetivo 20% del módulo.
Periodo: marzo–abril 2026 | Responsable: ARQ (arquitecto / PMO).",Etapa 0 - Pruebas de concepto,E0_MARZO_ABRIL_PoC,Backlog,High,2026-03-02,2026-03-12,"SEGURIDAD,GESTION_PROYECTO,ARQUITECTURA,GESTION_PROYECTO",3,E0-M03-F,ARQ-Arquitecto TI / PMO,Etapa 0,E0,,Media,Medio,Arquitectura,20,S1,Marzo,Por etapa
PoC: Centro de Control [Live] — Entender necesidades y alcance,"MÓDULO DEL MENÚ: Centro de Control [Live]
Grupo: Monitoreo en tiempo real

QUÉ HACE (en simple): Tablero gerencial con indicadores de producción, KPIs y estado general de la mina.

ACTIVIDAD DE ESTA TAREA: Qué problema resuelve este módulo, quién lo usa en mina y qué significa tenerlo al 20%.

Referencia técnica (prototipo): MiningDashboard, MiningWorkbenchHeader, /api/dashboard/metrics.

ENTREGABLE: evidencia documentada con avance objetivo 20% del módulo.
Periodo: marzo–abril 2026 | Responsable: ARQ (arquitecto / PMO).",Etapa 0 - Pruebas de concepto,E0_MARZO_ABRIL_PoC,Backlog,High,2026-03-09,2026-03-19,"GERENCIA,SENSORES,ARQUITECTURA,GESTION_PROYECTO",3,E0-M04-A,ARQ-Arquitecto TI / PMO,Etapa 0,E0,,Media,Medio,Arquitectura,20,S2,Marzo,Por etapa
PoC: Centro de Control [Live] — Investigar referencias y alternativas,"MÓDULO DEL MENÚ: Centro de Control [Live]
Grupo: Monitoreo en tiempo real

QUÉ HACE (en simple): Tablero gerencial con indicadores de producción, KPIs y estado general de la mina.

ACTIVIDAD DE ESTA TAREA: Revisar mercado, ThingsBoard, normativa minera y buenas prácticas similares.

Referencia técnica (prototipo): MiningDashboard, MiningWorkbenchHeader, /api/dashboard/metrics.

ENTREGABLE: evidencia documentada con avance objetivo 20% del módulo.
Periodo: marzo–abril 2026 | Responsable: ARQ (arquitecto / PMO).",Etapa 0 - Pruebas de concepto,E0_MARZO_ABRIL_PoC,Backlog,High,2026-03-09,2026-03-19,"GERENCIA,SENSORES,ARQUITECTURA,GESTION_PROYECTO",3,E0-M04-B,ARQ-Arquitecto TI / PMO,Etapa 0,E0,,Media,Medio,Arquitectura,20,S2,Marzo,Por etapa
PoC: Centro de Control [Live] — Entrevistar usuarios y stakeholders,"MÓDULO DEL MENÚ: Centro de Control [Live]
Grupo: Monitoreo en tiempo real

QUÉ HACE (en simple): Tablero gerencial con indicadores de producción, KPIs y estado general de la mina.

ACTIVIDAD DE ESTA TAREA: Conversaciones con operaciones, geotecnia, TI, gerencia y mantenimiento.

Referencia técnica (prototipo): MiningDashboard, MiningWorkbenchHeader, /api/dashboard/metrics.

ENTREGABLE: evidencia documentada con avance objetivo 20% del módulo.
Periodo: marzo–abril 2026 | Responsable: ARQ (arquitecto / PMO).",Etapa 0 - Pruebas de concepto,E0_MARZO_ABRIL_PoC,Backlog,High,2026-03-09,2026-03-19,"GERENCIA,SENSORES,ARQUITECTURA,GESTION_PROYECTO",3,E0-M04-C,ARQ-Arquitecto TI / PMO,Etapa 0,E0,,Media,Medio,Arquitectura,20,S2,Marzo,Por etapa
PoC: Centro de Control [Live] — Revisar fuentes del prototipo,"MÓDULO DEL MENÚ: Centro de Control [Live]
Grupo: Monitoreo en tiempo real

QUÉ HACE (en simple): Tablero gerencial con indicadores de producción, KPIs y estado general de la mina.

ACTIVIDAD DE ESTA TAREA: Código fuente, APIs, pantallas reales, documentación y datos de prueba existentes.

Referencia técnica (prototipo): MiningDashboard, MiningWorkbenchHeader, /api/dashboard/metrics.

ENTREGABLE: evidencia documentada con avance objetivo 20% del módulo.
Periodo: marzo–abril 2026 | Responsable: ARQ (arquitecto / PMO).",Etapa 0 - Pruebas de concepto,E0_MARZO_ABRIL_PoC,Backlog,High,2026-03-09,2026-03-19,"GERENCIA,SENSORES,ARQUITECTURA,GESTION_PROYECTO",3,E0-M04-D,ARQ-Arquitecto TI / PMO,Etapa 0,E0,,Media,Medio,Arquitectura,20,S2,Marzo,Por etapa
PoC: Centro de Control [Live] — Ejecutar pruebas en el prototipo,"MÓDULO DEL MENÚ: Centro de Control [Live]
Grupo: Monitoreo en tiempo real

QUÉ HACE (en simple): Tablero gerencial con indicadores de producción, KPIs y estado general de la mina.

ACTIVIDAD DE ESTA TAREA: Navegar el módulo en la app, registrar bugs, medir tiempos y validar flujos clave.

Referencia técnica (prototipo): MiningDashboard, MiningWorkbenchHeader, /api/dashboard/metrics.

ENTREGABLE: evidencia documentada con avance objetivo 20% del módulo.
Periodo: marzo–abril 2026 | Responsable: ARQ (arquitecto / PMO).",Etapa 0 - Pruebas de concepto,E0_MARZO_ABRIL_PoC,Backlog,High,2026-03-09,2026-03-19,"GERENCIA,SENSORES,ARQUITECTURA,GESTION_PROYECTO",3,E0-M04-E,ARQ-Arquitecto TI / PMO,Etapa 0,E0,,Media,Medio,Arquitectura,20,S2,Marzo,Por etapa
PoC: Centro de Control [Live] — Retroalimentación y cierre al 20%,"MÓDULO DEL MENÚ: Centro de Control [Live]
Grupo: Monitoreo en tiempo real

QUÉ HACE (en simple): Tablero gerencial con indicadores de producción, KPIs y estado general de la mina.

ACTIVIDAD DE ESTA TAREA: Acta PoC, lecciones aprendidas, lista de mejoras para Etapa 1 y confirmación 20% avance.

Referencia técnica (prototipo): MiningDashboard, MiningWorkbenchHeader, /api/dashboard/metrics.

ENTREGABLE: evidencia documentada con avance objetivo 20% del módulo.
Periodo: marzo–abril 2026 | Responsable: ARQ (arquitecto / PMO).",Etapa 0 - Pruebas de concepto,E0_MARZO_ABRIL_PoC,Backlog,High,2026-03-09,2026-03-19,"GERENCIA,SENSORES,ARQUITECTURA,GESTION_PROYECTO",3,E0-M04-F,ARQ-Arquitecto TI / PMO,Etapa 0,E0,,Media,Medio,Arquitectura,20,S2,Marzo,Por etapa
PoC: Sensores de Mina — Entender necesidades y alcance,"MÓDULO DEL MENÚ: Sensores de Mina
Grupo: Monitoreo en tiempo real

QUÉ HACE (en simple): Lista y gráficos de sensores IoT: temperatura, vibración, presión en tiempo real.

ACTIVIDAD DE ESTA TAREA: Qué problema resuelve este módulo, quién lo usa en mina y qué significa tenerlo al 20%.

Referencia técnica (prototipo): AdvancedSensors, WebSocket, index.poc.html, telemetría en vivo.

ENTREGABLE: evidencia documentada con avance objetivo 20% del módulo.
Periodo: marzo–abril 2026 | Responsable: ARQ (arquitecto / PMO).",Etapa 0 - Pruebas de concepto,E0_MARZO_ABRIL_PoC,Backlog,High,2026-03-09,2026-03-19,"SENSORES,INTEGRACION,ARQUITECTURA,GESTION_PROYECTO",3,E0-M05-A,ARQ-Arquitecto TI / PMO,Etapa 0,E0,,Media,Medio,Arquitectura,20,S2,Marzo,Por etapa
PoC: Sensores de Mina — Investigar referencias y alternativas,"MÓDULO DEL MENÚ: Sensores de Mina
Grupo: Monitoreo en tiempo real

QUÉ HACE (en simple): Lista y gráficos de sensores IoT: temperatura, vibración, presión en tiempo real.

ACTIVIDAD DE ESTA TAREA: Revisar mercado, ThingsBoard, normativa minera y buenas prácticas similares.

Referencia técnica (prototipo): AdvancedSensors, WebSocket, index.poc.html, telemetría en vivo.

ENTREGABLE: evidencia documentada con avance objetivo 20% del módulo.
Periodo: marzo–abril 2026 | Responsable: ARQ (arquitecto / PMO).",Etapa 0 - Pruebas de concepto,E0_MARZO_ABRIL_PoC,Backlog,High,2026-03-09,2026-03-19,"SENSORES,INTEGRACION,ARQUITECTURA,GESTION_PROYECTO",3,E0-M05-B,ARQ-Arquitecto TI / PMO,Etapa 0,E0,,Media,Medio,Arquitectura,20,S2,Marzo,Por etapa
PoC: Sensores de Mina — Entrevistar usuarios y stakeholders,"MÓDULO DEL MENÚ: Sensores de Mina
Grupo: Monitoreo en tiempo real

QUÉ HACE (en simple): Lista y gráficos de sensores IoT: temperatura, vibración, presión en tiempo real.

ACTIVIDAD DE ESTA TAREA: Conversaciones con operaciones, geotecnia, TI, gerencia y mantenimiento.

Referencia técnica (prototipo): AdvancedSensors, WebSocket, index.poc.html, telemetría en vivo.

ENTREGABLE: evidencia documentada con avance objetivo 20% del módulo.
Periodo: marzo–abril 2026 | Responsable: ARQ (arquitecto / PMO).",Etapa 0 - Pruebas de concepto,E0_MARZO_ABRIL_PoC,Backlog,High,2026-03-09,2026-03-19,"SENSORES,INTEGRACION,ARQUITECTURA,GESTION_PROYECTO",3,E0-M05-C,ARQ-Arquitecto TI / PMO,Etapa 0,E0,,Media,Medio,Arquitectura,20,S2,Marzo,Por etapa
PoC: Sensores de Mina — Revisar fuentes del prototipo,"MÓDULO DEL MENÚ: Sensores de Mina
Grupo: Monitoreo en tiempo real

QUÉ HACE (en simple): Lista y gráficos de sensores IoT: temperatura, vibración, presión en tiempo real.

ACTIVIDAD DE ESTA TAREA: Código fuente, APIs, pantallas reales, documentación y datos de prueba existentes.

Referencia técnica (prototipo): AdvancedSensors, WebSocket, index.poc.html, telemetría en vivo.

ENTREGABLE: evidencia documentada con avance objetivo 20% del módulo.
Periodo: marzo–abril 2026 | Responsable: ARQ (arquitecto / PMO).",Etapa 0 - Pruebas de concepto,E0_MARZO_ABRIL_PoC,Backlog,High,2026-03-09,2026-03-19,"SENSORES,INTEGRACION,ARQUITECTURA,GESTION_PROYECTO",3,E0-M05-D,ARQ-Arquitecto TI / PMO,Etapa 0,E0,,Media,Medio,Arquitectura,20,S2,Marzo,Por etapa
PoC: Sensores de Mina — Ejecutar pruebas en el prototipo,"MÓDULO DEL MENÚ: Sensores de Mina
Grupo: Monitoreo en tiempo real

QUÉ HACE (en simple): Lista y gráficos de sensores IoT: temperatura, vibración, presión en tiempo real.

ACTIVIDAD DE ESTA TAREA: Navegar el módulo en la app, registrar bugs, medir tiempos y validar flujos clave.

Referencia técnica (prototipo): AdvancedSensors, WebSocket, index.poc.html, telemetría en vivo.

ENTREGABLE: evidencia documentada con avance objetivo 20% del módulo.
Periodo: marzo–abril 2026 | Responsable: ARQ (arquitecto / PMO).",Etapa 0 - Pruebas de concepto,E0_MARZO_ABRIL_PoC,Backlog,High,2026-03-09,2026-03-19,"SENSORES,INTEGRACION,ARQUITECTURA,GESTION_PROYECTO",3,E0-M05-E,ARQ-Arquitecto TI / PMO,Etapa 0,E0,,Media,Medio,Arquitectura,20,S2,Marzo,Por etapa
PoC: Sensores de Mina — Retroalimentación y cierre al 20%,"MÓDULO DEL MENÚ: Sensores de Mina
Grupo: Monitoreo en tiempo real

QUÉ HACE (en simple): Lista y gráficos de sensores IoT: temperatura, vibración, presión en tiempo real.

ACTIVIDAD DE ESTA TAREA: Acta PoC, lecciones aprendidas, lista de mejoras para Etapa 1 y confirmación 20% avance.

Referencia técnica (prototipo): AdvancedSensors, WebSocket, index.poc.html, telemetría en vivo.

ENTREGABLE: evidencia documentada con avance objetivo 20% del módulo.
Periodo: marzo–abril 2026 | Responsable: ARQ (arquitecto / PMO).",Etapa 0 - Pruebas de concepto,E0_MARZO_ABRIL_PoC,Backlog,High,2026-03-09,2026-03-19,"SENSORES,INTEGRACION,ARQUITECTURA,GESTION_PROYECTO",3,E0-M05-F,ARQ-Arquitecto TI / PMO,Etapa 0,E0,,Media,Medio,Arquitectura,20,S2,Marzo,Por etapa
PoC: Centro de Alarmas [Live] — Entender necesidades y alcance,"MÓDULO DEL MENÚ: Centro de Alarmas [Live]
Grupo: Monitoreo en tiempo real

QUÉ HACE (en simple): Alertas automáticas por umbrales, prioridades y enlace para crear informe desde alarma.

ACTIVIDAD DE ESTA TAREA: Qué problema resuelve este módulo, quién lo usa en mina y qué significa tenerlo al 20%.

Referencia técnica (prototipo): AlarmCenter, onCreateReportFromAlarm, ack y severidad.

ENTREGABLE: evidencia documentada con avance objetivo 20% del módulo.
Periodo: marzo–abril 2026 | Responsable: ARQ (arquitecto / PMO).",Etapa 0 - Pruebas de concepto,E0_MARZO_ABRIL_PoC,Backlog,High,2026-03-09,2026-03-19,"SENSORES,NOTIFICACIONES,ARQUITECTURA,GESTION_PROYECTO",3,E0-M06-A,ARQ-Arquitecto TI / PMO,Etapa 0,E0,,Media,Medio,Arquitectura,20,S2,Marzo,Por etapa
PoC: Centro de Alarmas [Live] — Investigar referencias y alternativas,"MÓDULO DEL MENÚ: Centro de Alarmas [Live]
Grupo: Monitoreo en tiempo real

QUÉ HACE (en simple): Alertas automáticas por umbrales, prioridades y enlace para crear informe desde alarma.

ACTIVIDAD DE ESTA TAREA: Revisar mercado, ThingsBoard, normativa minera y buenas prácticas similares.

Referencia técnica (prototipo): AlarmCenter, onCreateReportFromAlarm, ack y severidad.

ENTREGABLE: evidencia documentada con avance objetivo 20% del módulo.
Periodo: marzo–abril 2026 | Responsable: ARQ (arquitecto / PMO).",Etapa 0 - Pruebas de concepto,E0_MARZO_ABRIL_PoC,Backlog,High,2026-03-09,2026-03-19,"SENSORES,NOTIFICACIONES,ARQUITECTURA,GESTION_PROYECTO",3,E0-M06-B,ARQ-Arquitecto TI / PMO,Etapa 0,E0,,Media,Medio,Arquitectura,20,S2,Marzo,Por etapa
PoC: Centro de Alarmas [Live] — Entrevistar usuarios y stakeholders,"MÓDULO DEL MENÚ: Centro de Alarmas [Live]
Grupo: Monitoreo en tiempo real

QUÉ HACE (en simple): Alertas automáticas por umbrales, prioridades y enlace para crear informe desde alarma.

ACTIVIDAD DE ESTA TAREA: Conversaciones con operaciones, geotecnia, TI, gerencia y mantenimiento.

Referencia técnica (prototipo): AlarmCenter, onCreateReportFromAlarm, ack y severidad.

ENTREGABLE: evidencia documentada con avance objetivo 20% del módulo.
Periodo: marzo–abril 2026 | Responsable: ARQ (arquitecto / PMO).",Etapa 0 - Pruebas de concepto,E0_MARZO_ABRIL_PoC,Backlog,High,2026-03-09,2026-03-19,"SENSORES,NOTIFICACIONES,ARQUITECTURA,GESTION_PROYECTO",3,E0-M06-C,ARQ-Arquitecto TI / PMO,Etapa 0,E0,,Media,Medio,Arquitectura,20,S2,Marzo,Por etapa
PoC: Centro de Alarmas [Live] — Revisar fuentes del prototipo,"MÓDULO DEL MENÚ: Centro de Alarmas [Live]
Grupo: Monitoreo en tiempo real

QUÉ HACE (en simple): Alertas automáticas por umbrales, prioridades y enlace para crear informe desde alarma.

ACTIVIDAD DE ESTA TAREA: Código fuente, APIs, pantallas reales, documentación y datos de prueba existentes.

Referencia técnica (prototipo): AlarmCenter, onCreateReportFromAlarm, ack y severidad.

ENTREGABLE: evidencia documentada con avance objetivo 20% del módulo.
Periodo: marzo–abril 2026 | Responsable: ARQ (arquitecto / PMO).",Etapa 0 - Pruebas de concepto,E0_MARZO_ABRIL_PoC,Backlog,High,2026-03-09,2026-03-19,"SENSORES,NOTIFICACIONES,ARQUITECTURA,GESTION_PROYECTO",3,E0-M06-D,ARQ-Arquitecto TI / PMO,Etapa 0,E0,,Media,Medio,Arquitectura,20,S2,Marzo,Por etapa
PoC: Centro de Alarmas [Live] — Ejecutar pruebas en el prototipo,"MÓDULO DEL MENÚ: Centro de Alarmas [Live]
Grupo: Monitoreo en tiempo real

QUÉ HACE (en simple): Alertas automáticas por umbrales, prioridades y enlace para crear informe desde alarma.

ACTIVIDAD DE ESTA TAREA: Navegar el módulo en la app, registrar bugs, medir tiempos y validar flujos clave.

Referencia técnica (prototipo): AlarmCenter, onCreateReportFromAlarm, ack y severidad.

ENTREGABLE: evidencia documentada con avance objetivo 20% del módulo.
Periodo: marzo–abril 2026 | Responsable: ARQ (arquitecto / PMO).",Etapa 0 - Pruebas de concepto,E0_MARZO_ABRIL_PoC,Backlog,High,2026-03-09,2026-03-19,"SENSORES,NOTIFICACIONES,ARQUITECTURA,GESTION_PROYECTO",3,E0-M06-E,ARQ-Arquitecto TI / PMO,Etapa 0,E0,,Media,Medio,Arquitectura,20,S2,Marzo,Por etapa
PoC: Centro de Alarmas [Live] — Retroalimentación y cierre al 20%,"MÓDULO DEL MENÚ: Centro de Alarmas [Live]
Grupo: Monitoreo en tiempo real

QUÉ HACE (en simple): Alertas automáticas por umbrales, prioridades y enlace para crear informe desde alarma.

ACTIVIDAD DE ESTA TAREA: Acta PoC, lecciones aprendidas, lista de mejoras para Etapa 1 y confirmación 20% avance.

Referencia técnica (prototipo): AlarmCenter, onCreateReportFromAlarm, ack y severidad.

ENTREGABLE: evidencia documentada con avance objetivo 20% del módulo.
Periodo: marzo–abril 2026 | Responsable: ARQ (arquitecto / PMO).",Etapa 0 - Pruebas de concepto,E0_MARZO_ABRIL_PoC,Backlog,High,2026-03-16,2026-03-26,"SENSORES,NOTIFICACIONES,ARQUITECTURA,GESTION_PROYECTO",3,E0-M06-F,ARQ-Arquitecto TI / PMO,Etapa 0,E0,,Media,Medio,Arquitectura,20,S3,Marzo,Por etapa
PoC: Video Vigilancia (diagrama CCTV) — Entender necesidades y alcance,"MÓDULO DEL MENÚ: Video Vigilancia (diagrama CCTV)
Grupo: Monitoreo en tiempo real

QUÉ HACE (en simple): Monitoreo visual de cámaras en faena con diagrama de ubicación y streaming.

ACTIVIDAD DE ESTA TAREA: Qué problema resuelve este módulo, quién lo usa en mina y qué significa tenerlo al 20%.

Referencia técnica (prototipo): VideoDiagram, CctvStreamVideo, /api/surveillance/cameras.

ENTREGABLE: evidencia documentada con avance objetivo 20% del módulo.
Periodo: marzo–abril 2026 | Responsable: ARQ (arquitecto / PMO).",Etapa 0 - Pruebas de concepto,E0_MARZO_ABRIL_PoC,Backlog,High,2026-03-16,2026-03-26,"INFRAESTRUCTURA,SEGURIDAD,ARQUITECTURA,GESTION_PROYECTO",3,E0-M07-A,ARQ-Arquitecto TI / PMO,Etapa 0,E0,,Media,Medio,Arquitectura,20,S3,Marzo,Por etapa
PoC: Video Vigilancia (diagrama CCTV) — Investigar referencias y alternativas,"MÓDULO DEL MENÚ: Video Vigilancia (diagrama CCTV)
Grupo: Monitoreo en tiempo real

QUÉ HACE (en simple): Monitoreo visual de cámaras en faena con diagrama de ubicación y streaming.

ACTIVIDAD DE ESTA TAREA: Revisar mercado, ThingsBoard, normativa minera y buenas prácticas similares.

Referencia técnica (prototipo): VideoDiagram, CctvStreamVideo, /api/surveillance/cameras.

ENTREGABLE: evidencia documentada con avance objetivo 20% del módulo.
Periodo: marzo–abril 2026 | Responsable: ARQ (arquitecto / PMO).",Etapa 0 - Pruebas de concepto,E0_MARZO_ABRIL_PoC,Backlog,High,2026-03-16,2026-03-26,"INFRAESTRUCTURA,SEGURIDAD,ARQUITECTURA,GESTION_PROYECTO",3,E0-M07-B,ARQ-Arquitecto TI / PMO,Etapa 0,E0,,Media,Medio,Arquitectura,20,S3,Marzo,Por etapa
PoC: Video Vigilancia (diagrama CCTV) — Entrevistar usuarios y stakeholders,"MÓDULO DEL MENÚ: Video Vigilancia (diagrama CCTV)
Grupo: Monitoreo en tiempo real

QUÉ HACE (en simple): Monitoreo visual de cámaras en faena con diagrama de ubicación y streaming.

ACTIVIDAD DE ESTA TAREA: Conversaciones con operaciones, geotecnia, TI, gerencia y mantenimiento.

Referencia técnica (prototipo): VideoDiagram, CctvStreamVideo, /api/surveillance/cameras.

ENTREGABLE: evidencia documentada con avance objetivo 20% del módulo.
Periodo: marzo–abril 2026 | Responsable: ARQ (arquitecto / PMO).",Etapa 0 - Pruebas de concepto,E0_MARZO_ABRIL_PoC,Backlog,High,2026-03-16,2026-03-26,"INFRAESTRUCTURA,SEGURIDAD,ARQUITECTURA,GESTION_PROYECTO",3,E0-M07-C,ARQ-Arquitecto TI / PMO,Etapa 0,E0,,Media,Medio,Arquitectura,20,S3,Marzo,Por etapa
PoC: Video Vigilancia (diagrama CCTV) — Revisar fuentes del prototipo,"MÓDULO DEL MENÚ: Video Vigilancia (diagrama CCTV)
Grupo: Monitoreo en tiempo real

QUÉ HACE (en simple): Monitoreo visual de cámaras en faena con diagrama de ubicación y streaming.

ACTIVIDAD DE ESTA TAREA: Código fuente, APIs, pantallas reales, documentación y datos de prueba existentes.

Referencia técnica (prototipo): VideoDiagram, CctvStreamVideo, /api/surveillance/cameras.

ENTREGABLE: evidencia documentada con avance objetivo 20% del módulo.
Periodo: marzo–abril 2026 | Responsable: ARQ (arquitecto / PMO).",Etapa 0 - Pruebas de concepto,E0_MARZO_ABRIL_PoC,Backlog,High,2026-03-16,2026-03-26,"INFRAESTRUCTURA,SEGURIDAD,ARQUITECTURA,GESTION_PROYECTO",3,E0-M07-D,ARQ-Arquitecto TI / PMO,Etapa 0,E0,,Media,Medio,Arquitectura,20,S3,Marzo,Por etapa
PoC: Video Vigilancia (diagrama CCTV) — Ejecutar pruebas en el prototipo,"MÓDULO DEL MENÚ: Video Vigilancia (diagrama CCTV)
Grupo: Monitoreo en tiempo real

QUÉ HACE (en simple): Monitoreo visual de cámaras en faena con diagrama de ubicación y streaming.

ACTIVIDAD DE ESTA TAREA: Navegar el módulo en la app, registrar bugs, medir tiempos y validar flujos clave.

Referencia técnica (prototipo): VideoDiagram, CctvStreamVideo, /api/surveillance/cameras.

ENTREGABLE: evidencia documentada con avance objetivo 20% del módulo.
Periodo: marzo–abril 2026 | Responsable: ARQ (arquitecto / PMO).",Etapa 0 - Pruebas de concepto,E0_MARZO_ABRIL_PoC,Backlog,High,2026-03-16,2026-03-26,"INFRAESTRUCTURA,SEGURIDAD,ARQUITECTURA,GESTION_PROYECTO",3,E0-M07-E,ARQ-Arquitecto TI / PMO,Etapa 0,E0,,Media,Medio,Arquitectura,20,S3,Marzo,Por etapa
PoC: Video Vigilancia (diagrama CCTV) — Retroalimentación y cierre al 20%,"MÓDULO DEL MENÚ: Video Vigilancia (diagrama CCTV)
Grupo: Monitoreo en tiempo real

QUÉ HACE (en simple): Monitoreo visual de cámaras en faena con diagrama de ubicación y streaming.

ACTIVIDAD DE ESTA TAREA: Acta PoC, lecciones aprendidas, lista de mejoras para Etapa 1 y confirmación 20% avance.

Referencia técnica (prototipo): VideoDiagram, CctvStreamVideo, /api/surveillance/cameras.

ENTREGABLE: evidencia documentada con avance objetivo 20% del módulo.
Periodo: marzo–abril 2026 | Responsable: ARQ (arquitecto / PMO).",Etapa 0 - Pruebas de concepto,E0_MARZO_ABRIL_PoC,Backlog,High,2026-03-16,2026-03-26,"INFRAESTRUCTURA,SEGURIDAD,ARQUITECTURA,GESTION_PROYECTO",3,E0-M07-F,ARQ-Arquitecto TI / PMO,Etapa 0,E0,,Media,Medio,Arquitectura,20,S3,Marzo,Por etapa
PoC: Dual-Stream Telemetría [S2] — Entender necesidades y alcance,"MÓDULO DEL MENÚ: Dual-Stream Telemetría [S2]
Grupo: Monitoreo en tiempo real

QUÉ HACE (en simple): Flujo dual de datos en alta frecuencia para telemetría avanzada (Kinesis/Kafka demo).

ACTIVIDAD DE ESTA TAREA: Qué problema resuelve este módulo, quién lo usa en mina y qué significa tenerlo al 20%.

Referencia técnica (prototipo): TelemetryDashboard, QuestDB/TimescaleDB en tiempo real.

ENTREGABLE: evidencia documentada con avance objetivo 20% del módulo.
Periodo: marzo–abril 2026 | Responsable: ARQ (arquitecto / PMO).",Etapa 0 - Pruebas de concepto,E0_MARZO_ABRIL_PoC,Backlog,High,2026-03-16,2026-03-26,"SENSORES,DATOS,ARQUITECTURA,GESTION_PROYECTO",3,E0-M08-A,ARQ-Arquitecto TI / PMO,Etapa 0,E0,,Media,Medio,Arquitectura,20,S3,Marzo,Por etapa
PoC: Dual-Stream Telemetría [S2] — Investigar referencias y alternativas,"MÓDULO DEL MENÚ: Dual-Stream Telemetría [S2]
Grupo: Monitoreo en tiempo real

QUÉ HACE (en simple): Flujo dual de datos en alta frecuencia para telemetría avanzada (Kinesis/Kafka demo).

ACTIVIDAD DE ESTA TAREA: Revisar mercado, ThingsBoard, normativa minera y buenas prácticas similares.

Referencia técnica (prototipo): TelemetryDashboard, QuestDB/TimescaleDB en tiempo real.

ENTREGABLE: evidencia documentada con avance objetivo 20% del módulo.
Periodo: marzo–abril 2026 | Responsable: ARQ (arquitecto / PMO).",Etapa 0 - Pruebas de concepto,E0_MARZO_ABRIL_PoC,Backlog,High,2026-03-16,2026-03-26,"SENSORES,DATOS,ARQUITECTURA,GESTION_PROYECTO",3,E0-M08-B,ARQ-Arquitecto TI / PMO,Etapa 0,E0,,Media,Medio,Arquitectura,20,S3,Marzo,Por etapa
PoC: Dual-Stream Telemetría [S2] — Entrevistar usuarios y stakeholders,"MÓDULO DEL MENÚ: Dual-Stream Telemetría [S2]
Grupo: Monitoreo en tiempo real

QUÉ HACE (en simple): Flujo dual de datos en alta frecuencia para telemetría avanzada (Kinesis/Kafka demo).

ACTIVIDAD DE ESTA TAREA: Conversaciones con operaciones, geotecnia, TI, gerencia y mantenimiento.

Referencia técnica (prototipo): TelemetryDashboard, QuestDB/TimescaleDB en tiempo real.

ENTREGABLE: evidencia documentada con avance objetivo 20% del módulo.
Periodo: marzo–abril 2026 | Responsable: ARQ (arquitecto / PMO).",Etapa 0 - Pruebas de concepto,E0_MARZO_ABRIL_PoC,Backlog,High,2026-03-16,2026-03-26,"SENSORES,DATOS,ARQUITECTURA,GESTION_PROYECTO",3,E0-M08-C,ARQ-Arquitecto TI / PMO,Etapa 0,E0,,Media,Medio,Arquitectura,20,S3,Marzo,Por etapa
PoC: Dual-Stream Telemetría [S2] — Revisar fuentes del prototipo,"MÓDULO DEL MENÚ: Dual-Stream Telemetría [S2]
Grupo: Monitoreo en tiempo real

QUÉ HACE (en simple): Flujo dual de datos en alta frecuencia para telemetría avanzada (Kinesis/Kafka demo).

ACTIVIDAD DE ESTA TAREA: Código fuente, APIs, pantallas reales, documentación y datos de prueba existentes.

Referencia técnica (prototipo): TelemetryDashboard, QuestDB/TimescaleDB en tiempo real.

ENTREGABLE: evidencia documentada con avance objetivo 20% del módulo.
Periodo: marzo–abril 2026 | Responsable: ARQ (arquitecto / PMO).",Etapa 0 - Pruebas de concepto,E0_MARZO_ABRIL_PoC,Backlog,High,2026-03-16,2026-03-26,"SENSORES,DATOS,ARQUITECTURA,GESTION_PROYECTO",3,E0-M08-D,ARQ-Arquitecto TI / PMO,Etapa 0,E0,,Media,Medio,Arquitectura,20,S3,Marzo,Por etapa
PoC: Dual-Stream Telemetría [S2] — Ejecutar pruebas en el prototipo,"MÓDULO DEL MENÚ: Dual-Stream Telemetría [S2]
Grupo: Monitoreo en tiempo real

QUÉ HACE (en simple): Flujo dual de datos en alta frecuencia para telemetría avanzada (Kinesis/Kafka demo).

ACTIVIDAD DE ESTA TAREA: Navegar el módulo en la app, registrar bugs, medir tiempos y validar flujos clave.

Referencia técnica (prototipo): TelemetryDashboard, QuestDB/TimescaleDB en tiempo real.

ENTREGABLE: evidencia documentada con avance objetivo 20% del módulo.
Periodo: marzo–abril 2026 | Responsable: ARQ (arquitecto / PMO).",Etapa 0 - Pruebas de concepto,E0_MARZO_ABRIL_PoC,Backlog,High,2026-03-16,2026-03-26,"SENSORES,DATOS,ARQUITECTURA,GESTION_PROYECTO",3,E0-M08-E,ARQ-Arquitecto TI / PMO,Etapa 0,E0,,Media,Medio,Arquitectura,20,S3,Marzo,Por etapa
PoC: Dual-Stream Telemetría [S2] — Retroalimentación y cierre al 20%,"MÓDULO DEL MENÚ: Dual-Stream Telemetría [S2]
Grupo: Monitoreo en tiempo real

QUÉ HACE (en simple): Flujo dual de datos en alta frecuencia para telemetría avanzada (Kinesis/Kafka demo).

ACTIVIDAD DE ESTA TAREA: Acta PoC, lecciones aprendidas, lista de mejoras para Etapa 1 y confirmación 20% avance.

Referencia técnica (prototipo): TelemetryDashboard, QuestDB/TimescaleDB en tiempo real.

ENTREGABLE: evidencia documentada con avance objetivo 20% del módulo.
Periodo: marzo–abril 2026 | Responsable: ARQ (arquitecto / PMO).",Etapa 0 - Pruebas de concepto,E0_MARZO_ABRIL_PoC,Backlog,High,2026-03-16,2026-03-26,"SENSORES,DATOS,ARQUITECTURA,GESTION_PROYECTO",3,E0-M08-F,ARQ-Arquitecto TI / PMO,Etapa 0,E0,,Media,Medio,Arquitectura,20,S3,Marzo,Por etapa
PoC: Estabilidad de Talud — Entender necesidades y alcance,"MÓDULO DEL MENÚ: Estabilidad de Talud
Grupo: Geotecnia y modelado 3D

QUÉ HACE (en simple): Gráficos de inclinómetros para detectar movimiento en taludes y estructuras.

ACTIVIDAD DE ESTA TAREA: Qué problema resuelve este módulo, quién lo usa en mina y qué significa tenerlo al 20%.

Referencia técnica (prototipo): InclinometerCharts, GeotechWorkbench, alertas geotécnicas.

ENTREGABLE: evidencia documentada con avance objetivo 20% del módulo.
Periodo: marzo–abril 2026 | Responsable: ARQ (arquitecto / PMO).",Etapa 0 - Pruebas de concepto,E0_MARZO_ABRIL_PoC,Backlog,High,2026-03-16,2026-03-26,"MAPAS,SENSORES,ARQUITECTURA,GESTION_PROYECTO",3,E0-M09-A,ARQ-Arquitecto TI / PMO,Etapa 0,E0,,Media,Medio,Arquitectura,20,S3,Marzo,Por etapa
PoC: Estabilidad de Talud — Investigar referencias y alternativas,"MÓDULO DEL MENÚ: Estabilidad de Talud
Grupo: Geotecnia y modelado 3D

QUÉ HACE (en simple): Gráficos de inclinómetros para detectar movimiento en taludes y estructuras.

ACTIVIDAD DE ESTA TAREA: Revisar mercado, ThingsBoard, normativa minera y buenas prácticas similares.

Referencia técnica (prototipo): InclinometerCharts, GeotechWorkbench, alertas geotécnicas.

ENTREGABLE: evidencia documentada con avance objetivo 20% del módulo.
Periodo: marzo–abril 2026 | Responsable: ARQ (arquitecto / PMO).",Etapa 0 - Pruebas de concepto,E0_MARZO_ABRIL_PoC,Backlog,High,2026-03-16,2026-03-26,"MAPAS,SENSORES,ARQUITECTURA,GESTION_PROYECTO",3,E0-M09-B,ARQ-Arquitecto TI / PMO,Etapa 0,E0,,Media,Medio,Arquitectura,20,S3,Marzo,Por etapa
PoC: Estabilidad de Talud — Entrevistar usuarios y stakeholders,"MÓDULO DEL MENÚ: Estabilidad de Talud
Grupo: Geotecnia y modelado 3D

QUÉ HACE (en simple): Gráficos de inclinómetros para detectar movimiento en taludes y estructuras.

ACTIVIDAD DE ESTA TAREA: Conversaciones con operaciones, geotecnia, TI, gerencia y mantenimiento.

Referencia técnica (prototipo): InclinometerCharts, GeotechWorkbench, alertas geotécnicas.

ENTREGABLE: evidencia documentada con avance objetivo 20% del módulo.
Periodo: marzo–abril 2026 | Responsable: ARQ (arquitecto / PMO).",Etapa 0 - Pruebas de concepto,E0_MARZO_ABRIL_PoC,Backlog,High,2026-03-16,2026-03-26,"MAPAS,SENSORES,ARQUITECTURA,GESTION_PROYECTO",3,E0-M09-C,ARQ-Arquitecto TI / PMO,Etapa 0,E0,,Media,Medio,Arquitectura,20,S3,Marzo,Por etapa
PoC: Estabilidad de Talud — Revisar fuentes del prototipo,"MÓDULO DEL MENÚ: Estabilidad de Talud
Grupo: Geotecnia y modelado 3D

QUÉ HACE (en simple): Gráficos de inclinómetros para detectar movimiento en taludes y estructuras.

ACTIVIDAD DE ESTA TAREA: Código fuente, APIs, pantallas reales, documentación y datos de prueba existentes.

Referencia técnica (prototipo): InclinometerCharts, GeotechWorkbench, alertas geotécnicas.

ENTREGABLE: evidencia documentada con avance objetivo 20% del módulo.
Periodo: marzo–abril 2026 | Responsable: ARQ (arquitecto / PMO).",Etapa 0 - Pruebas de concepto,E0_MARZO_ABRIL_PoC,Backlog,High,2026-03-16,2026-03-26,"MAPAS,SENSORES,ARQUITECTURA,GESTION_PROYECTO",3,E0-M09-D,ARQ-Arquitecto TI / PMO,Etapa 0,E0,,Media,Medio,Arquitectura,20,S3,Marzo,Por etapa
PoC: Estabilidad de Talud — Ejecutar pruebas en el prototipo,"MÓDULO DEL MENÚ: Estabilidad de Talud
Grupo: Geotecnia y modelado 3D

QUÉ HACE (en simple): Gráficos de inclinómetros para detectar movimiento en taludes y estructuras.

ACTIVIDAD DE ESTA TAREA: Navegar el módulo en la app, registrar bugs, medir tiempos y validar flujos clave.

Referencia técnica (prototipo): InclinometerCharts, GeotechWorkbench, alertas geotécnicas.

ENTREGABLE: evidencia documentada con avance objetivo 20% del módulo.
Periodo: marzo–abril 2026 | Responsable: ARQ (arquitecto / PMO).",Etapa 0 - Pruebas de concepto,E0_MARZO_ABRIL_PoC,Backlog,High,2026-03-23,2026-04-02,"MAPAS,SENSORES,ARQUITECTURA,GESTION_PROYECTO",3,E0-M09-E,ARQ-Arquitecto TI / PMO,Etapa 0,E0,,Media,Medio,Arquitectura,20,S4,Marzo,Por etapa
PoC: Estabilidad de Talud — Retroalimentación y cierre al 20%,"MÓDULO DEL MENÚ: Estabilidad de Talud
Grupo: Geotecnia y modelado 3D

QUÉ HACE (en simple): Gráficos de inclinómetros para detectar movimiento en taludes y estructuras.

ACTIVIDAD DE ESTA TAREA: Acta PoC, lecciones aprendidas, lista de mejoras para Etapa 1 y confirmación 20% avance.

Referencia técnica (prototipo): InclinometerCharts, GeotechWorkbench, alertas geotécnicas.

ENTREGABLE: evidencia documentada con avance objetivo 20% del módulo.
Periodo: marzo–abril 2026 | Responsable: ARQ (arquitecto / PMO).",Etapa 0 - Pruebas de concepto,E0_MARZO_ABRIL_PoC,Backlog,High,2026-03-23,2026-04-02,"MAPAS,SENSORES,ARQUITECTURA,GESTION_PROYECTO",3,E0-M09-F,ARQ-Arquitecto TI / PMO,Etapa 0,E0,,Media,Medio,Arquitectura,20,S4,Marzo,Por etapa
PoC: Desplazamiento Acumulado — Entender necesidades y alcance,"MÓDULO DEL MENÚ: Desplazamiento Acumulado
Grupo: Geotecnia y modelado 3D

QUÉ HACE (en simple): Historial de desplazamientos acumulados para análisis de deformación en mina.

ACTIVIDAD DE ESTA TAREA: Qué problema resuelve este módulo, quién lo usa en mina y qué significa tenerlo al 20%.

Referencia técnica (prototipo): DisplacementCharts, series temporales, umbrales de alerta.

ENTREGABLE: evidencia documentada con avance objetivo 20% del módulo.
Periodo: marzo–abril 2026 | Responsable: ARQ (arquitecto / PMO).",Etapa 0 - Pruebas de concepto,E0_MARZO_ABRIL_PoC,Backlog,High,2026-03-23,2026-04-02,"MAPAS,SENSORES,ARQUITECTURA,GESTION_PROYECTO",3,E0-M10-A,ARQ-Arquitecto TI / PMO,Etapa 0,E0,,Media,Medio,Arquitectura,20,S4,Marzo,Por etapa
PoC: Desplazamiento Acumulado — Investigar referencias y alternativas,"MÓDULO DEL MENÚ: Desplazamiento Acumulado
Grupo: Geotecnia y modelado 3D

QUÉ HACE (en simple): Historial de desplazamientos acumulados para análisis de deformación en mina.

ACTIVIDAD DE ESTA TAREA: Revisar mercado, ThingsBoard, normativa minera y buenas prácticas similares.

Referencia técnica (prototipo): DisplacementCharts, series temporales, umbrales de alerta.

ENTREGABLE: evidencia documentada con avance objetivo 20% del módulo.
Periodo: marzo–abril 2026 | Responsable: ARQ (arquitecto / PMO).",Etapa 0 - Pruebas de concepto,E0_MARZO_ABRIL_PoC,Backlog,High,2026-03-23,2026-04-02,"MAPAS,SENSORES,ARQUITECTURA,GESTION_PROYECTO",3,E0-M10-B,ARQ-Arquitecto TI / PMO,Etapa 0,E0,,Media,Medio,Arquitectura,20,S4,Marzo,Por etapa
PoC: Desplazamiento Acumulado — Entrevistar usuarios y stakeholders,"MÓDULO DEL MENÚ: Desplazamiento Acumulado
Grupo: Geotecnia y modelado 3D

QUÉ HACE (en simple): Historial de desplazamientos acumulados para análisis de deformación en mina.

ACTIVIDAD DE ESTA TAREA: Conversaciones con operaciones, geotecnia, TI, gerencia y mantenimiento.

Referencia técnica (prototipo): DisplacementCharts, series temporales, umbrales de alerta.

ENTREGABLE: evidencia documentada con avance objetivo 20% del módulo.
Periodo: marzo–abril 2026 | Responsable: ARQ (arquitecto / PMO).",Etapa 0 - Pruebas de concepto,E0_MARZO_ABRIL_PoC,Backlog,High,2026-03-23,2026-04-02,"MAPAS,SENSORES,ARQUITECTURA,GESTION_PROYECTO",3,E0-M10-C,ARQ-Arquitecto TI / PMO,Etapa 0,E0,,Media,Medio,Arquitectura,20,S4,Marzo,Por etapa
PoC: Desplazamiento Acumulado — Revisar fuentes del prototipo,"MÓDULO DEL MENÚ: Desplazamiento Acumulado
Grupo: Geotecnia y modelado 3D

QUÉ HACE (en simple): Historial de desplazamientos acumulados para análisis de deformación en mina.

ACTIVIDAD DE ESTA TAREA: Código fuente, APIs, pantallas reales, documentación y datos de prueba existentes.

Referencia técnica (prototipo): DisplacementCharts, series temporales, umbrales de alerta.

ENTREGABLE: evidencia documentada con avance objetivo 20% del módulo.
Periodo: marzo–abril 2026 | Responsable: ARQ (arquitecto / PMO).",Etapa 0 - Pruebas de concepto,E0_MARZO_ABRIL_PoC,Backlog,High,2026-03-23,2026-04-02,"MAPAS,SENSORES,ARQUITECTURA,GESTION_PROYECTO",3,E0-M10-D,ARQ-Arquitecto TI / PMO,Etapa 0,E0,,Media,Medio,Arquitectura,20,S4,Marzo,Por etapa
PoC: Desplazamiento Acumulado — Ejecutar pruebas en el prototipo,"MÓDULO DEL MENÚ: Desplazamiento Acumulado
Grupo: Geotecnia y modelado 3D

QUÉ HACE (en simple): Historial de desplazamientos acumulados para análisis de deformación en mina.

ACTIVIDAD DE ESTA TAREA: Navegar el módulo en la app, registrar bugs, medir tiempos y validar flujos clave.

Referencia técnica (prototipo): DisplacementCharts, series temporales, umbrales de alerta.

ENTREGABLE: evidencia documentada con avance objetivo 20% del módulo.
Periodo: marzo–abril 2026 | Responsable: ARQ (arquitecto / PMO).",Etapa 0 - Pruebas de concepto,E0_MARZO_ABRIL_PoC,Backlog,High,2026-03-23,2026-04-02,"MAPAS,SENSORES,ARQUITECTURA,GESTION_PROYECTO",3,E0-M10-E,ARQ-Arquitecto TI / PMO,Etapa 0,E0,,Media,Medio,Arquitectura,20,S4,Marzo,Por etapa
PoC: Desplazamiento Acumulado — Retroalimentación y cierre al 20%,"MÓDULO DEL MENÚ: Desplazamiento Acumulado
Grupo: Geotecnia y modelado 3D

QUÉ HACE (en simple): Historial de desplazamientos acumulados para análisis de deformación en mina.

ACTIVIDAD DE ESTA TAREA: Acta PoC, lecciones aprendidas, lista de mejoras para Etapa 1 y confirmación 20% avance.

Referencia técnica (prototipo): DisplacementCharts, series temporales, umbrales de alerta.

ENTREGABLE: evidencia documentada con avance objetivo 20% del módulo.
Periodo: marzo–abril 2026 | Responsable: ARQ (arquitecto / PMO).",Etapa 0 - Pruebas de concepto,E0_MARZO_ABRIL_PoC,Backlog,High,2026-03-23,2026-04-02,"MAPAS,SENSORES,ARQUITECTURA,GESTION_PROYECTO",3,E0-M10-F,ARQ-Arquitecto TI / PMO,Etapa 0,E0,,Media,Medio,Arquitectura,20,S4,Marzo,Por etapa
PoC: Gemelo 3D Mina (diagramas 3D) — Entender necesidades y alcance,"MÓDULO DEL MENÚ: Gemelo 3D Mina (diagramas 3D)
Grupo: Geotecnia y modelado 3D

QUÉ HACE (en simple): Modelo tridimensional interactivo del frente minero con sensores y equipos ubicados.

ACTIVIDAD DE ESTA TAREA: Qué problema resuelve este módulo, quién lo usa en mina y qué significa tenerlo al 20%.

Referencia técnica (prototipo): Viewer3D (React Three Fiber), visualización 3D, instrumentación en modelo.

ENTREGABLE: evidencia documentada con avance objetivo 20% del módulo.
Periodo: marzo–abril 2026 | Responsable: ARQ (arquitecto / PMO).",Etapa 0 - Pruebas de concepto,E0_MARZO_ABRIL_PoC,Backlog,High,2026-03-23,2026-04-02,"MAPAS,ARQUITECTURA,ARQUITECTURA,GESTION_PROYECTO",3,E0-M11-A,ARQ-Arquitecto TI / PMO,Etapa 0,E0,,Media,Medio,Arquitectura,20,S4,Marzo,Por etapa
PoC: Gemelo 3D Mina (diagramas 3D) — Investigar referencias y alternativas,"MÓDULO DEL MENÚ: Gemelo 3D Mina (diagramas 3D)
Grupo: Geotecnia y modelado 3D

QUÉ HACE (en simple): Modelo tridimensional interactivo del frente minero con sensores y equipos ubicados.

ACTIVIDAD DE ESTA TAREA: Revisar mercado, ThingsBoard, normativa minera y buenas prácticas similares.

Referencia técnica (prototipo): Viewer3D (React Three Fiber), visualización 3D, instrumentación en modelo.

ENTREGABLE: evidencia documentada con avance objetivo 20% del módulo.
Periodo: marzo–abril 2026 | Responsable: ARQ (arquitecto / PMO).",Etapa 0 - Pruebas de concepto,E0_MARZO_ABRIL_PoC,Backlog,High,2026-03-23,2026-04-02,"MAPAS,ARQUITECTURA,ARQUITECTURA,GESTION_PROYECTO",3,E0-M11-B,ARQ-Arquitecto TI / PMO,Etapa 0,E0,,Media,Medio,Arquitectura,20,S4,Marzo,Por etapa
PoC: Gemelo 3D Mina (diagramas 3D) — Entrevistar usuarios y stakeholders,"MÓDULO DEL MENÚ: Gemelo 3D Mina (diagramas 3D)
Grupo: Geotecnia y modelado 3D

QUÉ HACE (en simple): Modelo tridimensional interactivo del frente minero con sensores y equipos ubicados.

ACTIVIDAD DE ESTA TAREA: Conversaciones con operaciones, geotecnia, TI, gerencia y mantenimiento.

Referencia técnica (prototipo): Viewer3D (React Three Fiber), visualización 3D, instrumentación en modelo.

ENTREGABLE: evidencia documentada con avance objetivo 20% del módulo.
Periodo: marzo–abril 2026 | Responsable: ARQ (arquitecto / PMO).",Etapa 0 - Pruebas de concepto,E0_MARZO_ABRIL_PoC,Backlog,High,2026-03-23,2026-04-02,"MAPAS,ARQUITECTURA,ARQUITECTURA,GESTION_PROYECTO",3,E0-M11-C,ARQ-Arquitecto TI / PMO,Etapa 0,E0,,Media,Medio,Arquitectura,20,S4,Marzo,Por etapa
PoC: Gemelo 3D Mina (diagramas 3D) — Revisar fuentes del prototipo,"MÓDULO DEL MENÚ: Gemelo 3D Mina (diagramas 3D)
Grupo: Geotecnia y modelado 3D

QUÉ HACE (en simple): Modelo tridimensional interactivo del frente minero con sensores y equipos ubicados.

ACTIVIDAD DE ESTA TAREA: Código fuente, APIs, pantallas reales, documentación y datos de prueba existentes.

Referencia técnica (prototipo): Viewer3D (React Three Fiber), visualización 3D, instrumentación en modelo.

ENTREGABLE: evidencia documentada con avance objetivo 20% del módulo.
Periodo: marzo–abril 2026 | Responsable: ARQ (arquitecto / PMO).",Etapa 0 - Pruebas de concepto,E0_MARZO_ABRIL_PoC,Backlog,High,2026-03-23,2026-04-02,"MAPAS,ARQUITECTURA,ARQUITECTURA,GESTION_PROYECTO",3,E0-M11-D,ARQ-Arquitecto TI / PMO,Etapa 0,E0,,Media,Medio,Arquitectura,20,S4,Marzo,Por etapa
PoC: Gemelo 3D Mina (diagramas 3D) — Ejecutar pruebas en el prototipo,"MÓDULO DEL MENÚ: Gemelo 3D Mina (diagramas 3D)
Grupo: Geotecnia y modelado 3D

QUÉ HACE (en simple): Modelo tridimensional interactivo del frente minero con sensores y equipos ubicados.

ACTIVIDAD DE ESTA TAREA: Navegar el módulo en la app, registrar bugs, medir tiempos y validar flujos clave.

Referencia técnica (prototipo): Viewer3D (React Three Fiber), visualización 3D, instrumentación en modelo.

ENTREGABLE: evidencia documentada con avance objetivo 20% del módulo.
Periodo: marzo–abril 2026 | Responsable: ARQ (arquitecto / PMO).",Etapa 0 - Pruebas de concepto,E0_MARZO_ABRIL_PoC,Backlog,High,2026-03-23,2026-04-02,"MAPAS,ARQUITECTURA,ARQUITECTURA,GESTION_PROYECTO",3,E0-M11-E,ARQ-Arquitecto TI / PMO,Etapa 0,E0,,Media,Medio,Arquitectura,20,S4,Marzo,Por etapa
PoC: Gemelo 3D Mina (diagramas 3D) — Retroalimentación y cierre al 20%,"MÓDULO DEL MENÚ: Gemelo 3D Mina (diagramas 3D)
Grupo: Geotecnia y modelado 3D

QUÉ HACE (en simple): Modelo tridimensional interactivo del frente minero con sensores y equipos ubicados.

ACTIVIDAD DE ESTA TAREA: Acta PoC, lecciones aprendidas, lista de mejoras para Etapa 1 y confirmación 20% avance.

Referencia técnica (prototipo): Viewer3D (React Three Fiber), visualización 3D, instrumentación en modelo.

ENTREGABLE: evidencia documentada con avance objetivo 20% del módulo.
Periodo: marzo–abril 2026 | Responsable: ARQ (arquitecto / PMO).",Etapa 0 - Pruebas de concepto,E0_MARZO_ABRIL_PoC,Backlog,High,2026-03-23,2026-04-02,"MAPAS,ARQUITECTURA,ARQUITECTURA,GESTION_PROYECTO",3,E0-M11-F,ARQ-Arquitecto TI / PMO,Etapa 0,E0,,Media,Medio,Arquitectura,20,S4,Marzo,Por etapa
"PoC: Panel de control 3D (Apariencia, Capas, Azimuth) — Entender necesidades y alcance","MÓDULO DEL MENÚ: Panel de control 3D (Apariencia, Capas, Azimuth)
Grupo: Geotecnia y modelado 3D

QUÉ HACE (en simple): Barra lateral para configurar capas del modelo 3D, colores, brújula y ángulo de vista.

ACTIVIDAD DE ESTA TAREA: Qué problema resuelve este módulo, quién lo usa en mina y qué significa tenerlo al 20%.

Referencia técnica (prototipo): GeotechWorkbench sidebar: Appearance, Layers, Azimuth; AzimuthCompass.

ENTREGABLE: evidencia documentada con avance objetivo 20% del módulo.
Periodo: marzo–abril 2026 | Responsable: ARQ (arquitecto / PMO).",Etapa 0 - Pruebas de concepto,E0_MARZO_ABRIL_PoC,Backlog,High,2026-03-23,2026-04-02,"MAPAS,EXPERIENCIA_USUARIO,ARQUITECTURA,GESTION_PROYECTO",3,E0-M12-A,ARQ-Arquitecto TI / PMO,Etapa 0,E0,,Media,Medio,Arquitectura,20,S4,Marzo,Por etapa
"PoC: Panel de control 3D (Apariencia, Capas, Azimuth) — Investigar referencias y alternativas","MÓDULO DEL MENÚ: Panel de control 3D (Apariencia, Capas, Azimuth)
Grupo: Geotecnia y modelado 3D

QUÉ HACE (en simple): Barra lateral para configurar capas del modelo 3D, colores, brújula y ángulo de vista.

ACTIVIDAD DE ESTA TAREA: Revisar mercado, ThingsBoard, normativa minera y buenas prácticas similares.

Referencia técnica (prototipo): GeotechWorkbench sidebar: Appearance, Layers, Azimuth; AzimuthCompass.

ENTREGABLE: evidencia documentada con avance objetivo 20% del módulo.
Periodo: marzo–abril 2026 | Responsable: ARQ (arquitecto / PMO).",Etapa 0 - Pruebas de concepto,E0_MARZO_ABRIL_PoC,Backlog,High,2026-03-23,2026-04-02,"MAPAS,EXPERIENCIA_USUARIO,ARQUITECTURA,GESTION_PROYECTO",3,E0-M12-B,ARQ-Arquitecto TI / PMO,Etapa 0,E0,,Media,Medio,Arquitectura,20,S4,Marzo,Por etapa
"PoC: Panel de control 3D (Apariencia, Capas, Azimuth) — Entrevistar usuarios y stakeholders","MÓDULO DEL MENÚ: Panel de control 3D (Apariencia, Capas, Azimuth)
Grupo: Geotecnia y modelado 3D

QUÉ HACE (en simple): Barra lateral para configurar capas del modelo 3D, colores, brújula y ángulo de vista.

ACTIVIDAD DE ESTA TAREA: Conversaciones con operaciones, geotecnia, TI, gerencia y mantenimiento.

Referencia técnica (prototipo): GeotechWorkbench sidebar: Appearance, Layers, Azimuth; AzimuthCompass.

ENTREGABLE: evidencia documentada con avance objetivo 20% del módulo.
Periodo: marzo–abril 2026 | Responsable: ARQ (arquitecto / PMO).",Etapa 0 - Pruebas de concepto,E0_MARZO_ABRIL_PoC,Backlog,High,2026-03-23,2026-04-02,"MAPAS,EXPERIENCIA_USUARIO,ARQUITECTURA,GESTION_PROYECTO",3,E0-M12-C,ARQ-Arquitecto TI / PMO,Etapa 0,E0,,Media,Medio,Arquitectura,20,S4,Marzo,Por etapa
"PoC: Panel de control 3D (Apariencia, Capas, Azimuth) — Revisar fuentes del prototipo","MÓDULO DEL MENÚ: Panel de control 3D (Apariencia, Capas, Azimuth)
Grupo: Geotecnia y modelado 3D

QUÉ HACE (en simple): Barra lateral para configurar capas del modelo 3D, colores, brújula y ángulo de vista.

ACTIVIDAD DE ESTA TAREA: Código fuente, APIs, pantallas reales, documentación y datos de prueba existentes.

Referencia técnica (prototipo): GeotechWorkbench sidebar: Appearance, Layers, Azimuth; AzimuthCompass.

ENTREGABLE: evidencia documentada con avance objetivo 20% del módulo.
Periodo: marzo–abril 2026 | Responsable: ARQ (arquitecto / PMO).",Etapa 0 - Pruebas de concepto,E0_MARZO_ABRIL_PoC,Backlog,High,2026-03-31,2026-04-09,"MAPAS,EXPERIENCIA_USUARIO,ARQUITECTURA,GESTION_PROYECTO",3,E0-M12-D,ARQ-Arquitecto TI / PMO,Etapa 0,E0,,Media,Medio,Arquitectura,20,S5,Marzo,Por etapa
"PoC: Panel de control 3D (Apariencia, Capas, Azimuth) — Ejecutar pruebas en el prototipo","MÓDULO DEL MENÚ: Panel de control 3D (Apariencia, Capas, Azimuth)
Grupo: Geotecnia y modelado 3D

QUÉ HACE (en simple): Barra lateral para configurar capas del modelo 3D, colores, brújula y ángulo de vista.

ACTIVIDAD DE ESTA TAREA: Navegar el módulo en la app, registrar bugs, medir tiempos y validar flujos clave.

Referencia técnica (prototipo): GeotechWorkbench sidebar: Appearance, Layers, Azimuth; AzimuthCompass.

ENTREGABLE: evidencia documentada con avance objetivo 20% del módulo.
Periodo: marzo–abril 2026 | Responsable: ARQ (arquitecto / PMO).",Etapa 0 - Pruebas de concepto,E0_MARZO_ABRIL_PoC,Backlog,High,2026-03-31,2026-04-09,"MAPAS,EXPERIENCIA_USUARIO,ARQUITECTURA,GESTION_PROYECTO",3,E0-M12-E,ARQ-Arquitecto TI / PMO,Etapa 0,E0,,Media,Medio,Arquitectura,20,S5,Marzo,Por etapa
"PoC: Panel de control 3D (Apariencia, Capas, Azimuth) — Retroalimentación y cierre al 20%","MÓDULO DEL MENÚ: Panel de control 3D (Apariencia, Capas, Azimuth)
Grupo: Geotecnia y modelado 3D

QUÉ HACE (en simple): Barra lateral para configurar capas del modelo 3D, colores, brújula y ángulo de vista.

ACTIVIDAD DE ESTA TAREA: Acta PoC, lecciones aprendidas, lista de mejoras para Etapa 1 y confirmación 20% avance.

Referencia técnica (prototipo): GeotechWorkbench sidebar: Appearance, Layers, Azimuth; AzimuthCompass.

ENTREGABLE: evidencia documentada con avance objetivo 20% del módulo.
Periodo: marzo–abril 2026 | Responsable: ARQ (arquitecto / PMO).",Etapa 0 - Pruebas de concepto,E0_MARZO_ABRIL_PoC,Backlog,High,2026-03-31,2026-04-09,"MAPAS,EXPERIENCIA_USUARIO,ARQUITECTURA,GESTION_PROYECTO",3,E0-M12-F,ARQ-Arquitecto TI / PMO,Etapa 0,E0,,Media,Medio,Arquitectura,20,S5,Marzo,Por etapa
PoC: Mapa Satelital — Entender necesidades y alcance,"MÓDULO DEL MENÚ: Mapa Satelital
Grupo: Mapas de faena y HD

QUÉ HACE (en simple): Mapa operativo con marcadores de zonas, sensores y puntos de interés en faena.

ACTIVIDAD DE ESTA TAREA: Qué problema resuelve este módulo, quién lo usa en mina y qué significa tenerlo al 20%.

Referencia técnica (prototipo): MapViewer, /api/map/markers (backend C++), capas WMS y GeoJSON.

ENTREGABLE: evidencia documentada con avance objetivo 20% del módulo.
Periodo: marzo–abril 2026 | Responsable: ARQ (arquitecto / PMO).",Etapa 0 - Pruebas de concepto,E0_MARZO_ABRIL_PoC,Backlog,High,2026-03-31,2026-04-09,"MAPAS,ARQUITECTURA,GESTION_PROYECTO",3,E0-M13-A,ARQ-Arquitecto TI / PMO,Etapa 0,E0,,Media,Medio,Arquitectura,20,S5,Marzo,Por etapa
PoC: Mapa Satelital — Investigar referencias y alternativas,"MÓDULO DEL MENÚ: Mapa Satelital
Grupo: Mapas de faena y HD

QUÉ HACE (en simple): Mapa operativo con marcadores de zonas, sensores y puntos de interés en faena.

ACTIVIDAD DE ESTA TAREA: Revisar mercado, ThingsBoard, normativa minera y buenas prácticas similares.

Referencia técnica (prototipo): MapViewer, /api/map/markers (backend C++), capas WMS y GeoJSON.

ENTREGABLE: evidencia documentada con avance objetivo 20% del módulo.
Periodo: marzo–abril 2026 | Responsable: ARQ (arquitecto / PMO).",Etapa 0 - Pruebas de concepto,E0_MARZO_ABRIL_PoC,Backlog,High,2026-03-31,2026-04-09,"MAPAS,ARQUITECTURA,GESTION_PROYECTO",3,E0-M13-B,ARQ-Arquitecto TI / PMO,Etapa 0,E0,,Media,Medio,Arquitectura,20,S5,Marzo,Por etapa
PoC: Mapa Satelital — Entrevistar usuarios y stakeholders,"MÓDULO DEL MENÚ: Mapa Satelital
Grupo: Mapas de faena y HD

QUÉ HACE (en simple): Mapa operativo con marcadores de zonas, sensores y puntos de interés en faena.

ACTIVIDAD DE ESTA TAREA: Conversaciones con operaciones, geotecnia, TI, gerencia y mantenimiento.

Referencia técnica (prototipo): MapViewer, /api/map/markers (backend C++), capas WMS y GeoJSON.

ENTREGABLE: evidencia documentada con avance objetivo 20% del módulo.
Periodo: marzo–abril 2026 | Responsable: ARQ (arquitecto / PMO).",Etapa 0 - Pruebas de concepto,E0_MARZO_ABRIL_PoC,Backlog,High,2026-03-31,2026-04-09,"MAPAS,ARQUITECTURA,GESTION_PROYECTO",3,E0-M13-C,ARQ-Arquitecto TI / PMO,Etapa 0,E0,,Media,Medio,Arquitectura,20,S5,Marzo,Por etapa
PoC: Mapa Satelital — Revisar fuentes del prototipo,"MÓDULO DEL MENÚ: Mapa Satelital
Grupo: Mapas de faena y HD

QUÉ HACE (en simple): Mapa operativo con marcadores de zonas, sensores y puntos de interés en faena.

ACTIVIDAD DE ESTA TAREA: Código fuente, APIs, pantallas reales, documentación y datos de prueba existentes.

Referencia técnica (prototipo): MapViewer, /api/map/markers (backend C++), capas WMS y GeoJSON.

ENTREGABLE: evidencia documentada con avance objetivo 20% del módulo.
Periodo: marzo–abril 2026 | Responsable: ARQ (arquitecto / PMO).",Etapa 0 - Pruebas de concepto,E0_MARZO_ABRIL_PoC,Backlog,High,2026-03-31,2026-04-09,"MAPAS,ARQUITECTURA,GESTION_PROYECTO",3,E0-M13-D,ARQ-Arquitecto TI / PMO,Etapa 0,E0,,Media,Medio,Arquitectura,20,S5,Marzo,Por etapa
PoC: Mapa Satelital — Ejecutar pruebas en el prototipo,"MÓDULO DEL MENÚ: Mapa Satelital
Grupo: Mapas de faena y HD

QUÉ HACE (en simple): Mapa operativo con marcadores de zonas, sensores y puntos de interés en faena.

ACTIVIDAD DE ESTA TAREA: Navegar el módulo en la app, registrar bugs, medir tiempos y validar flujos clave.

Referencia técnica (prototipo): MapViewer, /api/map/markers (backend C++), capas WMS y GeoJSON.

ENTREGABLE: evidencia documentada con avance objetivo 20% del módulo.
Periodo: marzo–abril 2026 | Responsable: ARQ (arquitecto / PMO).",Etapa 0 - Pruebas de concepto,E0_MARZO_ABRIL_PoC,Backlog,High,2026-03-31,2026-04-09,"MAPAS,ARQUITECTURA,GESTION_PROYECTO",3,E0-M13-E,ARQ-Arquitecto TI / PMO,Etapa 0,E0,,Media,Medio,Arquitectura,20,S5,Marzo,Por etapa
PoC: Mapa Satelital — Retroalimentación y cierre al 20%,"MÓDULO DEL MENÚ: Mapa Satelital
Grupo: Mapas de faena y HD

QUÉ HACE (en simple): Mapa operativo con marcadores de zonas, sensores y puntos de interés en faena.

ACTIVIDAD DE ESTA TAREA: Acta PoC, lecciones aprendidas, lista de mejoras para Etapa 1 y confirmación 20% avance.

Referencia técnica (prototipo): MapViewer, /api/map/markers (backend C++), capas WMS y GeoJSON.

ENTREGABLE: evidencia documentada con avance objetivo 20% del módulo.
Periodo: marzo–abril 2026 | Responsable: ARQ (arquitecto / PMO).",Etapa 0 - Pruebas de concepto,E0_MARZO_ABRIL_PoC,Backlog,High,2026-03-31,2026-04-09,"MAPAS,ARQUITECTURA,GESTION_PROYECTO",3,E0-M13-F,ARQ-Arquitecto TI / PMO,Etapa 0,E0,,Media,Medio,Arquitectura,20,S5,Marzo,Por etapa
PoC: Mapa Geotécnico HD [Pro] — Entender necesidades y alcance,"MÓDULO DEL MENÚ: Mapa Geotécnico HD [Pro]
Grupo: Mapas de faena y HD

QUÉ HACE (en simple): Cartografía de alta resolución (MBTiles) para detalle técnico de zonas críticas.

ACTIVIDAD DE ESTA TAREA: Qué problema resuelve este módulo, quién lo usa en mina y qué significa tenerlo al 20%.

Referencia técnica (prototipo): DetailedMap, tiles HD, captura de imagen para informes.

ENTREGABLE: evidencia documentada con avance objetivo 20% del módulo.
Periodo: marzo–abril 2026 | Responsable: ARQ (arquitecto / PMO).",Etapa 0 - Pruebas de concepto,E0_MARZO_ABRIL_PoC,Backlog,High,2026-03-31,2026-04-09,"MAPAS,EXPORTACION,ARQUITECTURA,GESTION_PROYECTO",3,E0-M14-A,ARQ-Arquitecto TI / PMO,Etapa 0,E0,,Media,Medio,Arquitectura,20,S5,Marzo,Por etapa
PoC: Mapa Geotécnico HD [Pro] — Investigar referencias y alternativas,"MÓDULO DEL MENÚ: Mapa Geotécnico HD [Pro]
Grupo: Mapas de faena y HD

QUÉ HACE (en simple): Cartografía de alta resolución (MBTiles) para detalle técnico de zonas críticas.

ACTIVIDAD DE ESTA TAREA: Revisar mercado, ThingsBoard, normativa minera y buenas prácticas similares.

Referencia técnica (prototipo): DetailedMap, tiles HD, captura de imagen para informes.

ENTREGABLE: evidencia documentada con avance objetivo 20% del módulo.
Periodo: marzo–abril 2026 | Responsable: ARQ (arquitecto / PMO).",Etapa 0 - Pruebas de concepto,E0_MARZO_ABRIL_PoC,Backlog,High,2026-03-31,2026-04-09,"MAPAS,EXPORTACION,ARQUITECTURA,GESTION_PROYECTO",3,E0-M14-B,ARQ-Arquitecto TI / PMO,Etapa 0,E0,,Media,Medio,Arquitectura,20,S5,Marzo,Por etapa
PoC: Mapa Geotécnico HD [Pro] — Entrevistar usuarios y stakeholders,"MÓDULO DEL MENÚ: Mapa Geotécnico HD [Pro]
Grupo: Mapas de faena y HD

QUÉ HACE (en simple): Cartografía de alta resolución (MBTiles) para detalle técnico de zonas críticas.

ACTIVIDAD DE ESTA TAREA: Conversaciones con operaciones, geotecnia, TI, gerencia y mantenimiento.

Referencia técnica (prototipo): DetailedMap, tiles HD, captura de imagen para informes.

ENTREGABLE: evidencia documentada con avance objetivo 20% del módulo.
Periodo: marzo–abril 2026 | Responsable: ARQ (arquitecto / PMO).",Etapa 0 - Pruebas de concepto,E0_MARZO_ABRIL_PoC,Backlog,High,2026-03-31,2026-04-09,"MAPAS,EXPORTACION,ARQUITECTURA,GESTION_PROYECTO",3,E0-M14-C,ARQ-Arquitecto TI / PMO,Etapa 0,E0,,Media,Medio,Arquitectura,20,S5,Marzo,Por etapa
PoC: Mapa Geotécnico HD [Pro] — Revisar fuentes del prototipo,"MÓDULO DEL MENÚ: Mapa Geotécnico HD [Pro]
Grupo: Mapas de faena y HD

QUÉ HACE (en simple): Cartografía de alta resolución (MBTiles) para detalle técnico de zonas críticas.

ACTIVIDAD DE ESTA TAREA: Código fuente, APIs, pantallas reales, documentación y datos de prueba existentes.

Referencia técnica (prototipo): DetailedMap, tiles HD, captura de imagen para informes.

ENTREGABLE: evidencia documentada con avance objetivo 20% del módulo.
Periodo: marzo–abril 2026 | Responsable: ARQ (arquitecto / PMO).",Etapa 0 - Pruebas de concepto,E0_MARZO_ABRIL_PoC,Backlog,High,2026-03-31,2026-04-09,"MAPAS,EXPORTACION,ARQUITECTURA,GESTION_PROYECTO",3,E0-M14-D,ARQ-Arquitecto TI / PMO,Etapa 0,E0,,Media,Medio,Arquitectura,20,S5,Marzo,Por etapa
PoC: Mapa Geotécnico HD [Pro] — Ejecutar pruebas en el prototipo,"MÓDULO DEL MENÚ: Mapa Geotécnico HD [Pro]
Grupo: Mapas de faena y HD

QUÉ HACE (en simple): Cartografía de alta resolución (MBTiles) para detalle técnico de zonas críticas.

ACTIVIDAD DE ESTA TAREA: Navegar el módulo en la app, registrar bugs, medir tiempos y validar flujos clave.

Referencia técnica (prototipo): DetailedMap, tiles HD, captura de imagen para informes.

ENTREGABLE: evidencia documentada con avance objetivo 20% del módulo.
Periodo: marzo–abril 2026 | Responsable: ARQ (arquitecto / PMO).",Etapa 0 - Pruebas de concepto,E0_MARZO_ABRIL_PoC,Backlog,High,2026-03-31,2026-04-09,"MAPAS,EXPORTACION,ARQUITECTURA,GESTION_PROYECTO",3,E0-M14-E,ARQ-Arquitecto TI / PMO,Etapa 0,E0,,Media,Medio,Arquitectura,20,S5,Marzo,Por etapa
PoC: Mapa Geotécnico HD [Pro] — Retroalimentación y cierre al 20%,"MÓDULO DEL MENÚ: Mapa Geotécnico HD [Pro]
Grupo: Mapas de faena y HD

QUÉ HACE (en simple): Cartografía de alta resolución (MBTiles) para detalle técnico de zonas críticas.

ACTIVIDAD DE ESTA TAREA: Acta PoC, lecciones aprendidas, lista de mejoras para Etapa 1 y confirmación 20% avance.

Referencia técnica (prototipo): DetailedMap, tiles HD, captura de imagen para informes.

ENTREGABLE: evidencia documentada con avance objetivo 20% del módulo.
Periodo: marzo–abril 2026 | Responsable: ARQ (arquitecto / PMO).",Etapa 0 - Pruebas de concepto,E0_MARZO_ABRIL_PoC,Backlog,High,2026-03-31,2026-04-09,"MAPAS,EXPORTACION,ARQUITECTURA,GESTION_PROYECTO",3,E0-M14-F,ARQ-Arquitecto TI / PMO,Etapa 0,E0,,Media,Medio,Arquitectura,20,S5,Marzo,Por etapa
PoC: Geoservidor Minero [Hub] — Entender necesidades y alcance,"MÓDULO DEL MENÚ: Geoservidor Minero [Hub]
Grupo: Territorio y cumplimiento GIS

QUÉ HACE (en simple): Portal GIS con módulos A–F: catastro, geología, ambiental, permisos, infraestructura, monitoreo.

ACTIVIDAD DE ESTA TAREA: Qué problema resuelve este módulo, quién lo usa en mina y qué significa tenerlo al 20%.

Referencia técnica (prototipo): MiningGeoportalView, miningGeoportalHub.json, presets WMS INGEMMET/MINEM.

ENTREGABLE: evidencia documentada con avance objetivo 20% del módulo.
Periodo: marzo–abril 2026 | Responsable: ARQ (arquitecto / PMO).",Etapa 0 - Pruebas de concepto,E0_MARZO_ABRIL_PoC,Backlog,High,2026-03-31,2026-04-09,"MAPAS,INTEGRACION,ARQUITECTURA,GESTION_PROYECTO",3,E0-M15-A,ARQ-Arquitecto TI / PMO,Etapa 0,E0,,Media,Medio,Arquitectura,20,S5,Marzo,Por etapa
PoC: Geoservidor Minero [Hub] — Investigar referencias y alternativas,"MÓDULO DEL MENÚ: Geoservidor Minero [Hub]
Grupo: Territorio y cumplimiento GIS

QUÉ HACE (en simple): Portal GIS con módulos A–F: catastro, geología, ambiental, permisos, infraestructura, monitoreo.

ACTIVIDAD DE ESTA TAREA: Revisar mercado, ThingsBoard, normativa minera y buenas prácticas similares.

Referencia técnica (prototipo): MiningGeoportalView, miningGeoportalHub.json, presets WMS INGEMMET/MINEM.

ENTREGABLE: evidencia documentada con avance objetivo 20% del módulo.
Periodo: marzo–abril 2026 | Responsable: ARQ (arquitecto / PMO).",Etapa 0 - Pruebas de concepto,E0_MARZO_ABRIL_PoC,Backlog,High,2026-03-31,2026-04-09,"MAPAS,INTEGRACION,ARQUITECTURA,GESTION_PROYECTO",3,E0-M15-B,ARQ-Arquitecto TI / PMO,Etapa 0,E0,,Media,Medio,Arquitectura,20,S5,Marzo,Por etapa
PoC: Geoservidor Minero [Hub] — Entrevistar usuarios y stakeholders,"MÓDULO DEL MENÚ: Geoservidor Minero [Hub]
Grupo: Territorio y cumplimiento GIS

QUÉ HACE (en simple): Portal GIS con módulos A–F: catastro, geología, ambiental, permisos, infraestructura, monitoreo.

ACTIVIDAD DE ESTA TAREA: Conversaciones con operaciones, geotecnia, TI, gerencia y mantenimiento.

Referencia técnica (prototipo): MiningGeoportalView, miningGeoportalHub.json, presets WMS INGEMMET/MINEM.

ENTREGABLE: evidencia documentada con avance objetivo 20% del módulo.
Periodo: marzo–abril 2026 | Responsable: ARQ (arquitecto / PMO).",Etapa 0 - Pruebas de concepto,E0_MARZO_ABRIL_PoC,Backlog,High,2026-04-06,2026-04-16,"MAPAS,INTEGRACION,ARQUITECTURA,GESTION_PROYECTO",3,E0-M15-C,ARQ-Arquitecto TI / PMO,Etapa 0,E0,,Media,Medio,Arquitectura,20,S6,Abril,Por etapa
PoC: Geoservidor Minero [Hub] — Revisar fuentes del prototipo,"MÓDULO DEL MENÚ: Geoservidor Minero [Hub]
Grupo: Territorio y cumplimiento GIS

QUÉ HACE (en simple): Portal GIS con módulos A–F: catastro, geología, ambiental, permisos, infraestructura, monitoreo.

ACTIVIDAD DE ESTA TAREA: Código fuente, APIs, pantallas reales, documentación y datos de prueba existentes.

Referencia técnica (prototipo): MiningGeoportalView, miningGeoportalHub.json, presets WMS INGEMMET/MINEM.

ENTREGABLE: evidencia documentada con avance objetivo 20% del módulo.
Periodo: marzo–abril 2026 | Responsable: ARQ (arquitecto / PMO).",Etapa 0 - Pruebas de concepto,E0_MARZO_ABRIL_PoC,Backlog,High,2026-04-06,2026-04-16,"MAPAS,INTEGRACION,ARQUITECTURA,GESTION_PROYECTO",3,E0-M15-D,ARQ-Arquitecto TI / PMO,Etapa 0,E0,,Media,Medio,Arquitectura,20,S6,Abril,Por etapa
PoC: Geoservidor Minero [Hub] — Ejecutar pruebas en el prototipo,"MÓDULO DEL MENÚ: Geoservidor Minero [Hub]
Grupo: Territorio y cumplimiento GIS

QUÉ HACE (en simple): Portal GIS con módulos A–F: catastro, geología, ambiental, permisos, infraestructura, monitoreo.

ACTIVIDAD DE ESTA TAREA: Navegar el módulo en la app, registrar bugs, medir tiempos y validar flujos clave.

Referencia técnica (prototipo): MiningGeoportalView, miningGeoportalHub.json, presets WMS INGEMMET/MINEM.

ENTREGABLE: evidencia documentada con avance objetivo 20% del módulo.
Periodo: marzo–abril 2026 | Responsable: ARQ (arquitecto / PMO).",Etapa 0 - Pruebas de concepto,E0_MARZO_ABRIL_PoC,Backlog,High,2026-04-06,2026-04-16,"MAPAS,INTEGRACION,ARQUITECTURA,GESTION_PROYECTO",3,E0-M15-E,ARQ-Arquitecto TI / PMO,Etapa 0,E0,,Media,Medio,Arquitectura,20,S6,Abril,Por etapa
PoC: Geoservidor Minero [Hub] — Retroalimentación y cierre al 20%,"MÓDULO DEL MENÚ: Geoservidor Minero [Hub]
Grupo: Territorio y cumplimiento GIS

QUÉ HACE (en simple): Portal GIS con módulos A–F: catastro, geología, ambiental, permisos, infraestructura, monitoreo.

ACTIVIDAD DE ESTA TAREA: Acta PoC, lecciones aprendidas, lista de mejoras para Etapa 1 y confirmación 20% avance.

Referencia técnica (prototipo): MiningGeoportalView, miningGeoportalHub.json, presets WMS INGEMMET/MINEM.

ENTREGABLE: evidencia documentada con avance objetivo 20% del módulo.
Periodo: marzo–abril 2026 | Responsable: ARQ (arquitecto / PMO).",Etapa 0 - Pruebas de concepto,E0_MARZO_ABRIL_PoC,Backlog,High,2026-04-06,2026-04-16,"MAPAS,INTEGRACION,ARQUITECTURA,GESTION_PROYECTO",3,E0-M15-F,ARQ-Arquitecto TI / PMO,Etapa 0,E0,,Media,Medio,Arquitectura,20,S6,Abril,Por etapa
PoC: Cumplimiento Territorial [Pro] — Entender necesidades y alcance,"MÓDULO DEL MENÚ: Cumplimiento Territorial [Pro]
Grupo: Territorio y cumplimiento GIS

QUÉ HACE (en simple): Cruce de operaciones activas con polígonos oficiales y semáforo de cumplimiento normativo.

ACTIVIDAD DE ESTA TAREA: Qué problema resuelve este módulo, quién lo usa en mina y qué significa tenerlo al 20%.

Referencia técnica (prototipo): MapViewer compliance, TerritorialCompliancePanel, /api/map/compliance-intersections.

ENTREGABLE: evidencia documentada con avance objetivo 20% del módulo.
Periodo: marzo–abril 2026 | Responsable: ARQ (arquitecto / PMO).",Etapa 0 - Pruebas de concepto,E0_MARZO_ABRIL_PoC,Backlog,High,2026-04-06,2026-04-16,"MAPAS,SEGURIDAD,ARQUITECTURA,GESTION_PROYECTO",3,E0-M16-A,ARQ-Arquitecto TI / PMO,Etapa 0,E0,,Media,Medio,Arquitectura,20,S6,Abril,Por etapa
PoC: Cumplimiento Territorial [Pro] — Investigar referencias y alternativas,"MÓDULO DEL MENÚ: Cumplimiento Territorial [Pro]
Grupo: Territorio y cumplimiento GIS

QUÉ HACE (en simple): Cruce de operaciones activas con polígonos oficiales y semáforo de cumplimiento normativo.

ACTIVIDAD DE ESTA TAREA: Revisar mercado, ThingsBoard, normativa minera y buenas prácticas similares.

Referencia técnica (prototipo): MapViewer compliance, TerritorialCompliancePanel, /api/map/compliance-intersections.

ENTREGABLE: evidencia documentada con avance objetivo 20% del módulo.
Periodo: marzo–abril 2026 | Responsable: ARQ (arquitecto / PMO).",Etapa 0 - Pruebas de concepto,E0_MARZO_ABRIL_PoC,Backlog,High,2026-04-06,2026-04-16,"MAPAS,SEGURIDAD,ARQUITECTURA,GESTION_PROYECTO",3,E0-M16-B,ARQ-Arquitecto TI / PMO,Etapa 0,E0,,Media,Medio,Arquitectura,20,S6,Abril,Por etapa
PoC: Cumplimiento Territorial [Pro] — Entrevistar usuarios y stakeholders,"MÓDULO DEL MENÚ: Cumplimiento Territorial [Pro]
Grupo: Territorio y cumplimiento GIS

QUÉ HACE (en simple): Cruce de operaciones activas con polígonos oficiales y semáforo de cumplimiento normativo.

ACTIVIDAD DE ESTA TAREA: Conversaciones con operaciones, geotecnia, TI, gerencia y mantenimiento.

Referencia técnica (prototipo): MapViewer compliance, TerritorialCompliancePanel, /api/map/compliance-intersections.

ENTREGABLE: evidencia documentada con avance objetivo 20% del módulo.
Periodo: marzo–abril 2026 | Responsable: ARQ (arquitecto / PMO).",Etapa 0 - Pruebas de concepto,E0_MARZO_ABRIL_PoC,Backlog,High,2026-04-06,2026-04-16,"MAPAS,SEGURIDAD,ARQUITECTURA,GESTION_PROYECTO",3,E0-M16-C,ARQ-Arquitecto TI / PMO,Etapa 0,E0,,Media,Medio,Arquitectura,20,S6,Abril,Por etapa
PoC: Cumplimiento Territorial [Pro] — Revisar fuentes del prototipo,"MÓDULO DEL MENÚ: Cumplimiento Territorial [Pro]
Grupo: Territorio y cumplimiento GIS

QUÉ HACE (en simple): Cruce de operaciones activas con polígonos oficiales y semáforo de cumplimiento normativo.

ACTIVIDAD DE ESTA TAREA: Código fuente, APIs, pantallas reales, documentación y datos de prueba existentes.

Referencia técnica (prototipo): MapViewer compliance, TerritorialCompliancePanel, /api/map/compliance-intersections.

ENTREGABLE: evidencia documentada con avance objetivo 20% del módulo.
Periodo: marzo–abril 2026 | Responsable: ARQ (arquitecto / PMO).",Etapa 0 - Pruebas de concepto,E0_MARZO_ABRIL_PoC,Backlog,High,2026-04-06,2026-04-16,"MAPAS,SEGURIDAD,ARQUITECTURA,GESTION_PROYECTO",3,E0-M16-D,ARQ-Arquitecto TI / PMO,Etapa 0,E0,,Media,Medio,Arquitectura,20,S6,Abril,Por etapa
PoC: Cumplimiento Territorial [Pro] — Ejecutar pruebas en el prototipo,"MÓDULO DEL MENÚ: Cumplimiento Territorial [Pro]
Grupo: Territorio y cumplimiento GIS

QUÉ HACE (en simple): Cruce de operaciones activas con polígonos oficiales y semáforo de cumplimiento normativo.

ACTIVIDAD DE ESTA TAREA: Navegar el módulo en la app, registrar bugs, medir tiempos y validar flujos clave.

Referencia técnica (prototipo): MapViewer compliance, TerritorialCompliancePanel, /api/map/compliance-intersections.

ENTREGABLE: evidencia documentada con avance objetivo 20% del módulo.
Periodo: marzo–abril 2026 | Responsable: ARQ (arquitecto / PMO).",Etapa 0 - Pruebas de concepto,E0_MARZO_ABRIL_PoC,Backlog,High,2026-04-06,2026-04-16,"MAPAS,SEGURIDAD,ARQUITECTURA,GESTION_PROYECTO",3,E0-M16-E,ARQ-Arquitecto TI / PMO,Etapa 0,E0,,Media,Medio,Arquitectura,20,S6,Abril,Por etapa
PoC: Cumplimiento Territorial [Pro] — Retroalimentación y cierre al 20%,"MÓDULO DEL MENÚ: Cumplimiento Territorial [Pro]
Grupo: Territorio y cumplimiento GIS

QUÉ HACE (en simple): Cruce de operaciones activas con polígonos oficiales y semáforo de cumplimiento normativo.

ACTIVIDAD DE ESTA TAREA: Acta PoC, lecciones aprendidas, lista de mejoras para Etapa 1 y confirmación 20% avance.

Referencia técnica (prototipo): MapViewer compliance, TerritorialCompliancePanel, /api/map/compliance-intersections.

ENTREGABLE: evidencia documentada con avance objetivo 20% del módulo.
Periodo: marzo–abril 2026 | Responsable: ARQ (arquitecto / PMO).",Etapa 0 - Pruebas de concepto,E0_MARZO_ABRIL_PoC,Backlog,High,2026-04-06,2026-04-16,"MAPAS,SEGURIDAD,ARQUITECTURA,GESTION_PROYECTO",3,E0-M16-F,ARQ-Arquitecto TI / PMO,Etapa 0,E0,,Media,Medio,Arquitectura,20,S6,Abril,Por etapa
PoC: Motor de Fórmula (control de fórmulas) — Entender necesidades y alcance,"MÓDULO DEL MENÚ: Motor de Fórmula (control de fórmulas)
Grupo: Ingeniería y reportabilidad

QUÉ HACE (en simple): Calculadora minera embebida: ejecutar fórmulas técnicas y validar reglas de cálculo.

ACTIVIDAD DE ESTA TAREA: Qué problema resuelve este módulo, quién lo usa en mina y qué significa tenerlo al 20%.

Referencia técnica (prototipo): FormulaEngineEmbed (/formula/index.html), FormulaAnalysisModal en ReportStudio.

ENTREGABLE: evidencia documentada con avance objetivo 20% del módulo.
Periodo: marzo–abril 2026 | Responsable: ARQ (arquitecto / PMO).",Etapa 0 - Pruebas de concepto,E0_MARZO_ABRIL_PoC,Backlog,High,2026-04-06,2026-04-16,"EDITOR_INFORMES,DATOS,ARQUITECTURA,GESTION_PROYECTO",3,E0-M17-A,ARQ-Arquitecto TI / PMO,Etapa 0,E0,,Media,Medio,Arquitectura,20,S6,Abril,Por etapa
PoC: Motor de Fórmula (control de fórmulas) — Investigar referencias y alternativas,"MÓDULO DEL MENÚ: Motor de Fórmula (control de fórmulas)
Grupo: Ingeniería y reportabilidad

QUÉ HACE (en simple): Calculadora minera embebida: ejecutar fórmulas técnicas y validar reglas de cálculo.

ACTIVIDAD DE ESTA TAREA: Revisar mercado, ThingsBoard, normativa minera y buenas prácticas similares.

Referencia técnica (prototipo): FormulaEngineEmbed (/formula/index.html), FormulaAnalysisModal en ReportStudio.

ENTREGABLE: evidencia documentada con avance objetivo 20% del módulo.
Periodo: marzo–abril 2026 | Responsable: ARQ (arquitecto / PMO).",Etapa 0 - Pruebas de concepto,E0_MARZO_ABRIL_PoC,Backlog,High,2026-04-06,2026-04-16,"EDITOR_INFORMES,DATOS,ARQUITECTURA,GESTION_PROYECTO",3,E0-M17-B,ARQ-Arquitecto TI / PMO,Etapa 0,E0,,Media,Medio,Arquitectura,20,S6,Abril,Por etapa
PoC: Motor de Fórmula (control de fórmulas) — Entrevistar usuarios y stakeholders,"MÓDULO DEL MENÚ: Motor de Fórmula (control de fórmulas)
Grupo: Ingeniería y reportabilidad

QUÉ HACE (en simple): Calculadora minera embebida: ejecutar fórmulas técnicas y validar reglas de cálculo.

ACTIVIDAD DE ESTA TAREA: Conversaciones con operaciones, geotecnia, TI, gerencia y mantenimiento.

Referencia técnica (prototipo): FormulaEngineEmbed (/formula/index.html), FormulaAnalysisModal en ReportStudio.

ENTREGABLE: evidencia documentada con avance objetivo 20% del módulo.
Periodo: marzo–abril 2026 | Responsable: ARQ (arquitecto / PMO).",Etapa 0 - Pruebas de concepto,E0_MARZO_ABRIL_PoC,Backlog,High,2026-04-06,2026-04-16,"EDITOR_INFORMES,DATOS,ARQUITECTURA,GESTION_PROYECTO",3,E0-M17-C,ARQ-Arquitecto TI / PMO,Etapa 0,E0,,Media,Medio,Arquitectura,20,S6,Abril,Por etapa
PoC: Motor de Fórmula (control de fórmulas) — Revisar fuentes del prototipo,"MÓDULO DEL MENÚ: Motor de Fórmula (control de fórmulas)
Grupo: Ingeniería y reportabilidad

QUÉ HACE (en simple): Calculadora minera embebida: ejecutar fórmulas técnicas y validar reglas de cálculo.

ACTIVIDAD DE ESTA TAREA: Código fuente, APIs, pantallas reales, documentación y datos de prueba existentes.

Referencia técnica (prototipo): FormulaEngineEmbed (/formula/index.html), FormulaAnalysisModal en ReportStudio.

ENTREGABLE: evidencia documentada con avance objetivo 20% del módulo.
Periodo: marzo–abril 2026 | Responsable: ARQ (arquitecto / PMO).",Etapa 0 - Pruebas de concepto,E0_MARZO_ABRIL_PoC,Backlog,High,2026-04-06,2026-04-16,"EDITOR_INFORMES,DATOS,ARQUITECTURA,GESTION_PROYECTO",3,E0-M17-D,ARQ-Arquitecto TI / PMO,Etapa 0,E0,,Media,Medio,Arquitectura,20,S6,Abril,Por etapa
PoC: Motor de Fórmula (control de fórmulas) — Ejecutar pruebas en el prototipo,"MÓDULO DEL MENÚ: Motor de Fórmula (control de fórmulas)
Grupo: Ingeniería y reportabilidad

QUÉ HACE (en simple): Calculadora minera embebida: ejecutar fórmulas técnicas y validar reglas de cálculo.

ACTIVIDAD DE ESTA TAREA: Navegar el módulo en la app, registrar bugs, medir tiempos y validar flujos clave.

Referencia técnica (prototipo): FormulaEngineEmbed (/formula/index.html), FormulaAnalysisModal en ReportStudio.

ENTREGABLE: evidencia documentada con avance objetivo 20% del módulo.
Periodo: marzo–abril 2026 | Responsable: ARQ (arquitecto / PMO).",Etapa 0 - Pruebas de concepto,E0_MARZO_ABRIL_PoC,Backlog,High,2026-04-06,2026-04-16,"EDITOR_INFORMES,DATOS,ARQUITECTURA,GESTION_PROYECTO",3,E0-M17-E,ARQ-Arquitecto TI / PMO,Etapa 0,E0,,Media,Medio,Arquitectura,20,S6,Abril,Por etapa
PoC: Motor de Fórmula (control de fórmulas) — Retroalimentación y cierre al 20%,"MÓDULO DEL MENÚ: Motor de Fórmula (control de fórmulas)
Grupo: Ingeniería y reportabilidad

QUÉ HACE (en simple): Calculadora minera embebida: ejecutar fórmulas técnicas y validar reglas de cálculo.

ACTIVIDAD DE ESTA TAREA: Acta PoC, lecciones aprendidas, lista de mejoras para Etapa 1 y confirmación 20% avance.

Referencia técnica (prototipo): FormulaEngineEmbed (/formula/index.html), FormulaAnalysisModal en ReportStudio.

ENTREGABLE: evidencia documentada con avance objetivo 20% del módulo.
Periodo: marzo–abril 2026 | Responsable: ARQ (arquitecto / PMO).",Etapa 0 - Pruebas de concepto,E0_MARZO_ABRIL_PoC,Backlog,High,2026-04-06,2026-04-16,"EDITOR_INFORMES,DATOS,ARQUITECTURA,GESTION_PROYECTO",3,E0-M17-F,ARQ-Arquitecto TI / PMO,Etapa 0,E0,,Media,Medio,Arquitectura,20,S6,Abril,Por etapa
PoC: Redactor Técnico — Entender necesidades y alcance,"MÓDULO DEL MENÚ: Redactor Técnico
Grupo: Ingeniería y reportabilidad

QUÉ HACE (en simple): Editor de texto enriquecido para borradores rápidos de novedades y reportes de turno.

ACTIVIDAD DE ESTA TAREA: Qué problema resuelve este módulo, quién lo usa en mina y qué significa tenerlo al 20%.

Referencia técnica (prototipo): RichTextEditor (TipTap), reportes operativos sin plantilla corporativa.

ENTREGABLE: evidencia documentada con avance objetivo 20% del módulo.
Periodo: marzo–abril 2026 | Responsable: ARQ (arquitecto / PMO).",Etapa 0 - Pruebas de concepto,E0_MARZO_ABRIL_PoC,Backlog,High,2026-04-06,2026-04-16,"EDITOR_INFORMES,ARQUITECTURA,GESTION_PROYECTO",3,E0-M18-A,ARQ-Arquitecto TI / PMO,Etapa 0,E0,,Media,Medio,Arquitectura,20,S6,Abril,Por etapa
PoC: Redactor Técnico — Investigar referencias y alternativas,"MÓDULO DEL MENÚ: Redactor Técnico
Grupo: Ingeniería y reportabilidad

QUÉ HACE (en simple): Editor de texto enriquecido para borradores rápidos de novedades y reportes de turno.

ACTIVIDAD DE ESTA TAREA: Revisar mercado, ThingsBoard, normativa minera y buenas prácticas similares.

Referencia técnica (prototipo): RichTextEditor (TipTap), reportes operativos sin plantilla corporativa.

ENTREGABLE: evidencia documentada con avance objetivo 20% del módulo.
Periodo: marzo–abril 2026 | Responsable: ARQ (arquitecto / PMO).",Etapa 0 - Pruebas de concepto,E0_MARZO_ABRIL_PoC,Backlog,High,2026-04-13,2026-04-23,"EDITOR_INFORMES,ARQUITECTURA,GESTION_PROYECTO",3,E0-M18-B,ARQ-Arquitecto TI / PMO,Etapa 0,E0,,Media,Medio,Arquitectura,20,S7,Abril,Por etapa
PoC: Redactor Técnico — Entrevistar usuarios y stakeholders,"MÓDULO DEL MENÚ: Redactor Técnico
Grupo: Ingeniería y reportabilidad

QUÉ HACE (en simple): Editor de texto enriquecido para borradores rápidos de novedades y reportes de turno.

ACTIVIDAD DE ESTA TAREA: Conversaciones con operaciones, geotecnia, TI, gerencia y mantenimiento.

Referencia técnica (prototipo): RichTextEditor (TipTap), reportes operativos sin plantilla corporativa.

ENTREGABLE: evidencia documentada con avance objetivo 20% del módulo.
Periodo: marzo–abril 2026 | Responsable: ARQ (arquitecto / PMO).",Etapa 0 - Pruebas de concepto,E0_MARZO_ABRIL_PoC,Backlog,High,2026-04-13,2026-04-23,"EDITOR_INFORMES,ARQUITECTURA,GESTION_PROYECTO",3,E0-M18-C,ARQ-Arquitecto TI / PMO,Etapa 0,E0,,Media,Medio,Arquitectura,20,S7,Abril,Por etapa
PoC: Redactor Técnico — Revisar fuentes del prototipo,"MÓDULO DEL MENÚ: Redactor Técnico
Grupo: Ingeniería y reportabilidad

QUÉ HACE (en simple): Editor de texto enriquecido para borradores rápidos de novedades y reportes de turno.

ACTIVIDAD DE ESTA TAREA: Código fuente, APIs, pantallas reales, documentación y datos de prueba existentes.

Referencia técnica (prototipo): RichTextEditor (TipTap), reportes operativos sin plantilla corporativa.

ENTREGABLE: evidencia documentada con avance objetivo 20% del módulo.
Periodo: marzo–abril 2026 | Responsable: ARQ (arquitecto / PMO).",Etapa 0 - Pruebas de concepto,E0_MARZO_ABRIL_PoC,Backlog,High,2026-04-13,2026-04-23,"EDITOR_INFORMES,ARQUITECTURA,GESTION_PROYECTO",3,E0-M18-D,ARQ-Arquitecto TI / PMO,Etapa 0,E0,,Media,Medio,Arquitectura,20,S7,Abril,Por etapa
PoC: Redactor Técnico — Ejecutar pruebas en el prototipo,"MÓDULO DEL MENÚ: Redactor Técnico
Grupo: Ingeniería y reportabilidad

QUÉ HACE (en simple): Editor de texto enriquecido para borradores rápidos de novedades y reportes de turno.

ACTIVIDAD DE ESTA TAREA: Navegar el módulo en la app, registrar bugs, medir tiempos y validar flujos clave.

Referencia técnica (prototipo): RichTextEditor (TipTap), reportes operativos sin plantilla corporativa.

ENTREGABLE: evidencia documentada con avance objetivo 20% del módulo.
Periodo: marzo–abril 2026 | Responsable: ARQ (arquitecto / PMO).",Etapa 0 - Pruebas de concepto,E0_MARZO_ABRIL_PoC,Backlog,High,2026-04-13,2026-04-23,"EDITOR_INFORMES,ARQUITECTURA,GESTION_PROYECTO",3,E0-M18-E,ARQ-Arquitecto TI / PMO,Etapa 0,E0,,Media,Medio,Arquitectura,20,S7,Abril,Por etapa
PoC: Redactor Técnico — Retroalimentación y cierre al 20%,"MÓDULO DEL MENÚ: Redactor Técnico
Grupo: Ingeniería y reportabilidad

QUÉ HACE (en simple): Editor de texto enriquecido para borradores rápidos de novedades y reportes de turno.

ACTIVIDAD DE ESTA TAREA: Acta PoC, lecciones aprendidas, lista de mejoras para Etapa 1 y confirmación 20% avance.

Referencia técnica (prototipo): RichTextEditor (TipTap), reportes operativos sin plantilla corporativa.

ENTREGABLE: evidencia documentada con avance objetivo 20% del módulo.
Periodo: marzo–abril 2026 | Responsable: ARQ (arquitecto / PMO).",Etapa 0 - Pruebas de concepto,E0_MARZO_ABRIL_PoC,Backlog,High,2026-04-13,2026-04-23,"EDITOR_INFORMES,ARQUITECTURA,GESTION_PROYECTO",3,E0-M18-F,ARQ-Arquitecto TI / PMO,Etapa 0,E0,,Media,Medio,Arquitectura,20,S7,Abril,Por etapa
PoC: Informe Técnico [Beta] — Entender necesidades y alcance,"MÓDULO DEL MENÚ: Informe Técnico [Beta]
Grupo: Ingeniería y reportabilidad

QUÉ HACE (en simple): Prototipo del editor avanzado de informes: páginas, bloques, exportación básica.

ACTIVIDAD DE ESTA TAREA: Qué problema resuelve este módulo, quién lo usa en mina y qué significa tenerlo al 20%.

Referencia técnica (prototipo): ReportStudioV2: biblioteca bloques, ribbon, workflow demo, export PDF/DOCX parcial.

ENTREGABLE: evidencia documentada con avance objetivo 20% del módulo.
Periodo: marzo–abril 2026 | Responsable: ARQ (arquitecto / PMO).",Etapa 0 - Pruebas de concepto,E0_MARZO_ABRIL_PoC,Backlog,High,2026-04-13,2026-04-23,"EDITOR_INFORMES,EXPORTACION,ARQUITECTURA,GESTION_PROYECTO",3,E0-M19-A,ARQ-Arquitecto TI / PMO,Etapa 0,E0,,Media,Medio,Arquitectura,20,S7,Abril,Por etapa
PoC: Informe Técnico [Beta] — Investigar referencias y alternativas,"MÓDULO DEL MENÚ: Informe Técnico [Beta]
Grupo: Ingeniería y reportabilidad

QUÉ HACE (en simple): Prototipo del editor avanzado de informes: páginas, bloques, exportación básica.

ACTIVIDAD DE ESTA TAREA: Revisar mercado, ThingsBoard, normativa minera y buenas prácticas similares.

Referencia técnica (prototipo): ReportStudioV2: biblioteca bloques, ribbon, workflow demo, export PDF/DOCX parcial.

ENTREGABLE: evidencia documentada con avance objetivo 20% del módulo.
Periodo: marzo–abril 2026 | Responsable: ARQ (arquitecto / PMO).",Etapa 0 - Pruebas de concepto,E0_MARZO_ABRIL_PoC,Backlog,High,2026-04-13,2026-04-23,"EDITOR_INFORMES,EXPORTACION,ARQUITECTURA,GESTION_PROYECTO",3,E0-M19-B,ARQ-Arquitecto TI / PMO,Etapa 0,E0,,Media,Medio,Arquitectura,20,S7,Abril,Por etapa
PoC: Informe Técnico [Beta] — Entrevistar usuarios y stakeholders,"MÓDULO DEL MENÚ: Informe Técnico [Beta]
Grupo: Ingeniería y reportabilidad

QUÉ HACE (en simple): Prototipo del editor avanzado de informes: páginas, bloques, exportación básica.

ACTIVIDAD DE ESTA TAREA: Conversaciones con operaciones, geotecnia, TI, gerencia y mantenimiento.

Referencia técnica (prototipo): ReportStudioV2: biblioteca bloques, ribbon, workflow demo, export PDF/DOCX parcial.

ENTREGABLE: evidencia documentada con avance objetivo 20% del módulo.
Periodo: marzo–abril 2026 | Responsable: ARQ (arquitecto / PMO).",Etapa 0 - Pruebas de concepto,E0_MARZO_ABRIL_PoC,Backlog,High,2026-04-13,2026-04-23,"EDITOR_INFORMES,EXPORTACION,ARQUITECTURA,GESTION_PROYECTO",3,E0-M19-C,ARQ-Arquitecto TI / PMO,Etapa 0,E0,,Media,Medio,Arquitectura,20,S7,Abril,Por etapa
PoC: Informe Técnico [Beta] — Revisar fuentes del prototipo,"MÓDULO DEL MENÚ: Informe Técnico [Beta]
Grupo: Ingeniería y reportabilidad

QUÉ HACE (en simple): Prototipo del editor avanzado de informes: páginas, bloques, exportación básica.

ACTIVIDAD DE ESTA TAREA: Código fuente, APIs, pantallas reales, documentación y datos de prueba existentes.

Referencia técnica (prototipo): ReportStudioV2: biblioteca bloques, ribbon, workflow demo, export PDF/DOCX parcial.

ENTREGABLE: evidencia documentada con avance objetivo 20% del módulo.
Periodo: marzo–abril 2026 | Responsable: ARQ (arquitecto / PMO).",Etapa 0 - Pruebas de concepto,E0_MARZO_ABRIL_PoC,Backlog,High,2026-04-13,2026-04-23,"EDITOR_INFORMES,EXPORTACION,ARQUITECTURA,GESTION_PROYECTO",3,E0-M19-D,ARQ-Arquitecto TI / PMO,Etapa 0,E0,,Media,Medio,Arquitectura,20,S7,Abril,Por etapa
PoC: Informe Técnico [Beta] — Ejecutar pruebas en el prototipo,"MÓDULO DEL MENÚ: Informe Técnico [Beta]
Grupo: Ingeniería y reportabilidad

QUÉ HACE (en simple): Prototipo del editor avanzado de informes: páginas, bloques, exportación básica.

ACTIVIDAD DE ESTA TAREA: Navegar el módulo en la app, registrar bugs, medir tiempos y validar flujos clave.

Referencia técnica (prototipo): ReportStudioV2: biblioteca bloques, ribbon, workflow demo, export PDF/DOCX parcial.

ENTREGABLE: evidencia documentada con avance objetivo 20% del módulo.
Periodo: marzo–abril 2026 | Responsable: ARQ (arquitecto / PMO).",Etapa 0 - Pruebas de concepto,E0_MARZO_ABRIL_PoC,Backlog,High,2026-04-13,2026-04-23,"EDITOR_INFORMES,EXPORTACION,ARQUITECTURA,GESTION_PROYECTO",3,E0-M19-E,ARQ-Arquitecto TI / PMO,Etapa 0,E0,,Media,Medio,Arquitectura,20,S7,Abril,Por etapa
PoC: Informe Técnico [Beta] — Retroalimentación y cierre al 20%,"MÓDULO DEL MENÚ: Informe Técnico [Beta]
Grupo: Ingeniería y reportabilidad

QUÉ HACE (en simple): Prototipo del editor avanzado de informes: páginas, bloques, exportación básica.

ACTIVIDAD DE ESTA TAREA: Acta PoC, lecciones aprendidas, lista de mejoras para Etapa 1 y confirmación 20% avance.

Referencia técnica (prototipo): ReportStudioV2: biblioteca bloques, ribbon, workflow demo, export PDF/DOCX parcial.

ENTREGABLE: evidencia documentada con avance objetivo 20% del módulo.
Periodo: marzo–abril 2026 | Responsable: ARQ (arquitecto / PMO).",Etapa 0 - Pruebas de concepto,E0_MARZO_ABRIL_PoC,Backlog,High,2026-04-13,2026-04-23,"EDITOR_INFORMES,EXPORTACION,ARQUITECTURA,GESTION_PROYECTO",3,E0-M19-F,ARQ-Arquitecto TI / PMO,Etapa 0,E0,,Media,Medio,Arquitectura,20,S7,Abril,Por etapa
PoC: Contexto minero y barra regional — Entender necesidades y alcance,"MÓDULO DEL MENÚ: Contexto minero y barra regional
Grupo: Plataforma

QUÉ HACE (en simple): Selector de mina/unidad/país visible en toda la plataforma para multi-sede.

ACTIVIDAD DE ESTA TAREA: Qué problema resuelve este módulo, quién lo usa en mina y qué significa tenerlo al 20%.

Referencia técnica (prototipo): PlatformRegionBar, contexto tenant, idioma y navegación por chips de menú.

ENTREGABLE: evidencia documentada con avance objetivo 20% del módulo.
Periodo: marzo–abril 2026 | Responsable: ARQ (arquitecto / PMO).",Etapa 0 - Pruebas de concepto,E0_MARZO_ABRIL_PoC,Backlog,High,2026-04-13,2026-04-23,"ARQUITECTURA,EXPERIENCIA_USUARIO,ARQUITECTURA,GESTION_PROYECTO",3,E0-M20-A,ARQ-Arquitecto TI / PMO,Etapa 0,E0,,Media,Medio,Arquitectura,20,S7,Abril,Por etapa
PoC: Contexto minero y barra regional — Investigar referencias y alternativas,"MÓDULO DEL MENÚ: Contexto minero y barra regional
Grupo: Plataforma

QUÉ HACE (en simple): Selector de mina/unidad/país visible en toda la plataforma para multi-sede.

ACTIVIDAD DE ESTA TAREA: Revisar mercado, ThingsBoard, normativa minera y buenas prácticas similares.

Referencia técnica (prototipo): PlatformRegionBar, contexto tenant, idioma y navegación por chips de menú.

ENTREGABLE: evidencia documentada con avance objetivo 20% del módulo.
Periodo: marzo–abril 2026 | Responsable: ARQ (arquitecto / PMO).",Etapa 0 - Pruebas de concepto,E0_MARZO_ABRIL_PoC,Backlog,High,2026-04-13,2026-04-23,"ARQUITECTURA,EXPERIENCIA_USUARIO,ARQUITECTURA,GESTION_PROYECTO",3,E0-M20-B,ARQ-Arquitecto TI / PMO,Etapa 0,E0,,Media,Medio,Arquitectura,20,S7,Abril,Por etapa
PoC: Contexto minero y barra regional — Entrevistar usuarios y stakeholders,"MÓDULO DEL MENÚ: Contexto minero y barra regional
Grupo: Plataforma

QUÉ HACE (en simple): Selector de mina/unidad/país visible en toda la plataforma para multi-sede.

ACTIVIDAD DE ESTA TAREA: Conversaciones con operaciones, geotecnia, TI, gerencia y mantenimiento.

Referencia técnica (prototipo): PlatformRegionBar, contexto tenant, idioma y navegación por chips de menú.

ENTREGABLE: evidencia documentada con avance objetivo 20% del módulo.
Periodo: marzo–abril 2026 | Responsable: ARQ (arquitecto / PMO).",Etapa 0 - Pruebas de concepto,E0_MARZO_ABRIL_PoC,Backlog,High,2026-04-13,2026-04-23,"ARQUITECTURA,EXPERIENCIA_USUARIO,ARQUITECTURA,GESTION_PROYECTO",3,E0-M20-C,ARQ-Arquitecto TI / PMO,Etapa 0,E0,,Media,Medio,Arquitectura,20,S7,Abril,Por etapa
PoC: Contexto minero y barra regional — Revisar fuentes del prototipo,"MÓDULO DEL MENÚ: Contexto minero y barra regional
Grupo: Plataforma

QUÉ HACE (en simple): Selector de mina/unidad/país visible en toda la plataforma para multi-sede.

ACTIVIDAD DE ESTA TAREA: Código fuente, APIs, pantallas reales, documentación y datos de prueba existentes.

Referencia técnica (prototipo): PlatformRegionBar, contexto tenant, idioma y navegación por chips de menú.

ENTREGABLE: evidencia documentada con avance objetivo 20% del módulo.
Periodo: marzo–abril 2026 | Responsable: ARQ (arquitecto / PMO).",Etapa 0 - Pruebas de concepto,E0_MARZO_ABRIL_PoC,Backlog,High,2026-04-13,2026-04-23,"ARQUITECTURA,EXPERIENCIA_USUARIO,ARQUITECTURA,GESTION_PROYECTO",3,E0-M20-D,ARQ-Arquitecto TI / PMO,Etapa 0,E0,,Media,Medio,Arquitectura,20,S7,Abril,Por etapa
PoC: Contexto minero y barra regional — Ejecutar pruebas en el prototipo,"MÓDULO DEL MENÚ: Contexto minero y barra regional
Grupo: Plataforma

QUÉ HACE (en simple): Selector de mina/unidad/país visible en toda la plataforma para multi-sede.

ACTIVIDAD DE ESTA TAREA: Navegar el módulo en la app, registrar bugs, medir tiempos y validar flujos clave.

Referencia técnica (prototipo): PlatformRegionBar, contexto tenant, idioma y navegación por chips de menú.

ENTREGABLE: evidencia documentada con avance objetivo 20% del módulo.
Periodo: marzo–abril 2026 | Responsable: ARQ (arquitecto / PMO).",Etapa 0 - Pruebas de concepto,E0_MARZO_ABRIL_PoC,Backlog,High,2026-04-13,2026-04-23,"ARQUITECTURA,EXPERIENCIA_USUARIO,ARQUITECTURA,GESTION_PROYECTO",3,E0-M20-E,ARQ-Arquitecto TI / PMO,Etapa 0,E0,,Media,Medio,Arquitectura,20,S7,Abril,Por etapa
PoC: Contexto minero y barra regional — Retroalimentación y cierre al 20%,"MÓDULO DEL MENÚ: Contexto minero y barra regional
Grupo: Plataforma

QUÉ HACE (en simple): Selector de mina/unidad/país visible en toda la plataforma para multi-sede.

ACTIVIDAD DE ESTA TAREA: Acta PoC, lecciones aprendidas, lista de mejoras para Etapa 1 y confirmación 20% avance.

Referencia técnica (prototipo): PlatformRegionBar, contexto tenant, idioma y navegación por chips de menú.

ENTREGABLE: evidencia documentada con avance objetivo 20% del módulo.
Periodo: marzo–abril 2026 | Responsable: ARQ (arquitecto / PMO).",Etapa 0 - Pruebas de concepto,E0_MARZO_ABRIL_PoC,Backlog,High,2026-04-13,2026-04-23,"ARQUITECTURA,EXPERIENCIA_USUARIO,ARQUITECTURA,GESTION_PROYECTO",3,E0-M20-F,ARQ-Arquitecto TI / PMO,Etapa 0,E0,,Media,Medio,Arquitectura,20,S7,Abril,Por etapa
Reunión de Kick-off con accionistas y Gerencia Minera,"Presentación del proyecto, alcance SOW, equipo, cronograma y expectativas de entregables ante Directorio y Gerencia Operacional.",Etapa 1 - Plataforma Reportabilidad,MES1_JUNIO_Analisis_Arquitectura,Backlog,Urgent,2026-06-01,2026-07-03,"ARQUITECTURA,CRITICO",8,P1-M1-001,ARQ-Arquitecto TI / PMO,Etapa 1,R1,,Baja,Bajo,Arquitectura,0,S1,Junio,Por etapa
Aprobar documento de definición de alcance (SOW),"Revisión, ajuste y firma formal del Statement of Work con todas las partes interesadas.",Etapa 1 - Plataforma Reportabilidad,MES1_JUNIO_Analisis_Arquitectura,Backlog,Urgent,2026-06-01,2026-07-03,"ARQUITECTURA,DOCUMENTACION,CRITICO",16,P1-M1-002,ARQ-Arquitecto TI / PMO,Etapa 1,R1,P1-M1-001,Baja,Alto,Arquitectura,0,S1,Junio,Por etapa
Levantamiento funcional para sistema de informes mineros avanzados,"Entrevistas con ingenieros de mina, supervisores y gerencia para capturar requisitos funcionales del módulo de reportabilidad.",Etapa 1 - Plataforma Reportabilidad,MES1_JUNIO_Analisis_Arquitectura,Backlog,High,2026-06-01,2026-07-03,"ARQUITECTURA,DOCUMENTACION",40,P1-M1-003,"FRONTEND 1, ARQ-Arquitecto TI / PMO",Etapa 1,R1,P1-M1-001,Media,Medio,Arquitectura,0,S1,Junio,Por etapa
"Definir requerimientos no funcionales (latencia, concurrencia)","Documentar NFRs: latencia <20ms, 10K sensores concurrentes, disponibilidad 99.9%, auto-guardado <0.5s.",Etapa 1 - Plataforma Reportabilidad,MES1_JUNIO_Analisis_Arquitectura,Backlog,High,2026-06-01,2026-07-03,"ARQUITECTURA,CRITICO",20,P1-M1-004,"BACKEND 1, ARQ-Arquitecto TI / PMO",Etapa 1,R1,P1-M1-003,Media,Alto,Arquitectura,0,S1,Junio,Por etapa
"Seleccionar y validar frameworks (C++ Boost, React 18, FastAPI)","Evaluación técnica y PoC de stack: C++ Boost.Asio, React 18 + TipTap, PostgreSQL/TimescaleDB, Redpanda.",Etapa 1 - Plataforma Reportabilidad,MES1_JUNIO_Analisis_Arquitectura,Backlog,High,2026-06-01,2026-07-03,"ARQUITECTURA,DATOS",36,P1-M1-005,"BACKEND 1, FRONTEND 1, ARQ-Arquitecto TI / PMO",Etapa 1,R1,P1-M1-004,Alta,Medio,Arquitectura,0,S1,Junio,Por etapa
"Definir flujos de autenticación, autorización y roles","Diseño de flujos JWT, OAuth2, RBAC multi-tenant, biometría facial para acceso a informes.",Etapa 1 - Plataforma Reportabilidad,MES1_JUNIO_Analisis_Arquitectura,Backlog,High,2026-06-30,2026-10-02,"SEGURIDAD,ARQUITECTURA",28,P1-M1-006,"BACKEND 1, BACKEND 2, ARQ-Arquitecto TI / PMO",Etapa 1,R1,P1-M1-003,Alta,Alto,Arquitectura,0,S5,Junio,Por etapa
Modelar base de datos para informes mineros (JSONB),"Diseño de esquema PostgreSQL con JSONB para estructura granular de informes, versionamiento y auditoría.",Etapa 1 - Plataforma Reportabilidad,MES1_JUNIO_Analisis_Arquitectura,Backlog,High,2026-06-30,2026-11-06,"DATOS,ARQUITECTURA",32,P1-M1-007,"BACKEND 1, ARQ-Arquitecto TI / PMO",Etapa 1,R1,P1-M1-004,Alta,Alto,Backend,0,S5,Junio,Por etapa
Modelar ERD de usuarios y flujos de aprobación,"Diagrama entidad-relación completo: usuarios, roles, permisos, workflows de aprobación de informes.",Etapa 1 - Plataforma Reportabilidad,MES1_JUNIO_Analisis_Arquitectura,Backlog,Normal,2026-06-01,2026-07-03,"DATOS,ARQUITECTURA",15,P1-M1-008,"BACKEND 1, ARQ-Arquitecto TI / PMO",Etapa 1,R1,P1-M1-007,Media,Medio,Backend,0,S1,Junio,Por etapa
Diseñar esquema multi-tenant (aislamiento por compañía/contratista),Arquitectura de aislamiento de datos por empresa minera y contratista con particionamiento lógico.,Etapa 1 - Plataforma Reportabilidad,MES1_JUNIO_Analisis_Arquitectura,Backlog,High,2026-08-31,2026-11-06,"DATOS,ARQUITECTURA,SEGURIDAD",27,P1-M1-009,"BACKEND 1, ARQ-Arquitecto TI / PMO",Etapa 1,R1,P1-M1-007,Alta,Alto,Arquitectura,0,S14,Agosto,Por etapa
Definir particiones automáticas en TimescaleDB para telemetría,"Diseño de hypertables, políticas de retención y compresión para datos de sensores IoT.",Etapa 1 - Plataforma Reportabilidad,MES1_JUNIO_Analisis_Arquitectura,Backlog,High,2026-06-01,2026-07-03,"DATOS,SENSORES",15,P1-M1-010,"BACKEND 1, ARQ-Arquitecto TI / PMO",Etapa 1,R1,P1-M1-007,Alta,Medio,Backend,0,S1,Junio,Por etapa
Auditar sistemas legacy actuales en mina,"Relevamiento de interfaces actuales, formatos de datos, APIs existentes y puntos de integración.",Etapa 1 - Plataforma Reportabilidad,MES1_JUNIO_Analisis_Arquitectura,Backlog,Normal,2026-06-30,2026-11-06,"ARQUITECTURA,DOCUMENTACION",32,P1-M1-011,"BACKEND 3, ARQ-Arquitecto TI / PMO",Etapa 1,R1,P1-M1-003,Media,Medio,Arquitectura,0,S5,Junio,Por etapa
Elaborar y presentar documentos de diseño de backend,"Documentación técnica de APIs, diagramas de secuencia, contratos de servicio y patrones de diseño.",Etapa 1 - Plataforma Reportabilidad,MES1_JUNIO_Analisis_Arquitectura,Backlog,Normal,2026-06-30,2026-11-30,"ARQUITECTURA,DOCUMENTACION,DATOS",28,P1-M1-012,"BACKEND 1, ARQ-Arquitecto TI / PMO",Etapa 1,R1,P1-M1-005,Media,Bajo,Backend,0,S5,Junio,Por etapa
Análisis heurístico de las interfaces antiguas,Evaluación UX de sistemas legacy para identificar pain points y oportunidades de mejora.,Etapa 1 - Plataforma Reportabilidad,MES1_JUNIO_Analisis_Arquitectura,Backlog,Normal,2026-06-01,2026-07-03,"EXPERIENCIA_USUARIO,DOCUMENTACION",14,P1-M1-013,FRONTEND 1,Etapa 1,R1,P1-M1-003,Baja,Bajo,Frontend,0,S1,Junio,Por etapa
Crear guía de estilos de negocio (Design System minero),"Definición de paleta, tipografía, componentes, iconografía y guidelines para la plataforma.",Etapa 1 - Plataforma Reportabilidad,MES1_JUNIO_Analisis_Arquitectura,Backlog,Normal,2026-06-01,2026-07-03,"EXPERIENCIA_USUARIO,DOCUMENTACION",16,P1-M1-014,FRONTEND 1,Etapa 1,R1,P1-M1-013,Media,Bajo,Frontend,0,S1,Junio,Por etapa
Wireframes low-fidelity: login y control de acceso,"Bocetos iniciales de pantallas de login, recuperación de contraseña y selección de roles.",Etapa 1 - Plataforma Reportabilidad,MES1_JUNIO_Analisis_Arquitectura,Backlog,Normal,2026-06-01,2026-07-03,EXPERIENCIA_USUARIO,14,P1-M1-015,FRONTEND 1,Etapa 1,R1,P1-M1-014,Baja,Bajo,Frontend,0,S1,Junio,Por etapa
Wireframes: dashboard general e indicadores de telemetría (KPIs),"Diseño de dashboard principal con widgets de KPIs operacionales, alertas y tendencias.",Etapa 1 - Plataforma Reportabilidad,MES1_JUNIO_Analisis_Arquitectura,Backlog,Normal,2026-06-01,2026-07-03,"EXPERIENCIA_USUARIO,SENSORES",14,P1-M1-016,FRONTEND 1,Etapa 1,R1,P1-M1-014,Media,Bajo,Frontend,0,S1,Junio,Por etapa
Wireframes: editor de reportes técnicos avanzados (ReportStudio),"Prototipo del ReportStudio: toolbar, formato, tablas, imágenes, reglas horizontales, firma digital, auto-guardado.",Etapa 1 - Plataforma Reportabilidad,MES1_JUNIO_Analisis_Arquitectura,Backlog,High,2026-06-01,2026-07-03,"EXPERIENCIA_USUARIO,EXPORTACION,EDITOR_INFORMES",16,P1-M1-017,FRONTEND 1,Etapa 1,R1,P1-M1-014,Alta,Medio,Frontend,0,S1,Junio,Por etapa
Aprobación gerencial de arquitectura y documentos de diseño,"Presentación formal y aprobación de diseño técnico, stack tecnológico y plan de ejecución.",Etapa 1 - Plataforma Reportabilidad,MES1_JUNIO_Analisis_Arquitectura,Backlog,Urgent,2026-06-01,2026-07-03,"ARQUITECTURA,CRITICO,DOCUMENTACION",8,P1-M1-018,ARQ-Arquitecto TI / PMO,Etapa 1,R1,P1-M1-012,Baja,Alto,Arquitectura,0,S1,Junio,Por etapa
Configurar registro automatico de cambios en la base de datos (auditoria),"Crear mecanismos en la base de datos que registren automaticamente cuando alguien modifica, elimina o accede a informacion sensible: quien hizo el cambio, cuando, y que datos se modificaron. Esencial para cumplimiento normativo minero.",Etapa 1 - Plataforma Reportabilidad,MES1_JUNIO_Analisis_Arquitectura,Backlog,Normal,2026-06-01,2026-07-03,"DATOS,SEGURIDAD",11,P1-M1-019,"BACKEND 1, ARQ-Arquitecto TI / PMO",Etapa 1,R1,P1-M1-008,Media,Medio,Backend,0,S1,Junio,Por etapa
"Documentar módulos (informes, autorizaciones)",Especificación funcional detallada de cada módulo del sistema de reportabilidad.,Etapa 1 - Plataforma Reportabilidad,MES1_JUNIO_Analisis_Arquitectura,Backlog,Normal,2026-06-30,2026-11-06,"DOCUMENTACION,ARQUITECTURA",21,P1-M1-020,"BACKEND 1, ARQ-Arquitecto TI / PMO",Etapa 1,R1,P1-M1-012,Media,Bajo,Arquitectura,0,S5,Junio,Por etapa
Inicializar repositorio C++ (CMakeLists y vcpkg),"Setup del proyecto C++ con CMake, vcpkg, estructura de directorios, CI local y compilación base.",Etapa 1 - Plataforma Reportabilidad,MES2_JULIO_Core_Seguridad,Backlog,Urgent,2026-06-30,2026-07-31,"DATOS,INFRAESTRUCTURA",11,P1-M2-001,"BACKEND 1, ARQ-Arquitecto TI / PMO",Etapa 1,R2,P1-M1-005,Media,Bajo,Backend,0,S5,Junio,Por etapa
Desarrollar estructuras de red nativas con Boost.Asio,Construccion del modulo de comunicaciones de red de alta velocidad que permite al sistema enviar y recibir datos de sensores en milisegundos.,Etapa 1 - Plataforma Reportabilidad,MES2_JULIO_Core_Seguridad,Backlog,Urgent,2026-06-30,2026-07-31,"DATOS,CRITICO",32,P1-M2-002,"BACKEND 1, BACKEND 2, ARQ-Arquitecto TI / PMO",Etapa 1,R2,P1-M2-001,Alta,Alto,Backend,0,S5,Junio,Por etapa
Crear servidor de comunicacion en tiempo real (WebSocket),Servidor que permite enviar actualizaciones instantaneas a las pantallas de los usuarios sin que tengan que refrescar la pagina.,Etapa 1 - Plataforma Reportabilidad,MES2_JULIO_Core_Seguridad,Backlog,Urgent,2026-06-30,2026-07-31,"DATOS,CRITICO",39,P1-M2-003,"BACKEND 1, BACKEND 2, FRONTEND 1, ARQ-Arquitecto TI / PMO",Etapa 1,R2,P1-M2-002,Alta,Alto,Backend,0,S5,Junio,Por etapa
Optimizar formato de envio de datos de sensores (compresion ligera),"Crear un formato compacto para enviar datos de sensores que consuma el minimo de ancho de banda, especialmente importante en zonas de mina con conexion limitada.",Etapa 1 - Plataforma Reportabilidad,MES2_JULIO_Core_Seguridad,Backlog,High,2026-06-30,2026-07-31,"DATOS,SENSORES",27,P1-M2-004,"BACKEND 1, BACKEND 3, ARQ-Arquitecto TI / PMO",Etapa 1,R2,P1-M2-002,Alta,Medio,Backend,0,S5,Junio,Por etapa
"Implementar endpoints REST: autorización, revisión y firmas","API REST completa para CRUD de informes, flujo de aprobación y firma digital.",Etapa 1 - Plataforma Reportabilidad,MES2_JULIO_Core_Seguridad,Backlog,Urgent,2026-06-30,2026-07-31,"DATOS,SEGURIDAD",43,P1-M2-005,"BACKEND 1, BACKEND 2, BACKEND 3, ARQ-Arquitecto TI / PMO",Etapa 1,R2,P1-M2-003,Alta,Alto,Backend,0,S5,Junio,Por etapa
Implementar sistema de login seguro con tokens cifrados,Sistema de autenticacion donde cada usuario recibe un token cifrado al ingresar. El token se renueva automaticamente y garantiza que solo usuarios autorizados accedan al sistema.,Etapa 1 - Plataforma Reportabilidad,MES2_JULIO_Core_Seguridad,Backlog,Urgent,2026-06-30,2026-07-31,"SEGURIDAD,DATOS,CRITICO",36,P1-M2-006,"BACKEND 2, FRONTEND 1",Etapa 1,R2,P1-M1-006,Alta,Alto,Backend,0,S5,Junio,Por etapa
Conectar el motor del sistema con la base de datos PostgreSQL,"Establecer la conexion entre el servidor C++ y la base de datos, con multiples conexiones simultaneas para alto rendimiento.",Etapa 1 - Plataforma Reportabilidad,MES2_JULIO_Core_Seguridad,Backlog,High,2026-06-30,2026-07-31,DATOS,15,P1-M2-007,"BACKEND 1, ARQ-Arquitecto TI / PMO",Etapa 1,R2,P1-M2-001,Media,Medio,Backend,0,S5,Junio,Por etapa
Crear servicio para guardar y recuperar informes con historial de cambios,"Servicio que permite guardar cada version de un informe, recuperar versiones anteriores y rastrear quien hizo cada cambio.",Etapa 1 - Plataforma Reportabilidad,MES2_JULIO_Core_Seguridad,Backlog,High,2026-06-30,2026-07-03,"DATOS,EDITOR_INFORMES",21,P1-M2-008,"BACKEND 1, ARQ-Arquitecto TI / PMO",Etapa 1,R2,P1-M2-007,Alta,Medio,Backend,0,S5,Junio,Por etapa
Crear proceso de importacion de datos desde sistemas antiguos de la mina,"Proceso automatizado que extrae datos de los sistemas actuales de la mina, los transforma al nuevo formato y los carga en la base de datos de la plataforma.",Etapa 1 - Plataforma Reportabilidad,MES2_JULIO_Core_Seguridad,Backlog,High,2026-06-30,2026-07-31,DATOS,26,P1-M2-009,"BACKEND 1, ARQ-Arquitecto TI / PMO",Etapa 1,R2,P1-M2-007,Alta,Alto,Backend,0,S5,Junio,Por etapa
Sincronizacion continua de base de datos con plataforma AWS actual,Modulo que lee en tiempo real la base de datos de la plataforma minera actual (alojada en AWS) y sincroniza los datos hacia la nueva base de datos en el datacenter VPS Lima. Esta es la UNICA conexion con AWS: lectura continua de datos para mantener ambas plataformas sincronizadas durante la transicion.,Etapa 1 - Plataforma Reportabilidad,MES2_JULIO_Core_Seguridad,Backlog,High,2026-06-30,2026-07-03,"DATOS,CRITICO",32,P1-M2-010,"BACKEND 1, BACKEND 2, ARQ-Arquitecto TI / PMO",Etapa 1,R2,P1-M2-009,Alta,Alto,Backend,0,S5,Junio,Por etapa
Modulo de recepcion y procesamiento de datos de sensores en tiempo real,"Componente que recibe continuamente datos de los sensores de la mina (temperatura, presion, vibracion) y los procesa al instante para mostrar en pantalla y generar alertas.",Etapa 1 - Plataforma Reportabilidad,MES2_JULIO_Core_Seguridad,Backlog,High,2026-06-30,2026-07-31,"DATOS,SENSORES,CRITICO",32,P1-M2-011,"BACKEND 1, BACKEND 3, ARQ-Arquitecto TI / PMO",Etapa 1,R2,P1-M2-003,Alta,Alto,Backend,0,S5,Junio,Por etapa
Manejo de cortes de conexion en zonas de mina con red inestable,"El sistema se reconecta automaticamente cuando se pierde la senal, guarda los datos pendientes y los envia cuando la conexion regresa.",Etapa 1 - Plataforma Reportabilidad,MES2_JULIO_Core_Seguridad,Backlog,High,2026-06-30,2026-07-31,"DATOS,SENSORES",27,P1-M2-012,"BACKEND 1, BACKEND 3, ARQ-Arquitecto TI / PMO",Etapa 1,R2,P1-M2-003,Alta,Alto,Backend,0,S5,Junio,Por etapa
"Cargar catalogos de personal, zonas y equipos en el ambiente de pruebas","Importar al ambiente de pruebas toda la informacion base de la operacion minera: listado de trabajadores, zonas geograficas de la mina, inventario de equipos y maquinaria. Esta informacion es necesaria para que el sistema funcione con datos reales.",Etapa 1 - Plataforma Reportabilidad,MES2_JULIO_Core_Seguridad,Backlog,Normal,2026-06-30,2026-07-31,DATOS,15,P1-M2-013,"BACKEND 1, ARQ-Arquitecto TI / PMO",Etapa 1,R2,P1-M2-009,Media,Medio,Backend,0,S5,Junio,Por etapa
"Disenar estructura de base de datos para almacenar formato de informes (fuentes, colores, reglas)","Crear la estructura en la base de datos que guarda todo el formato de los informes: tipo de letra, tamano, negritas, colores de texto y fondo, reglas horizontales, alineacion. Permite que el informe se vea identico cada vez que se abre.",Etapa 1 - Plataforma Reportabilidad,MES2_JULIO_Core_Seguridad,Backlog,Urgent,2026-08-31,2026-10-02,"DATOS,EDITOR_INFORMES,CRITICO",21,P1-M2-014,"BACKEND 1, ARQ-Arquitecto TI / PMO",Etapa 1,R2,P1-M1-007,Alta,Alto,Backend,0,S14,Agosto,Por etapa
Servicio de guardado automatico del informe (auto-save cada pocos segundos),"El sistema guarda automaticamente los cambios del informe cada pocos segundos, enviando solo lo que cambio (no todo el documento). Si dos personas editan al mismo tiempo, detecta y resuelve conflictos. Tiempo de guardado menor a medio segundo.",Etapa 1 - Plataforma Reportabilidad,MES2_JULIO_Core_Seguridad,Backlog,Urgent,2026-09-28,2026-11-06,"DATOS,EDITOR_INFORMES,CRITICO",21,P1-M2-015,"BACKEND 1, ARQ-Arquitecto TI / PMO",Etapa 1,R2,P1-M2-008,Alta,Alto,Backend,0,S18,Septiembre,Por etapa
Sistema de historial de versiones del informe con comparador de cambios,"Cada vez que se guarda un informe se crea una nueva version con nombre del autor y fecha. Permite comparar dos versiones y ver exactamente que se agrego, elimino o modifico (texto en verde = nuevo, rojo = eliminado).",Etapa 1 - Plataforma Reportabilidad,MES2_JULIO_Core_Seguridad,Backlog,High,2026-06-30,2026-07-03,"DATOS,EDITOR_INFORMES",27,P1-M2-016,"BACKEND 1, BACKEND 3, ARQ-Arquitecto TI / PMO",Etapa 1,R2,P1-M2-008,Alta,Medio,Backend,0,S5,Junio,Por etapa
Bloqueo de informe cuando alguien lo esta editando (evitar sobreescrituras),"Cuando un usuario abre un informe para editar, el sistema lo bloquea para otros usuarios. Se muestra quien esta editando. Si el usuario se desconecta, el bloqueo se libera automaticamente.",Etapa 1 - Plataforma Reportabilidad,MES2_JULIO_Core_Seguridad,Backlog,High,2026-08-03,2026-09-04,"DATOS,EDITOR_INFORMES",20,P1-M2-017,"BACKEND 1, BACKEND 3, ARQ-Arquitecto TI / PMO",Etapa 1,R2,P1-M2-003,Alta,Alto,Backend,0,S10,Agosto,Por etapa
Cifrado de datos confidenciales almacenados en la base de datos,"Los informes marcados como confidenciales y los datos biometricos se guardan cifrados en la base de datos. Si alguien accede directamente a la base de datos, no podra leer el contenido sin la clave.",Etapa 1 - Plataforma Reportabilidad,MES2_JULIO_Core_Seguridad,Backlog,High,2026-11-02,2026-11-30,"SEGURIDAD,DATOS",27,P1-M2-018,"BACKEND 1, BACKEND 2, ARQ-Arquitecto TI / PMO",Etapa 1,R2,P1-M2-006,Alta,Alto,Backend,0,S23,Noviembre,Por etapa
"Control de permisos por rol: quien puede ver, editar, aprobar y firmar cada informe","Sistema que verifica en cada operacion si el usuario tiene permiso: administradores, supervisores, ingenieros y lectores tienen accesos diferentes. Cada rol solo puede hacer lo que le corresponde (crear, editar, aprobar, firmar, exportar).",Etapa 1 - Plataforma Reportabilidad,MES2_JULIO_Core_Seguridad,Backlog,Urgent,2026-06-30,2026-07-31,"SEGURIDAD,DATOS,CRITICO",32,P1-M2-019,BACKEND 2,Etapa 1,R2,P1-M2-006,Alta,Alto,Backend,0,S5,Junio,Por etapa
Convertidor de datos del sistema antiguo al formato de la nueva plataforma,"Herramienta que toma los datos del sistema minero anterior (archivos CSV, XML y otros formatos) y los convierte al formato de la nueva plataforma. Incluye limpieza de datos y reporte de errores encontrados.",Etapa 1 - Plataforma Reportabilidad,MES2_JULIO_Core_Seguridad,Backlog,High,2026-06-30,2026-07-31,DATOS,32,P1-M2-020,BACKEND 3,Etapa 1,R2,P1-M2-009,Alta,Medio,Backend,0,S5,Junio,Por etapa
"Prototipar UI: flujo de autorización, revisión y firmas de informes","Implementacion React del flujo completo: crear informe, revisar, aprobar, firmar y publicar.",Etapa 1 - Plataforma Reportabilidad,MES3_AGOSTO_UX_Sensores,Backlog,Urgent,2026-08-03,2026-09-04,"EXPERIENCIA_USUARIO,DATOS,CRITICO",25,P1-M3-001,FRONTEND 1,Etapa 1,R3,P1-M1-017,Alta,Alto,Frontend,0,S10,Agosto,Por etapa
Prototipar UI: búsqueda avanzada y filtrado de informes,"Componente de búsqueda full-text con filtros por fecha, autor, estado, tipo y zona minera.",Etapa 1 - Plataforma Reportabilidad,MES3_AGOSTO_UX_Sensores,Backlog,High,2026-07-27,2026-07-31,"EXPERIENCIA_USUARIO,DATOS",16,P1-M3-002,FRONTEND 1,Etapa 1,R3,P1-M3-001,Media,Bajo,Frontend,0,S9,Julio,Por etapa
Prototipar UI en Figma: pantallas de identidad y biometría,"Diseño de pantallas de registro facial, captura biométrica y verificación de identidad.",Etapa 1 - Plataforma Reportabilidad,MES3_AGOSTO_UX_Sensores,Backlog,High,2026-07-27,2026-07-31,"EXPERIENCIA_USUARIO,SEGURIDAD,INTELIGENCIA_ARTIFICIAL",24,P1-M3-003,FRONTEND 2,Etapa 1,R3,P1-M1-014,Media,Medio,Frontend,0,S9,Julio,Por etapa
Prototipar UI: dashboard central y mapas GIS Lidar,"Dashboard operacional con mapas Leaflet, capas GIS, puntos de sensores y tracking en vivo.",Etapa 1 - Plataforma Reportabilidad,MES3_AGOSTO_UX_Sensores,Backlog,Urgent,2026-07-27,2026-09-04,"EXPERIENCIA_USUARIO,MAPAS,SENSORES,CRITICO",36,P1-M3-004,"FRONTEND 1, FRONTEND 2",Etapa 1,R3,P1-M1-016,Alta,Alto,Frontend,0,S9,Julio,Por etapa
Prototipar UI: dictado por voz y corrección vía IA,Componente de dictado con WebSpeech API y corrección automática vía modelo NLP.,Etapa 1 - Plataforma Reportabilidad,MES3_AGOSTO_UX_Sensores,Backlog,High,2026-07-27,2026-09-04,"EXPERIENCIA_USUARIO,INTELIGENCIA_ARTIFICIAL,EDITOR_INFORMES",29,P1-M3-005,"FRONTEND 1, IA-ML",Etapa 1,R3,,Alta,Alto,Frontend,0,S9,Julio,Por etapa
Definir micro-interacciones y animaciones de notificaciones de estado,"Animaciones de feedback: guardado, envío, aprobación, error, alertas de sensores.",Etapa 1 - Plataforma Reportabilidad,MES3_AGOSTO_UX_Sensores,Backlog,Normal,2026-08-03,2026-09-04,EXPERIENCIA_USUARIO,16,P1-M3-006,FRONTEND 2,Etapa 1,R3,P1-M3-001,Baja,Bajo,Frontend,0,S10,Agosto,Por etapa
Revisar UX con el área de operaciones (ingenieros en mina),Sesiones de usabilidad con usuarios finales en la unidad minera para validar prototipos.,Etapa 1 - Plataforma Reportabilidad,MES3_AGOSTO_UX_Sensores,Backlog,High,2026-07-27,2026-09-04,"EXPERIENCIA_USUARIO,DOCUMENTACION",24,P1-M3-007,"FRONTEND 2, ARQ-Arquitecto TI / PMO",Etapa 1,R3,P1-M3-004,Media,Medio,Frontend,0,S9,Julio,Por etapa
Exportar y consolidar assets vectoriales para Frontend,"Consolidación de iconos SVG, mapas vectoriales e imágenes optimizadas para la plataforma.",Etapa 1 - Plataforma Reportabilidad,MES3_AGOSTO_UX_Sensores,Backlog,Normal,2026-08-03,2026-09-04,EXPERIENCIA_USUARIO,16,P1-M3-008,FRONTEND 2,Etapa 1,R3,P1-M3-006,Baja,Bajo,Frontend,0,S10,Agosto,Por etapa
Conectar el sistema con la cola de mensajes para datos de sensores,Integracion del servidor con el sistema de mensajeria Redpanda para procesar datos de sensores de forma ordenada y sin perder informacion.,Etapa 1 - Plataforma Reportabilidad,MES3_AGOSTO_UX_Sensores,Backlog,High,2026-08-03,2026-09-04,"DATOS,SENSORES",27,P1-M3-009,"BACKEND 1, BACKEND 3, ARQ-Arquitecto TI / PMO",Etapa 1,R2,P1-M2-011,Alta,Alto,Backend,0,S10,Agosto,Por etapa
Optimizar procesamiento paralelo para manejar miles de sensores simultaneos,"Configurar el servidor para procesar datos de multiples sensores al mismo tiempo, aprovechando todos los nucleos del procesador.",Etapa 1 - Plataforma Reportabilidad,MES3_AGOSTO_UX_Sensores,Backlog,High,2026-08-03,2026-09-04,DATOS,21,P1-M3-010,"BACKEND 1, ARQ-Arquitecto TI / PMO",Etapa 1,R2,P1-M2-011,Alta,Alto,Backend,0,S10,Agosto,Por etapa
Monitor de salud del sistema con reinicio automatico si falla,"Componente que vigila continuamente que el servidor este funcionando correctamente. Si detecta que algo se congelo o fallo, reinicia automaticamente el servicio afectado y envia alerta al equipo.",Etapa 1 - Plataforma Reportabilidad,MES3_AGOSTO_UX_Sensores,Backlog,High,2026-08-03,2026-09-04,"DATOS,INFRAESTRUCTURA",20,P1-M3-011,"BACKEND 1, BACKEND 3, ARQ-Arquitecto TI / PMO",Etapa 1,R2,P1-M3-010,Alta,Medio,Backend,0,S10,Agosto,Por etapa
FE1: Inicialización TipTap Editor con extensions core (ReportStudio),"Setup de TipTap/ProseMirror como motor del editor de informes: StarterKit, Document, Paragraph, Text, History, Placeholder. Configuración de schema custom para nodos mineros. Integración con React 18 y state management.",Etapa 1 - Plataforma Reportabilidad,MES3_AGOSTO_UX_Sensores,Backlog,Urgent,2026-07-27,2026-09-04,"EXPERIENCIA_USUARIO,EDITOR_INFORMES,CRITICO",20,P1-M3-012,FRONTEND 1,Etapa 1,R3,P1-M1-017,Alta,Alto,Frontend,0,S9,Julio,Por etapa
"FE1: Toolbar de formateo completo del editor (bold, italic, underline, fuentes, tamaños)","Barra de herramientas del editor con controles: Bold, Italic, Underline, Strikethrough, selección de Font Family (Arial, Times New Roman, Calibri, etc.), selección de Font Size (8pt a 72pt), alineación (izq/centro/der/justificado). Incluye tooltips y atajos de teclado visibles.",Etapa 1 - Plataforma Reportabilidad,MES3_AGOSTO_UX_Sensores,Backlog,Urgent,2026-07-27,2026-09-04,"EXPERIENCIA_USUARIO,EDITOR_INFORMES,CRITICO",20,P1-M3-013,FRONTEND 1,Etapa 1,R3,P1-M3-012,Alta,Medio,Frontend,0,S9,Julio,Por etapa
FE1: Reglas horizontales para ubicar texto en el documento/lienzo,"Implementación de reglas horizontales (horizontal rulers) tipo Word/InDesign sobre el canvas del editor. Las reglas muestran márgenes, tabulaciones, indentaciones y permiten al usuario arrastrar los marcadores para posicionar el texto. Incluye regla horizontal superior con escala en cm/pulgadas, guías de margen izquierdo/derecho, marcadores de indentación (primera línea y sangría francesa) arrastrables, y snap-to-grid configurable.",Etapa 1 - Plataforma Reportabilidad,MES3_AGOSTO_UX_Sensores,Backlog,High,2026-11-02,2026-11-30,"EXPERIENCIA_USUARIO,EDITOR_INFORMES,CRITICO",20,P1-M3-014,FRONTEND 1,Etapa 1,R3,P1-M3-012,Alta,Alto,Frontend,0,S23,Noviembre,Por etapa
"FE1: Agrupación de textos para selección y cambio de Font (tamaño, fuente, estilo, bold, subrayado)","Funcionalidad de selección múltiple de bloques de texto en el documento para aplicar cambios de formato en lote: cambiar font-family de todo el bloque seleccionado, cambiar font-size, aplicar bold/italic/underline, cambiar estilo (normal, heading, quote). Incluye selección con Shift+Click para rangos, Ctrl+Click para selección discontinua, y Select All (Ctrl+A). El formato se propaga correctamente a través de los nodos ProseMirror.",Etapa 1 - Plataforma Reportabilidad,MES3_AGOSTO_UX_Sensores,Backlog,High,2026-11-02,2026-11-30,"EXPERIENCIA_USUARIO,EDITOR_INFORMES,CRITICO",20,P1-M3-015,FRONTEND 1,Etapa 1,R3,P1-M3-013,Alta,Alto,Frontend,0,S23,Noviembre,Por etapa
FE1: Cambio del color de fondo del texto (highlight/background color),"Componente de selección de color de fondo (highlight) para texto seleccionado en el editor. Incluye paleta de colores predefinidos (amarillo, verde, azul, rosa, naranja, rojo, gris), color picker custom con hex/RGB, preview en tiempo real sobre el texto seleccionado, y botón de quitar highlight. El color se almacena como atributo en el nodo TipTap y persiste en JSONB backend.",Etapa 1 - Plataforma Reportabilidad,MES3_AGOSTO_UX_Sensores,Backlog,High,2026-07-27,2026-09-04,"EXPERIENCIA_USUARIO,EDITOR_INFORMES",20,P1-M3-016,"BACKEND 1, FRONTEND 1, ARQ-Arquitecto TI / PMO",Etapa 1,R3,P1-M3-013,Alta,Medio,Frontend,0,S9,Julio,Por etapa
FE1: Color de texto (foreground) con paleta y selector personalizado,Selector de color de texto (foreground) con paleta corporativa minera y color picker avanzado. Integración con TipTap TextStyle extension para aplicar color a nivel de marca inline.,Etapa 1 - Plataforma Reportabilidad,MES3_AGOSTO_UX_Sensores,Backlog,High,2026-08-31,2026-10-02,"EXPERIENCIA_USUARIO,EDITOR_INFORMES",14,P1-M3-017,FRONTEND 1,Etapa 1,R3,P1-M3-013,Media,Bajo,Frontend,0,S14,Agosto,Por etapa
"FE1+FE2: Tablas en editor — inserción, edición, merge/split de celdas","Extension TipTap Table para insertar tablas en informes mineros: agregar/eliminar filas y columnas, merge de celdas horizontal/vertical, resize de columnas con drag, estilos de borde y color de celda, header row fijo. FE2 desarrolla los estilos CSS y la UX responsive de tablas.",Etapa 1 - Plataforma Reportabilidad,MES3_AGOSTO_UX_Sensores,Backlog,High,2026-09-28,2026-11-06,"EXPERIENCIA_USUARIO,EDITOR_INFORMES",29,P1-M3-018,"FRONTEND 1, FRONTEND 2",Etapa 1,R3,P1-M3-012,Alta,Alto,Frontend,0,S18,Septiembre,Por etapa
"FE1+FE2: Imágenes en editor — upload, drag-and-drop, resize y alineación","Componente de imagen para el editor: upload desde disco, drag-and-drop, pegado desde clipboard, resize con handles, alineación (inline, left, center, right, full-width), caption/pie de foto editable. Integración con API de upload backend. FE2 implementa la UX de resize con handles y galería de imágenes.",Etapa 1 - Plataforma Reportabilidad,MES3_AGOSTO_UX_Sensores,Backlog,High,2026-08-31,2026-10-02,"EXPERIENCIA_USUARIO,EDITOR_INFORMES",24,P1-M3-019,"FRONTEND 1, FRONTEND 2",Etapa 1,R3,P1-M3-012,Alta,Medio,Frontend,0,S14,Agosto,Por etapa
"FE2: Listas en editor (ordenadas, desordenadas, checklist) e indentación","Extensions TipTap para listas: BulletList, OrderedList, TaskList con checkboxes. Indentación multinivel con Tab/Shift+Tab. Line spacing configurable (1.0, 1.15, 1.5, 2.0).",Etapa 1 - Plataforma Reportabilidad,MES3_AGOSTO_UX_Sensores,Backlog,Normal,2026-07-27,2026-09-04,"EXPERIENCIA_USUARIO,EDITOR_INFORMES",16,P1-M3-020,FRONTEND 2,Etapa 1,R3,P1-M3-012,Media,Bajo,Frontend,0,S9,Julio,Por etapa
"FE2: Saltos de página, numeración de páginas y márgenes configurables","Implementación de page breaks visibles en el editor (líneas de corte de página), numeración automática de páginas, y panel de configuración de márgenes (superior, inferior, izquierdo, derecho) para previsualización fiel al formato de impresión.",Etapa 1 - Plataforma Reportabilidad,MES3_AGOSTO_UX_Sensores,Backlog,Normal,2026-07-27,2026-09-04,"EXPERIENCIA_USUARIO,EDITOR_INFORMES,EXPORTACION",16,P1-M3-021,FRONTEND 2,Etapa 1,R3,P1-M3-014,Media,Medio,Frontend,0,S9,Julio,Por etapa
BE1: API de upload y almacenamiento de imágenes/adjuntos (storage service),"Servicio para subir archivos (imagenes, adjuntos) al servidor con validacion de tipo y tamano, generacion de miniaturas, almacenamiento en disco local del datacenter, y retorno de enlace para insertar en el editor. Limite 20MB por archivo.",Etapa 1 - Plataforma Reportabilidad,MES3_AGOSTO_UX_Sensores,Backlog,High,2026-08-03,2026-09-04,"DATOS,EDITOR_INFORMES",20,P1-M3-022,"BACKEND 1, BACKEND 3, ARQ-Arquitecto TI / PMO",Etapa 1,R2,P1-M2-005,Media,Medio,Backend,0,S10,Agosto,Por etapa
BE1+BE3: Motor de búsqueda full-text con indexación (pg_trgm + tsvector),"Implementación de búsqueda full-text sobre contenido de informes usando PostgreSQL tsvector + pg_trgm para fuzzy matching. Índices GIN sobre campos JSONB de contenido. Búsqueda por título, contenido, autor, tags, zona minera. BE3 implementa la API REST de búsqueda, BE1 diseña los índices y queries optimizados.",Etapa 1 - Plataforma Reportabilidad,MES3_AGOSTO_UX_Sensores,Backlog,High,2026-08-03,2026-09-04,"DATOS,EDITOR_INFORMES",15,P1-M3-023,"BACKEND 1, ARQ-Arquitecto TI / PMO",Etapa 1,R2,P1-M2-008,Alta,Medio,Backend,0,S10,Agosto,Por etapa
BE1+BE3: Motor de templates CRUD y renderizado (plantillas de informes),"API REST para CRUD de plantillas de informes: crear template desde documento existente, listar templates por categoría (diario, semanal, incidente, gerencial), aplicar template a nuevo documento, preview de template. Almacenamiento JSONB de estructura de template. BE3 desarrolla el CRUD REST, BE1 implementa la lógica de clonación de estructura JSONB.",Etapa 1 - Plataforma Reportabilidad,MES3_AGOSTO_UX_Sensores,Backlog,High,2026-08-03,2026-09-04,"DATOS,EDITOR_INFORMES",15,P1-M3-024,"BACKEND 1, ARQ-Arquitecto TI / PMO",Etapa 1,R2,P1-M2-008,Alta,Medio,Backend,0,S10,Agosto,Por etapa
BE1: Motor de generación PDF server-side (renderizado de informes),"Servicio C++ de generación de PDF desde estructura JSONB del informe. Renderiza formateo completo: fuentes, colores, tablas, imágenes, reglas horizontales, numeración de páginas, portada. Usa librería como libharu o wkhtmltopdf. Target: <5 segundos por informe de 50 páginas.",Etapa 1 - Plataforma Reportabilidad,MES3_AGOSTO_UX_Sensores,Backlog,Urgent,2026-07-27,2026-09-04,"DATOS,EXPORTACION,EDITOR_INFORMES,CRITICO",26,P1-M3-025,"BACKEND 1, ARQ-Arquitecto TI / PMO",Etapa 1,R2,P1-M2-014,Alta,Alto,Backend,0,S9,Julio,Por etapa
Corrector ortografico y gramatical inteligente para informes mineros (espanol tecnico),"Servicio de correccion automatica de ortografia y gramatica especializado en espanol tecnico minero: corrige errores de escritura, sugiere la palabra correcta, conoce terminos como 'voladura', 'chancadora', 'mineral de cabeza', 'ley de corte'. Funciona en tiempo real mientras el usuario escribe. Tambien corrige automaticamente el texto dictado por voz.",Etapa 1 - Plataforma Reportabilidad,MES3_AGOSTO_UX_Sensores,Backlog,High,2026-07-27,2026-09-04,"INTELIGENCIA_ARTIFICIAL,EDITOR_INFORMES,DATOS",31,P1-M3-026,"BACKEND 2, IA-ML",Etapa 1,R2,P1-M2-006,Alta,Alto,Backend,0,S9,Julio,Por etapa
BE3: Servicio de notificaciones por email (SMTP con templates HTML),"Servicio de envio de correos electronicos automaticos: aprobacion de informes, alertas de sensores, cambios de estado, recordatorios. Plantillas HTML adaptables. Cola de envio con reintentos automaticos. Conexion SMTP del datacenter.",Etapa 1 - Plataforma Reportabilidad,MES3_AGOSTO_UX_Sensores,Backlog,High,2026-08-03,2026-09-04,"NOTIFICACIONES,DATOS",24,P1-M3-027,BACKEND 3,Etapa 1,R2,P1-M2-005,Media,Medio,Backend,0,S10,Agosto,Por etapa
BE3: Servicio de push notifications (WebPush y FCM para mobile),"Sistema de notificaciones push para navegador (Web Push API) y mobile (Firebase Cloud Messaging). Notifica: documentos pendientes de revisión, alertas de sensores críticos, cambios en informes compartidos.",Etapa 1 - Plataforma Reportabilidad,MES3_AGOSTO_UX_Sensores,Backlog,Normal,2026-08-03,2026-09-04,"NOTIFICACIONES,DATOS",24,P1-M3-028,BACKEND 3,Etapa 1,R2,P1-M3-027,Media,Medio,Backend,0,S10,Agosto,Por etapa
Exportación: generar informes en Microsoft Word (DOCX),"Motor de generación DOCX con estilos corporativos, tablas, gráficos y firma digital embebida.",Etapa 1 - Plataforma Reportabilidad,MES4_SEPTIEMBRE_Integracion_QA,Backlog,Urgent,2026-08-31,2026-11-06,"EXPORTACION,DATOS,CRITICO",29,P1-M4-001,"BACKEND 1, FRONTEND 1, ARQ-Arquitecto TI / PMO",Etapa 1,R4,P1-M2-008,Alta,Alto,Backend,0,S14,Agosto,Por etapa
Exportación: generar presentaciones PowerPoint (PPTX),"Generación automática de presentaciones ejecutivas a partir de datos de informes mineros. BE3 implementa el pipeline de conversión, BE1 define la estructura de slides desde JSONB.",Etapa 1 - Plataforma Reportabilidad,MES4_SEPTIEMBRE_Integracion_QA,Backlog,High,2026-09-28,2026-11-06,"EXPORTACION,DATOS",21,P1-M4-002,"BACKEND 1, ARQ-Arquitecto TI / PMO",Etapa 1,R4,P1-M4-001,Alta,Medio,Backend,0,S18,Septiembre,Por etapa
Exportación: renderizado y generación de informes en vídeo MP4,Servicio de renderizado de informes animados en formato MP4 para presentaciones ejecutivas. IA implementa la narración automática con TTS y la selección inteligente de visualizaciones.,Etapa 1 - Plataforma Reportabilidad,MES4_SEPTIEMBRE_Integracion_QA,Backlog,Normal,2026-08-31,2026-11-06,"EXPORTACION,INTELIGENCIA_ARTIFICIAL",39,P1-M4-003,"BACKEND 3, FRONTEND 1, IA-ML",Etapa 1,R4,P1-M4-002,Alta,Alto,Backend,0,S14,Agosto,Por etapa
Instalar cola de mensajes Redpanda/Kafka en datacenter,"OBJETIVO: Canal de alta velocidad para telemetria y eventos entre servicios.

PARA LA MINA: Miles de lecturas de sensores por segundo sin perder datos.

ENTREGABLE: Redpanda/Kafka en Docker, topics configurados, monitoreo basico.

VPS REQUERIDO: Staging o produccion (sep 2026).

DEPENDE DE: DEV-004, integracion backend sensores.

EXITO: Backend publica y consume eventos sin cuello de botella.",Etapa 1 - Plataforma Reportabilidad,MES4_SEPTIEMBRE_Integracion_QA,Backlog,High,2026-08-31,2026-10-02,"DATOS,INFRAESTRUCTURA",23,P1-M4-004,"BACKEND 3, SYS",Etapa 1,R4,P1-M3-009,Media,Medio,Backend,0,S14,Agosto,Por etapa
Testing cero fugas de memoria (Valgrind y unit testing nativo),Análisis exhaustivo con Valgrind/ASan/TSan para detectar memory leaks y race conditions.,Etapa 1 - Plataforma Reportabilidad,MES4_SEPTIEMBRE_Integracion_QA,Backlog,Urgent,2026-08-31,2026-11-06,"PRUEBAS_CALIDAD,DATOS,CRITICO",32,P1-M4-005,"BACKEND 1, ARQ-Arquitecto TI / PMO, QA",Etapa 1,R4,P1-M2-003,Alta,Alto,QA,0,S14,Agosto,Por etapa
Wireframes: editor de reportes técnicos avanzados (iteración 2),"Segunda iteración del editor con feedback de usuarios: mejoras en toolbar, templates, atajos.",Etapa 1 - Plataforma Reportabilidad,MES4_SEPTIEMBRE_Integracion_QA,Backlog,High,2026-09-28,2026-11-06,"EXPERIENCIA_USUARIO,EXPORTACION,EDITOR_INFORMES",16,P1-M4-006,FRONTEND 1,Etapa 1,R3,P1-M3-007,Media,Bajo,Frontend,0,S18,Septiembre,Por etapa
Integración frontend-backend: flujo completo de informes,"Conexion completa: crear, editar, auto-guardar, revisar, aprobar, exportar y firmar.",Etapa 1 - Plataforma Reportabilidad,MES4_SEPTIEMBRE_Integracion_QA,Backlog,Urgent,2026-08-31,2026-11-06,"DATOS,CRITICO,EDITOR_INFORMES",41,P1-M4-007,"BACKEND 1, BACKEND 2, FRONTEND 1, ARQ-Arquitecto TI / PMO",Etapa 1,R4,P1-M3-001,Alta,Alto,Frontend,0,S14,Agosto,Por etapa
Pruebas funcionales del módulo de reportabilidad,"Test suite completo del flujo de informes: creación, edición, versionado, exportación.",Etapa 1 - Plataforma Reportabilidad,MES4_SEPTIEMBRE_Integracion_QA,Backlog,High,2026-08-31,2026-10-02,"PRUEBAS_CALIDAD,DATOS,EDITOR_INFORMES",32,P1-M4-008,QA,Etapa 1,R4,P1-M4-007,Media,Medio,QA,0,S14,Agosto,Por etapa
Pruebas de integración de sensores y dashboard,"Validacion del flujo completo de telemetria: sensor envia dato, Kafka lo distribuye, backend lo procesa, WebSocket lo envia a la pantalla del usuario.",Etapa 1 - Plataforma Reportabilidad,MES4_SEPTIEMBRE_Integracion_QA,Backlog,High,2026-09-28,2026-11-06,"PRUEBAS_CALIDAD,SENSORES",32,P1-M4-009,"BACKEND 3, QA",Etapa 1,R4,P1-M3-004,Alta,Alto,QA,0,S18,Septiembre,Por etapa
"Pruebas de exportación (DOCX, PPTX, PDF)","Validación de calidad de documentos exportados: formato, imágenes, tablas, firmas.",Etapa 1 - Plataforma Reportabilidad,MES4_SEPTIEMBRE_Integracion_QA,Backlog,Normal,2026-08-24,2026-11-06,"PRUEBAS_CALIDAD,EXPORTACION",24,P1-M4-010,QA,Etapa 1,R4,P1-M4-001,Media,Medio,QA,0,S13,Agosto,Por etapa
Milestone: Funcionalidad Core Completa (Demo Gerencial),"Demostración del sistema funcional completo al Directorio: informes, sensores, GIS, exportación.",Etapa 1 - Plataforma Reportabilidad,MES4_SEPTIEMBRE_Integracion_QA,Backlog,Urgent,2026-08-31,2026-10-02,"CRITICO,ARQUITECTURA",8,P1-M4-011,ARQ-Arquitecto TI / PMO,Etapa 1,R4,P1-M4-007,Baja,Alto,Arquitectura,0,S14,Agosto,Por etapa
FE1: Print preview con paginación fiel al formato final,"Vista de previsualización de impresión que muestra el informe tal como saldrá impreso: paginación real, headers/footers, numeración de páginas, márgenes, saltos de página. Botón de impresión directa vía window.print() con CSS @media print optimizado.",Etapa 1 - Plataforma Reportabilidad,MES4_SEPTIEMBRE_Integracion_QA,Backlog,High,2026-08-31,2026-11-06,"EXPERIENCIA_USUARIO,EDITOR_INFORMES,EXPORTACION",16,P1-M4-012,FRONTEND 1,Etapa 1,R4,P1-M3-021,Alta,Medio,Frontend,0,S14,Agosto,Por etapa
Deshacer/Rehacer cambios y atajos de teclado rapidos en el editor de informes,"El editor permite deshacer hasta 100 cambios consecutivos (Ctrl+Z) y rehacerlos (Ctrl+Y). Atajos de teclado para las acciones mas frecuentes: Ctrl+B (negritas), Ctrl+I (cursiva), Ctrl+U (subrayado), Ctrl+S (guardar), Tab (indentar). Panel de ayuda que muestra todos los atajos disponibles (Ctrl+/).",Etapa 1 - Plataforma Reportabilidad,MES4_SEPTIEMBRE_Integracion_QA,Backlog,High,2026-08-31,2026-11-06,"EXPERIENCIA_USUARIO,EDITOR_INFORMES",14,P1-M4-013,FRONTEND 1,Etapa 1,R3,P1-M3-012,Media,Bajo,Frontend,0,S14,Agosto,Por etapa
FE1+FE2: Panel de comentarios y anotaciones en informes,"Panel lateral de comentarios: seleccionar texto, agregar comentario, responder en hilo, resolver. Notificaciones de nuevos comentarios. Resaltado del texto comentado en el editor. Integracion con API de comentarios backend. FE2 disena la experiencia del panel y las animaciones.",Etapa 1 - Plataforma Reportabilidad,MES4_SEPTIEMBRE_Integracion_QA,Backlog,High,2026-08-31,2026-11-06,"EXPERIENCIA_USUARIO,EDITOR_INFORMES",24,P1-M4-014,"FRONTEND 1, FRONTEND 2",Etapa 1,R4,P1-M3-001,Alta,Medio,Frontend,0,S14,Agosto,Por etapa
FE1+FE2: Comparador de versiones de informes (diff visual),"Vista side-by-side o inline de diferencias entre dos versiones de un informe: texto agregado (verde), eliminado (rojo), modificado (amarillo). Selector de versiones con timeline. Integración con motor de versionado backend. FE2 diseña la UX del timeline y los colores del diff.",Etapa 1 - Plataforma Reportabilidad,MES4_SEPTIEMBRE_Integracion_QA,Backlog,High,2026-08-31,2026-11-06,"EXPERIENCIA_USUARIO,EDITOR_INFORMES",24,P1-M4-015,"FRONTEND 1, FRONTEND 2",Etapa 1,R4,P1-M2-016,Alta,Medio,Frontend,0,S14,Agosto,Por etapa
FE1: Galería de templates de informes (selección y preview),"Pantalla de selección de plantillas con preview visual: templates por categoría (diario, semanal, incidente, gerencial, turno). Crear informe desde template con un click. Preview en miniatura del layout.",Etapa 1 - Plataforma Reportabilidad,MES4_SEPTIEMBRE_Integracion_QA,Backlog,Normal,2026-11-02,2026-11-30,"EXPERIENCIA_USUARIO,EDITOR_INFORMES",14,P1-M4-016,FRONTEND 1,Etapa 1,R3,P1-M3-024,Media,Bajo,Frontend,0,S23,Noviembre,Por etapa
"FE2: Editor de portada, headers y footers del informe","Componente de diseño de portada de informe (logo empresa, título, fecha, autor, clasificación) y editor de headers/footers (texto, numeración, logo) que se replican en todas las páginas del documento.",Etapa 1 - Plataforma Reportabilidad,MES4_SEPTIEMBRE_Integracion_QA,Backlog,Normal,2026-09-28,2026-11-06,"EXPERIENCIA_USUARIO,EDITOR_INFORMES,EXPORTACION",20,P1-M4-017,FRONTEND 2,Etapa 1,R3,P1-M3-021,Media,Medio,Frontend,0,S18,Septiembre,Por etapa
FE2: Modo offline con indicador de sincronización y queue local,Implementación de modo offline usando Service Worker + IndexedDB: el usuario puede crear y editar informes sin conexión. Indicador visual de estado (online/offline/syncing). Cola local de cambios que se sincroniza automáticamente al recuperar conexión. Resolución visual de conflictos.,Etapa 1 - Plataforma Reportabilidad,MES4_SEPTIEMBRE_Integracion_QA,Backlog,High,2026-08-24,2026-11-06,"EXPERIENCIA_USUARIO,SIN_CONEXION,CRITICO",32,P1-M4-018,FRONTEND 2,Etapa 1,R4,P1-M3-001,Alta,Alto,Frontend,0,S13,Agosto,Por etapa
BE2: Auditoría de seguridad de endpoints REST (OWASP pre-check),"Revisión de seguridad pre-producción de todas las APIs: validación de input (SQL injection, XSS), headers de seguridad (CORS, CSP, HSTS), autenticación en cada endpoint, manejo seguro de errores (sin stack traces). Genera reporte de hallazgos.",Etapa 1 - Plataforma Reportabilidad,MES4_SEPTIEMBRE_Integracion_QA,Backlog,High,2026-08-31,2026-10-02,"SEGURIDAD,PRUEBAS_CALIDAD,DATOS",32,P1-M4-030,BACKEND 2,Etapa 1,R4,P1-M2-019,Alta,Alto,Backend,0,S14,Agosto,Por etapa
"BE2: Implementar audit log centralizado (quién hizo qué, cuándo)","Sistema de audit logging que registra toda operación sensible: login/logout, CRUD de informes, aprobaciones, firmas, exportaciones, cambios de permisos. Almacenamiento inmutable en tabla separada. Cumplimiento normativo minero.",Etapa 1 - Plataforma Reportabilidad,MES4_SEPTIEMBRE_Integracion_QA,Backlog,High,2026-08-24,2026-09-04,"SEGURIDAD,DATOS",24,P1-M4-031,BACKEND 2,Etapa 1,R4,P1-M2-019,Alta,Alto,Backend,0,S13,Agosto,Por etapa
IA: Motor de clasificación automática de informes por tipo y urgencia,"Modelo de clasificación que analiza el contenido de informes y los clasifica automáticamente por tipo (incidente, rutina, gerencial, ambiental) y nivel de urgencia (crítico, alto, normal, bajo). Usa embeddings de texto + clasificador entrenado con datos mineros.",Etapa 1 - Plataforma Reportabilidad,MES4_SEPTIEMBRE_Integracion_QA,Backlog,Normal,2026-09-28,2026-11-06,"INTELIGENCIA_ARTIFICIAL,EDITOR_INFORMES",30,P1-M4-032,IA-ML,Etapa 1,R4,,Alta,Medio,IA,0,S18,Septiembre,Por etapa
IA: Extracción automática de entidades mineras de informes (NER),"Named Entity Recognition adaptado al dominio minero: extrae automáticamente nombres de zonas, equipos, minerales, concentraciones, fechas, personas mencionadas en los informes. Alimenta los tags y metadata automáticamente.",Etapa 1 - Plataforma Reportabilidad,MES4_SEPTIEMBRE_Integracion_QA,Backlog,Normal,2026-08-31,2026-10-02,"INTELIGENCIA_ARTIFICIAL,EDITOR_INFORMES",30,P1-M4-033,IA-ML,Etapa 1,R4,P1-M3-026,Alta,Medio,IA,0,S14,Agosto,Por etapa
IA: Detectar automaticamente si los trabajadores usan casco y chaleco en camaras de vigilancia,"Modelo de vision artificial que analiza las imagenes de las camaras de seguridad de la mina y detecta si los trabajadores estan usando correctamente su equipo de proteccion personal (casco, chaleco reflectante, lentes, guantes). Si detecta que alguien no lo usa, genera alerta automatica al supervisor. Entrenado con fotos reales de la mina.",Etapa 1 - Plataforma Reportabilidad,MES4_SEPTIEMBRE_Integracion_QA,Backlog,High,2026-08-24,2026-11-06,"INTELIGENCIA_ARTIFICIAL,SEGURIDAD,SENSORES",46,P1-M4-034,"BACKEND 2, IA-ML",Etapa 1,R4,,Alta,Alto,IA,0,S13,Agosto,Por etapa
BE1: API CRUD de comentarios y anotaciones sobre informes,"Endpoints REST para crear/leer/actualizar/eliminar comentarios anclados a posiciones del documento. Thread de respuestas, resolución de comentarios, notificación a participantes. Modelo JSONB con referencia a rango de texto.",Etapa 1 - Plataforma Reportabilidad,MES4_SEPTIEMBRE_Integracion_QA,Backlog,High,2026-08-31,2026-10-02,"DATOS,EDITOR_INFORMES",14,P1-M4-020,"BACKEND 1, ARQ-Arquitecto TI / PMO",Etapa 1,R4,P1-M2-008,Media,Medio,Backend,0,S14,Agosto,Por etapa
BE1: API de clonación y duplicación de documentos,"Endpoint para duplicar un informe existente (deep clone): copia estructura JSONB, imágenes asociadas, metadatos. Usado para crear nuevo informe desde template o copiar informe anterior como base.",Etapa 1 - Plataforma Reportabilidad,MES4_SEPTIEMBRE_Integracion_QA,Backlog,Normal,2026-09-28,2026-11-06,"DATOS,EDITOR_INFORMES",8,P1-M4-021,"BACKEND 1, ARQ-Arquitecto TI / PMO",Etapa 1,R4,P1-M2-008,Baja,Bajo,Backend,0,S18,Septiembre,Por etapa
BE1: Numeración secuencial de reportes por tenant y tipo,"Generación de números de informe secuenciales con formato configurable por tenant: INF-2026-001, RPT-MINA-A-0042. Sequence PostgreSQL por tenant + tipo de informe. Thread-safe para concurrencia.",Etapa 1 - Plataforma Reportabilidad,MES4_SEPTIEMBRE_Integracion_QA,Backlog,Normal,2026-08-31,2026-10-02,"DATOS,EDITOR_INFORMES",8,P1-M4-022,"BACKEND 1, ARQ-Arquitecto TI / PMO",Etapa 1,R4,P1-M2-007,Baja,Bajo,Backend,0,S14,Agosto,Por etapa
Integrar cache Redis: guardar documentos frecuentes y sesiones de usuario en memoria rapida,"Configurar el sistema para que los documentos mas consultados, las sesiones de los usuarios y los resultados de busqueda se guarden temporalmente en memoria rapida (Redis). Esto reduce la carga a la base de datos en un 60% y hace que el sistema responda mas rapido. BE2 se encarga de cifrar los datos sensibles almacenados en cache.",Etapa 1 - Plataforma Reportabilidad,MES4_SEPTIEMBRE_Integracion_QA,Backlog,High,2026-09-28,2026-11-06,"DATOS,SEGURIDAD",17,P1-M4-023,"BACKEND 1, BACKEND 2, ARQ-Arquitecto TI / PMO",Etapa 1,R4,P1-M2-007,Alta,Medio,Backend,0,S18,Septiembre,Por etapa
Proteccion contra uso excesivo del sistema: limitar peticiones por usuario,"Control que evita que un usuario o un atacante sobrecargue el sistema con demasiadas peticiones: maximo 100 consultas por minuto para lectura, 30 por minuto para escritura. Si se excede el limite, el sistema le pide esperar. Se registra todo intento de abuso.",Etapa 1 - Plataforma Reportabilidad,MES4_SEPTIEMBRE_Integracion_QA,Backlog,High,2026-08-31,2026-10-02,"DATOS,SEGURIDAD",16,P1-M4-024,BACKEND 2,Etapa 1,R4,P1-M2-005,Media,Medio,Backend,0,S14,Agosto,Por etapa
BE2: Servicio de verificación de firma digital (PKI),"Microservicio de firma digital de informes: generación de firma con clave privada del usuario, verificación de integridad del documento firmado, timestamp de firma (TSA), cadena de confianza. Compatible con estándares X.509.",Etapa 1 - Plataforma Reportabilidad,MES4_SEPTIEMBRE_Integracion_QA,Backlog,High,2026-09-28,2026-11-06,"SEGURIDAD,EDITOR_INFORMES,DATOS",24,P1-M4-025,BACKEND 2,Etapa 1,R4,P1-M2-006,Alta,Alto,Backend,0,S18,Septiembre,Por etapa
BE2: AI — Generación de resumen ejecutivo automático de informes,"Servicio Python que usa LLM (LLaMa-3 local) para generar resúmenes ejecutivos de informes técnicos mineros. Input: informe JSONB completo. Output: resumen de 1 párrafo + bullet points clave. Procesamiento local, sin envío a nube.",Etapa 1 - Plataforma Reportabilidad,MES4_SEPTIEMBRE_Integracion_QA,Backlog,Normal,2026-08-31,2026-11-06,"INTELIGENCIA_ARTIFICIAL,EDITOR_INFORMES",27,P1-M4-026,"BACKEND 1, BACKEND 2, ARQ-Arquitecto TI / PMO, IA-ML",Etapa 1,R4,,Alta,Alto,Backend,0,S14,Agosto,Por etapa
Sistema de notificacion automatica a otros sistemas cuando ocurren eventos importantes,"Cuando ocurre un evento importante en la plataforma (informe aprobado, alerta de sensor critico, cambio de estado), el sistema avisa automaticamente a otros sistemas registrados. Si el aviso no llega, reintenta automaticamente. Se registra cada notificacion enviada.",Etapa 1 - Plataforma Reportabilidad,MES4_SEPTIEMBRE_Integracion_QA,Backlog,Normal,2026-08-31,2026-10-02,"DATOS,NOTIFICACIONES",24,P1-M4-027,BACKEND 3,Etapa 1,R4,P1-M2-005,Media,Medio,Backend,0,S14,Agosto,Por etapa
BE3: Motor de resolución de conflictos para sincronización offline,"Engine de conflict resolution para el modo offline: cuando el usuario reconecta, el backend compara los deltas locales con el estado del servidor. Estrategias: last-write-wins para campos simples, merge automático para texto (CRDT-like), UI de resolución manual para conflictos irreconciliables.",Etapa 1 - Plataforma Reportabilidad,MES4_SEPTIEMBRE_Integracion_QA,Backlog,High,2026-09-28,2026-11-06,"DATOS,SIN_CONEXION,CRITICO",32,P1-M4-028,BACKEND 3,Etapa 1,R4,P1-M2-012,Alta,Alto,Backend,0,S18,Septiembre,Por etapa
BE3: Pipeline de conversión de formatos (PDF rendering orchestrator),"Servicio orquestador que coordina la generación de múltiples formatos de exportación desde un informe: PDF, DOCX, PPTX. Queue de renderizado con prioridad, monitoreo de progreso, notificación al completar. Maneja concurrencia de exportaciones simultáneas.",Etapa 1 - Plataforma Reportabilidad,MES4_SEPTIEMBRE_Integracion_QA,Backlog,High,2026-08-31,2026-11-06,"EXPORTACION,DATOS",24,P1-M4-029,BACKEND 3,Etapa 1,R4,P1-M3-025,Alta,Medio,Backend,0,S14,Agosto,Por etapa
Disenar red del datacenter Lima y enlace con minas,"OBJETIVO: Definir como se conectan datacenter, minas y usuarios (fibra, 4G, satelite).

PARA LA MINA: Conectividad confiable desde oficina, campo y zonas remotas.

ENTREGABLE: Diagrama de red, VLANs, VPN WireGuard, plan multi-operador, DNS con failover.

VPS REQUERIDO: Produccion (oct 2026) — diseno previo puede usar staging.

EXITO: ARQ y SYS aprueban topologia antes de instalar servidores.",Etapa 1 - Plataforma Reportabilidad,MES5_OCTUBRE_Optimizacion,Backlog,Urgent,2026-09-28,2026-11-06,"INFRAESTRUCTURA,ARQUITECTURA,CRITICO",38,P2-M5-001,"ARQ-Arquitecto TI / PMO, SYS",Etapa 1,R5,P1-M4-011,Alta,Alto,Infraestructura,0,S18,Septiembre,Por etapa
Configurar red privada y segmentos en datacenter Lima,"OBJETIVO: Crear redes separadas para app, bases de datos y administracion.

PARA LA MINA: Mayor seguridad; un problema no afecta todo el sistema.

ENTREGABLE: VLANs, firewall perimetral, tablas de ruteo, reglas de acceso.

VPS REQUERIDO: Produccion (oct 2026).

DEPENDE DE: P2-M5-001.

EXITO: Trafico de sensores y web aislado de administracion.",Etapa 1 - Plataforma Reportabilidad,MES5_OCTUBRE_Optimizacion,Backlog,Urgent,2026-09-21,2026-10-02,"INFRAESTRUCTURA,SEGURIDAD",29,P2-M5-002,SYS,Etapa 1,R5,P2-M5-001,Alta,Alto,Infraestructura,0,S17,Septiembre,Por etapa
Instalar servidores VPS Linux en datacenter Tier III Lima,"OBJETIVO: Poner en marcha los servidores fisicos donde correra la plataforma en produccion.

PARA LA MINA: Primer hardware productivo en Lima (<10 ms latencia local).

ENTREGABLE: 2 VPS Ubuntu 22.04, Docker, NVMe, Nginx, acceso admin seguro.

VPS REQUERIDO: SI — PRODUCCION. Contratar ~oct 2026 (semana 17).

DEPENDE DE: P2-M5-002.

EXITO: Servidores accesibles, hardening basico aplicado, listos para servicios.",Etapa 1 - Plataforma Reportabilidad,MES5_OCTUBRE_Optimizacion,Backlog,Urgent,2026-11-02,2026-11-30,"INFRAESTRUCTURA,CRITICO",29,P2-M5-003,SYS,Etapa 1,R5,P2-M5-002,Alta,Alto,Infraestructura,0,S23,Noviembre,Por etapa
"Crear estructura de usuarios, permisos y politicas de acceso al servidor","Definicion de usuarios del sistema operativo, grupos, permisos de acceso a servicios y principio de minimo privilegio en servidores VPS del datacenter.",Etapa 1 - Plataforma Reportabilidad,MES5_OCTUBRE_Optimizacion,Backlog,High,2026-09-28,2026-11-30,"SEGURIDAD,INFRAESTRUCTURA",23,P2-M5-004,"BACKEND 2, SYS",Etapa 1,R5,P2-M5-003,Media,Alto,Infraestructura,0,S18,Septiembre,Por etapa
Instalar y configurar orquestador de contenedores (Docker Swarm / K3s),Despliegue de Docker Swarm o K3s en servidores VPS del datacenter para administrar los servicios del sistema de forma automatizada.,Etapa 1 - Plataforma Reportabilidad,MES5_OCTUBRE_Optimizacion,Backlog,Urgent,2026-09-21,2026-10-02,"INFRAESTRUCTURA,CRITICO",36,P2-M5-005,SYS,Etapa 1,R5,P2-M5-003,Alta,Alto,Infraestructura,0,S17,Septiembre,Por etapa
"Blindaje de seguridad de servidores: firewall, bloqueo de accesos no autorizados","Aplicar todas las protecciones de seguridad a los servidores: activar firewall, bloquear puertos innecesarios, proteger acceso remoto, bloquear intentos de intrucion repetidos.",Etapa 1 - Plataforma Reportabilidad,MES5_OCTUBRE_Optimizacion,Backlog,Urgent,2026-09-28,2026-11-30,"SEGURIDAD,INFRAESTRUCTURA,CRITICO",30,P2-M5-006,"BACKEND 2, SYS",Etapa 1,R5,P2-M5-003,Alta,Alto,Infraestructura,0,S18,Septiembre,Por etapa
Instalar certificados SSL dinámicos (Let's Encrypt / Wildcard),Automatización de certificados SSL con auto-renovación para todos los servicios.,Etapa 1 - Plataforma Reportabilidad,MES5_OCTUBRE_Optimizacion,Backlog,High,2026-11-02,2026-11-30,"SEGURIDAD,INFRAESTRUCTURA",14,P2-M5-007,SYS,Etapa 1,R5,P2-M5-003,Media,Medio,Infraestructura,0,S23,Noviembre,Por etapa
"Automatizar proceso de compilacion, pruebas y despliegue del sistema","Crear proceso automatizado que al subir codigo nuevo: verifica calidad, compila, ejecuta pruebas, revisa seguridad y despliega en servidores de prueba y luego en produccion.",Etapa 1 - Plataforma Reportabilidad,MES5_OCTUBRE_Optimizacion,Backlog,High,2026-09-28,2026-11-30,"INFRAESTRUCTURA,CRITICO",25,P2-M5-008,"BACKEND 1, ARQ-Arquitecto TI / PMO, SYS",Etapa 1,R5,P2-M5-005,Alta,Medio,Infraestructura,0,S18,Septiembre,Por etapa
Configurar volumenes de disco dedicados para bases de datos y archivos,"Configuracion de discos NVMe dedicados en el VPS: particiones separadas para PostgreSQL, QuestDB, MinIO (archivos), logs y respaldos. Sistema de archivos XFS para alto rendimiento. Monitoreo de espacio disponible con alertas al 80% de uso.",Etapa 1 - Plataforma Reportabilidad,MES5_OCTUBRE_Optimizacion,Backlog,High,2026-11-02,2026-11-30,INFRAESTRUCTURA,13,P2-M5-009,"BACKEND 1, ARQ-Arquitecto TI / PMO, SYS",Etapa 1,R5,P2-M5-003,Media,Medio,Infraestructura,0,S23,Noviembre,Por etapa
Instalar base de datos PostgreSQL con replica y alta disponibilidad,Instalacion de PostgreSQL en VPS del datacenter con replica sincrona en segundo servidor y cambio automatico si el principal falla.,Etapa 1 - Plataforma Reportabilidad,MES5_OCTUBRE_Optimizacion,Backlog,Urgent,2026-11-02,2026-11-30,"DATOS,INFRAESTRUCTURA,CRITICO",25,P2-M5-010,"BACKEND 1, ARQ-Arquitecto TI / PMO, SYS",Etapa 1,R5,P2-M5-003,Alta,Alto,Infraestructura,0,S23,Noviembre,Por etapa
Configurar copias de seguridad continuas de la base de datos,Respaldos automaticos continuos de la base de datos que permiten recuperar informacion hasta 5 minutos antes de cualquier falla. Retencion de 30 dias de respaldos.,Etapa 1 - Plataforma Reportabilidad,MES5_OCTUBRE_Optimizacion,Backlog,High,2026-09-28,2026-11-30,"DATOS,INFRAESTRUCTURA,SEGURIDAD",19,P2-M5-011,"BACKEND 1, ARQ-Arquitecto TI / PMO, SYS",Etapa 1,R5,P2-M5-010,Alta,Alto,Infraestructura,0,S18,Septiembre,Por etapa
Documentar procedimiento de recuperacion de base de datos ante fallos,Manual paso a paso para restaurar la base de datos a cualquier momento en el tiempo. Incluye pruebas periodicas para verificar que los respaldos funcionan correctamente.,Etapa 1 - Plataforma Reportabilidad,MES5_OCTUBRE_Optimizacion,Backlog,High,2026-09-21,2026-11-30,"DATOS,INFRAESTRUCTURA,DOCUMENTACION",15,P2-M5-012,"BACKEND 1, ARQ-Arquitecto TI / PMO, SYS",Etapa 1,R5,P2-M5-011,Media,Alto,Infraestructura,0,S17,Septiembre,Por etapa
Plan de recuperacion ante desastres (DRP): que hacer si todo falla,Plan completo para recuperar el sistema si ocurre un desastre: el sistema debe estar operativo en menos de 4 horas con perdida maxima de 5 minutos de datos. Incluye servidor secundario de respaldo.,Etapa 1 - Plataforma Reportabilidad,MES5_OCTUBRE_Optimizacion,Backlog,Urgent,2026-09-21,2026-11-30,"INFRAESTRUCTURA,SEGURIDAD,CRITICO",30,P2-M5-013,"ARQ-Arquitecto TI / PMO, SYS",Etapa 1,R5,P2-M5-010,Alta,Alto,Infraestructura,0,S17,Septiembre,Por etapa
Crear procesos automaticos de limpieza y mantenimiento de la base de datos,"Tareas programadas que se ejecutan automaticamente para mantener la base de datos saludable: liberar espacio, reconstruir indices, eliminar datos temporales antiguos.",Etapa 1 - Plataforma Reportabilidad,MES5_OCTUBRE_Optimizacion,Backlog,Normal,2026-09-28,2026-11-30,"DATOS,INFRAESTRUCTURA",13,P2-M5-014,"BACKEND 1, ARQ-Arquitecto TI / PMO, SYS",Etapa 1,R5,P2-M5-010,Media,Bajo,Infraestructura,0,S18,Septiembre,Por etapa
Instalar sistema de monitoreo de servidores y servicios (Prometheus + Grafana),"Herramientas de vigilancia del estado de servidores, base de datos, aplicaciones y sensores. Pantallas graficas con alertas automaticas cuando algo falla.",Etapa 1 - Plataforma Reportabilidad,MES5_OCTUBRE_Optimizacion,Backlog,High,2026-09-21,2026-11-30,"INFRAESTRUCTURA,SENSORES",25,P2-M5-015,"BACKEND 1, ARQ-Arquitecto TI / PMO, SYS",Etapa 1,R5,P2-M5-005,Alta,Medio,Infraestructura,0,S17,Septiembre,Por etapa
Simulacro de falla: verificar que el sistema se recupera automaticamente,Pruebas controladas donde se apaga un servidor a proposito para verificar que el sistema cambia automaticamente al servidor de respaldo sin que los usuarios se vean afectados.,Etapa 1 - Plataforma Reportabilidad,MES5_OCTUBRE_Optimizacion,Backlog,High,2026-09-28,2026-11-30,"INFRAESTRUCTURA,PRUEBAS_CALIDAD,CRITICO",23,P2-M5-016,"SYS, QA",Etapa 1,R5,P2-M5-013,Alta,Alto,Infraestructura,0,S18,Septiembre,Por etapa
Optimizar velocidad de respuesta del servidor (afinamiento de rendimiento),Analizar donde el sistema tarda mas y optimizar esas partes. El objetivo es que el 99% de las operaciones respondan en menos de 100 milisegundos.,Etapa 1 - Plataforma Reportabilidad,MES5_OCTUBRE_Optimizacion,Backlog,High,2026-09-28,2026-11-30,"DATOS,PRUEBAS_CALIDAD",27,P2-M5-017,"BACKEND 1, ARQ-Arquitecto TI / PMO, QA",Etapa 1,R5,P1-M3-010,Alta,Medio,Backend,0,S18,Septiembre,Por etapa
Optimizar consultas a la base de datos para respuestas mas rapidas,"Analizar las consultas mas lentas de la base de datos, crear indices y optimizar la estructura para que las busquedas y reportes se generen en segundos.",Etapa 1 - Plataforma Reportabilidad,MES5_OCTUBRE_Optimizacion,Backlog,High,2026-09-21,2026-10-02,DATOS,15,P2-M5-018,"BACKEND 1, ARQ-Arquitecto TI / PMO",Etapa 1,R5,P2-M5-010,Alta,Medio,Backend,0,S17,Septiembre,Por etapa
Milestone: Infraestructura Productiva Lista,"Validación de infraestructura completa: HA, DR, monitoreo, CI/CD, seguridad.",Etapa 1 - Plataforma Reportabilidad,MES5_OCTUBRE_Optimizacion,Backlog,Urgent,2026-09-21,2026-11-30,"CRITICO,INFRAESTRUCTURA",8,P2-M5-019,"ARQ-Arquitecto TI / PMO, SYS",Etapa 1,R5,P2-M5-016,Baja,Alto,Infraestructura,0,S17,Septiembre,Por etapa
BE2: API de reconocimiento facial biométrico (InsightFace endpoint),"Servicio para registro y verificacion de identidad facial: captura de rostro, extraccion de caracteristicas, comparacion con rostros registrados. Procesamiento con GPU local. Umbral configurable de similitud. Deteccion de intentos de fraude (fotos o videos falsos).",Etapa 1 - Plataforma Reportabilidad,MES5_OCTUBRE_Optimizacion,Backlog,High,2026-11-02,2026-11-30,"INTELIGENCIA_ARTIFICIAL,SEGURIDAD",31,P2-M5-020,"BACKEND 2, IA-ML",Etapa 1,R5,P1-M2-006,Alta,Alto,Backend,0,S23,Noviembre,Por etapa
BE2: Detección de anomalías en streams de datos de sensores,"Motor de detección de anomalías sobre datos de telemetría en tiempo real: temperature spikes, pressure drops, vibración anormal. Algoritmos: Z-score, Isolation Forest, Moving Average. Genera alertas y triggers de notificación.",Etapa 1 - Plataforma Reportabilidad,MES5_OCTUBRE_Optimizacion,Backlog,High,2026-11-02,2026-11-30,"INTELIGENCIA_ARTIFICIAL,SENSORES,CRITICO",27,P2-M5-021,"BACKEND 1, BACKEND 2, ARQ-Arquitecto TI / PMO, IA-ML",Etapa 1,R5,P1-M2-011,Alta,Alto,Backend,0,S23,Noviembre,Por etapa
"IA: Revision integral automatica del informe (calidad, coherencia y completitud)","La IA revisa automaticamente cada informe antes de enviarlo a aprobacion y genera una calificacion de 0 a 100 con recomendaciones: verifica que todas las secciones obligatorias esten completas, que los datos numericos sean coherentes (no se contradigan entre secciones), que la redaccion sea clara y profesional, que cumpla con la plantilla correspondiente. Ahorra tiempo de revision al supervisor.",Etapa 1 - Plataforma Reportabilidad,MES5_OCTUBRE_Optimizacion,Backlog,High,2026-09-28,2026-11-30,"INTELIGENCIA_ARTIFICIAL,EDITOR_INFORMES",31,P2-M5-022,"BACKEND 2, IA-ML",Etapa 1,R5,P1-M4-026,Alta,Medio,IA,0,S18,Septiembre,Por etapa
IA: Convertir voz a texto para que el usuario dicte informes en espanol minero,"Servicio que permite al usuario dictar informes hablando en lugar de escribir: el usuario habla al microfono del dispositivo y el texto aparece en el editor en tiempo real. Optimizado para acento latinoamericano y vocabulario tecnico minero ('concentradora', 'molienda', 'relave'). Agrega puntuacion automatica. Respuesta en menos de 1 segundo por oracion.",Etapa 1 - Plataforma Reportabilidad,MES5_OCTUBRE_Optimizacion,Backlog,High,2026-09-21,2026-11-30,"INTELIGENCIA_ARTIFICIAL,EDITOR_INFORMES",37,P2-M5-024,IA-ML,Etapa 1,R5,P1-M4-026,Alta,Alto,IA,0,S17,Septiembre,Por etapa
IA: Dashboard de analytics predictivo de operaciones mineras,"Módulo de IA que analiza tendencias históricas de telemetría y genera predicciones: mantenimiento predictivo de equipos, estimación de producción, detección temprana de riesgos geotécnicos. Visualización con gráficos en el dashboard.",Etapa 1 - Plataforma Reportabilidad,MES5_OCTUBRE_Optimizacion,Backlog,Normal,2026-09-21,2026-11-30,"INTELIGENCIA_ARTIFICIAL,SENSORES,MAPAS",32,P2-M5-025,"FRONTEND 1, IA-ML",Etapa 1,R5,P2-M5-021,Alta,Alto,IA,0,S17,Septiembre,Por etapa
BE3: API Gateway externo con circuit breaker y rate limiting global,"Punto de acceso unico para todas las conexiones externas al sistema: control de acceso con claves de API, limitacion de peticiones por cliente, proteccion contra caidas de servicios externos (circuit breaker), registro de todas las operaciones, versionado de API (v1/v2).",Etapa 1 - Plataforma Reportabilidad,MES5_OCTUBRE_Optimizacion,Backlog,High,2026-09-28,2026-11-30,"DATOS,SEGURIDAD,INFRAESTRUCTURA",24,P2-M5-023,BACKEND 3,Etapa 1,R5,P2-M5-005,Alta,Alto,Backend,0,S18,Septiembre,Por etapa
"Pruebas de estrés: 10,000 sensores simultáneos",Simulación de carga máxima con 10K conexiones concurrentes de sensores IoT.,Etapa 1 - Plataforma Reportabilidad,MES6_NOVIEMBRE_GoLive,Backlog,Urgent,2026-11-02,2026-11-30,"PRUEBAS_CALIDAD,SENSORES,CRITICO",35,P2-M6-001,"BACKEND 1, ARQ-Arquitecto TI / PMO, SYS, QA",Etapa 1,R6,P2-M5-019,Alta,Alto,QA,0,S23,Noviembre,Por etapa
Pruebas de seguridad y penetración,"Pruebas profesionales de seguridad para intentar vulnerar el sistema: inyeccion de codigo, suplantacion de identidad, escalacion de permisos. Se verifica que el sistema resista todos los ataques conocidos.",Etapa 1 - Plataforma Reportabilidad,MES6_NOVIEMBRE_GoLive,Backlog,Urgent,2026-11-02,2026-11-30,"SEGURIDAD,PRUEBAS_CALIDAD,CRITICO",32,P2-M6-002,"BACKEND 2, QA",Etapa 1,R6,P2-M5-006,Alta,Alto,QA,0,S23,Noviembre,Por etapa
Simulacros de fallo y recuperación (DR drill),"Prueba real del plan de recuperacion ante desastres: se corta el servicio principal, se activa el servidor de respaldo, se verifica que todos los datos esten intactos.",Etapa 1 - Plataforma Reportabilidad,MES6_NOVIEMBRE_GoLive,Backlog,High,2026-11-02,2026-11-30,"INFRAESTRUCTURA,PRUEBAS_CALIDAD,CRITICO",23,P2-M6-003,"SYS, QA",Etapa 1,R6,P2-M5-013,Alta,Alto,QA,0,S23,Noviembre,Por etapa
Pruebas UAT con usuarios de operaciones mineras,"User Acceptance Testing con ingenieros de mina, supervisores y gerencia usando datos reales.",Etapa 1 - Plataforma Reportabilidad,MES6_NOVIEMBRE_GoLive,Backlog,Urgent,2026-11-02,2026-11-30,"PRUEBAS_CALIDAD,EXPERIENCIA_USUARIO,CRITICO",40,P2-M6-004,"FRONTEND 2, ARQ-Arquitecto TI / PMO, QA",Etapa 1,R6,P2-M6-001,Media,Alto,QA,0,S23,Noviembre,Por etapa
Ajuste fino de rendimiento post-pruebas,Correccion de los problemas de lentitud y errores detectados durante las pruebas de estres y las pruebas con usuarios reales.,Etapa 1 - Plataforma Reportabilidad,MES6_NOVIEMBRE_GoLive,Backlog,High,2026-11-02,2026-11-30,"DATOS,INFRAESTRUCTURA",19,P2-M6-005,"BACKEND 1, ARQ-Arquitecto TI / PMO, SYS",Etapa 1,R6,P2-M6-001,Alta,Medio,Backend,0,S23,Noviembre,Por etapa
Entrenamiento del Reconocimiento Facial y Traducción de Voz,Fine-tuning de modelos de reconocimiento facial (InsightFace) y STT para español minero.,Etapa 1 - Plataforma Reportabilidad,MES6_NOVIEMBRE_GoLive,Backlog,High,2026-11-02,2026-11-06,"INTELIGENCIA_ARTIFICIAL,CRITICO",29,P2-M6-006,IA-ML,Etapa 1,R6,,Alta,Alto,IA,0,S23,Noviembre,Por etapa
Protección contra fraudes y controles de seguridad avanzada,"Implementación de detección de anomalías, rate limiting, honeypots y audit logging.",Etapa 1 - Plataforma Reportabilidad,MES6_NOVIEMBRE_GoLive,Backlog,High,2026-11-02,2026-11-06,"SEGURIDAD,CRITICO",40,P2-M6-007,BACKEND 2,Etapa 1,R6,P2-M5-006,Alta,Alto,Backend,0,S23,Noviembre,Por etapa
Documentación final: manuales de usuario y operación,"Manuales de usuario final, guías de operación, runbooks, documentación de API.",Etapa 1 - Plataforma Reportabilidad,MES6_NOVIEMBRE_GoLive,Backlog,High,2026-11-02,2026-11-30,DOCUMENTACION,32,P2-M6-008,"ARQ-Arquitecto TI / PMO, QA",Etapa 1,R6,P2-M6-004,Media,Bajo,QA,0,S23,Noviembre,Por etapa
Marcha blanca con datos reales en unidad minera,Despliegue beta controlado en la mina: supervisores seleccionados usando el sistema en producción.,Etapa 1 - Plataforma Reportabilidad,MES6_NOVIEMBRE_GoLive,Backlog,Urgent,2026-11-02,2026-11-06,"PRODUCCION,CRITICO",38,P2-M6-009,"ARQ-Arquitecto TI / PMO, SYS, QA",Etapa 1,R6,P2-M6-004,Media,Alto,Arquitectura,0,S23,Noviembre,Por etapa
Corrección de bugs de marcha blanca,Sprint de hotfixes para bugs detectados durante la marcha blanca.,Etapa 1 - Plataforma Reportabilidad,MES6_NOVIEMBRE_GoLive,Backlog,Urgent,2026-11-02,2026-11-30,"DATOS,PRODUCCION",28,P2-M6-010,"BACKEND 1, BACKEND 3, FRONTEND 1, ARQ-Arquitecto TI / PMO",Etapa 1,R6,P2-M6-009,Media,Alto,Backend,0,S23,Noviembre,Por etapa
Aprobación gerencial y firma de aceptación,"Presentación ejecutiva de resultados, métricas de calidad y firma de aceptación formal.",Etapa 1 - Plataforma Reportabilidad,MES6_NOVIEMBRE_GoLive,Backlog,Urgent,2026-11-02,2026-11-30,"PRODUCCION,CRITICO,DOCUMENTACION",8,P2-M6-011,ARQ-Arquitecto TI / PMO,Etapa 1,R6,P2-M6-009,Baja,Alto,Arquitectura,0,S23,Noviembre,Por etapa
Pase a producción global (Hard-Launch LATAM),"Lanzamiento oficial del sistema en produccion: cambio de direccion web al nuevo servidor, desactivacion del sistema antiguo, vigilancia activa 24/7.",Etapa 1 - Plataforma Reportabilidad,MES6_NOVIEMBRE_GoLive,Backlog,Urgent,2026-11-02,2026-11-30,"PRODUCCION,CRITICO",16,P2-M6-012,"ARQ-Arquitecto TI / PMO, SYS",Etapa 1,R6,P2-M6-011,Media,Alto,Infraestructura,0,S23,Noviembre,Por etapa
Soporte post-GoLive y estabilización (Semana 26),Vigilancia intensiva del sistema durante la primera semana en produccion. Equipo de soporte disponible para resolver cualquier problema critico que aparezca.,Etapa 1 - Plataforma Reportabilidad,MES6_NOVIEMBRE_GoLive,Backlog,Urgent,2026-11-02,2026-11-06,PRODUCCION,35,P2-M6-013,"BACKEND 1, ARQ-Arquitecto TI / PMO, SYS, QA",Etapa 1,R6,P2-M6-012,Media,Alto,Backend,0,S23,Noviembre,Por etapa
Pruebas de estrés del editor: 50 usuarios editando simultáneamente,"Simulación de carga del ReportStudio con 50 usuarios concurrentes editando informes diferentes. Medir auto-save latency, WebSocket stability, lock contention, memory usage del browser.",Etapa 1 - Plataforma Reportabilidad,MES6_NOVIEMBRE_GoLive,Backlog,High,2026-11-02,2026-11-30,"PRUEBAS_CALIDAD,EDITOR_INFORMES,CRITICO",20,P2-M6-014,"BACKEND 1, ARQ-Arquitecto TI / PMO, QA",Etapa 1,R6,P2-M5-019,Alta,Alto,QA,0,S23,Noviembre,Por etapa
Pruebas de exportación masiva (100 informes concurrentes),"Stress test del pipeline de exportación: generar 100 PDFs/DOCXs simultáneamente. Validar queue ordering, calidad de output, memory leaks del motor de renderizado.",Etapa 1 - Plataforma Reportabilidad,MES6_NOVIEMBRE_GoLive,Backlog,High,2026-11-02,2026-11-30,"PRUEBAS_CALIDAD,EXPORTACION",16,P2-M6-015,"BACKEND 3, QA",Etapa 1,R6,P1-M4-029,Alta,Medio,QA,0,S23,Noviembre,Por etapa
Revisión semanal de arquitectura con equipo técnico,"Sesión semanal donde el Arquitecto TI revisa avance técnico, resuelve impedimentos de diseño, valida decisiones técnicas y asegura alineación del equipo con la arquitectura aprobada. 1h semanal × 26 semanas.",Etapa 1 - Plataforma Reportabilidad,PMO_Seguimiento,Backlog,High,2026-06-01,2026-07-03,"ARQUITECTURA,GESTION_PROYECTO",52,ARQ-G01,ARQ-Arquitecto TI / PMO,Etapa 1,R1,,Baja,Bajo,Arquitectura,0,S1,Junio,Por etapa
Reportes semanales de avance a Gerencia General,"Elaboración y presentación del reporte semanal de avance del proyecto: porcentaje de completitud por fase, riesgos activos, presupuesto ejecutado, hitos alcanzados. Formato ejecutivo de 1 página para Directorio.",Etapa 1 - Plataforma Reportabilidad,PMO_Seguimiento,Backlog,High,2026-06-30,2026-07-31,"GESTION_PROYECTO,GERENCIA,DOCUMENTACION",26,ARQ-G02,ARQ-Arquitecto TI / PMO,Etapa 1,R1,,Baja,Medio,Arquitectura,0,S5,Junio,Por etapa
Actualización quincenal del cronograma maestro en ClickUp,"Cada 2 semanas, el Arquitecto TI actualiza el cronograma en ClickUp: re-estima tareas, ajusta dependencias, rebalancea carga de recursos, actualiza fechas de milestones según avance real.",Etapa 1 - Plataforma Reportabilidad,PMO_Seguimiento,Backlog,High,2026-08-03,2026-09-04,"GESTION_PROYECTO,DOCUMENTACION",26,ARQ-G03,ARQ-Arquitecto TI / PMO,Etapa 1,R1,,Media,Medio,Arquitectura,0,S10,Agosto,Por etapa
Gestión de stakeholders y comunicación ejecutiva,"Coordinación continua con Gerencia Minera, Gerencia de TI y Directorio: gestión de expectativas, resolución de conflictos de prioridades, aprobaciones pendientes, comunicación de cambios de alcance.",Etapa 1 - Plataforma Reportabilidad,PMO_Seguimiento,Backlog,High,2026-08-03,2026-10-02,"GESTION_PROYECTO,GERENCIA",40,ARQ-G04,ARQ-Arquitecto TI / PMO,Etapa 1,R1,,Media,Alto,Arquitectura,0,S10,Agosto,Por etapa
Architecture Decision Records (ADR) por sprint,"Documentación formal de cada decisión arquitectónica importante: problema, alternativas evaluadas, decisión tomada, consecuencias. Un ADR por sprint mínimo. Registro vivo consultable por todo el equipo.",Etapa 1 - Plataforma Reportabilidad,PMO_Seguimiento,Backlog,Normal,2026-06-01,2026-10-02,"ARQUITECTURA,DOCUMENTACION",26,ARQ-G05,"BACKEND 2, ARQ-Arquitecto TI / PMO",Etapa 1,R1,,Media,Bajo,Arquitectura,0,S1,Junio,Por etapa
Revisiones de Production Readiness por release,"Antes de cada release (R1-R6), el Arquitecto TI lidera la revisión de preparación: checklist de calidad, seguridad, rendimiento, documentación, plan de rollback. Gate de aprobación obligatorio.",Etapa 1 - Plataforma Reportabilidad,PMO_Seguimiento,Backlog,Urgent,2026-09-28,2026-11-06,"ARQUITECTURA,CRITICO,GESTION_PROYECTO",24,ARQ-G06,ARQ-Arquitecto TI / PMO,Etapa 1,R1,,Media,Alto,Arquitectura,0,S18,Septiembre,Por etapa
Control presupuestal y tracking de costos del proyecto,"Seguimiento mensual del presupuesto: costos reales vs estimados por recurso, costos de infraestructura, licencias, equipamiento. Alerta temprana de desviaciones >10%. Reporte a Gerencia Financiera.",Etapa 1 - Plataforma Reportabilidad,PMO_Seguimiento,Backlog,Normal,2026-09-28,2026-11-06,"GESTION_PROYECTO,DOCUMENTACION",26,ARQ-G07,ARQ-Arquitecto TI / PMO,Etapa 1,R1,,Baja,Medio,Arquitectura,0,S18,Septiembre,Por etapa
Proceso de gestión de cambios (Change Management),"Establecer y operar el proceso formal de gestión de cambios: solicitud, evaluación de impacto, aprobación, implementación. Todo cambio de alcance, tecnología o timeline pasa por este proceso.",Etapa 1 - Plataforma Reportabilidad,PMO_Seguimiento,Backlog,High,2026-11-02,2026-11-30,"GESTION_PROYECTO,DOCUMENTACION",24,ARQ-G08,ARQ-Arquitecto TI / PMO,Etapa 1,R1,,Media,Alto,Arquitectura,0,S23,Noviembre,Por etapa
Mentoring técnico y transferencia de conocimiento al equipo,"Sesiones de mentoría del Arquitecto TI hacia el equipo: buenas prácticas C++, patrones de diseño, revisión de código arquitectónico, pair programming en problemas complejos. 2h/semana.",Etapa 1 - Plataforma Reportabilidad,PMO_Seguimiento,Backlog,Normal,2026-06-30,2026-11-30,"ARQUITECTURA,DOCUMENTACION",47,ARQ-G09,"ARQ-Arquitecto TI / PMO, IA-ML",Etapa 1,R1,,Baja,Bajo,Arquitectura,0,S5,Junio,Por etapa
Gestión de proveedores datacenter Lima y licencias,"Coordinación con proveedores del datacenter en Lima: contratos, SLAs, escalamientos, gestión de licencias de software, negociación de condiciones técnicas.",Etapa 1 - Plataforma Reportabilidad,PMO_Seguimiento,Backlog,Normal,2026-06-30,2026-10-02,"GESTION_PROYECTO,INFRAESTRUCTURA",24,ARQ-G10,ARQ-Arquitecto TI / PMO,Etapa 1,R2,,Media,Medio,Arquitectura,0,S5,Junio,Por etapa
Desarrollo del framework de automatización de pruebas,"Construcción del framework base de testing automatizado: Cypress para e2e, Jest para unitarios, k6 para performance. Estructura de proyectos, helpers, fixtures, reporters. Base para todo el testing del proyecto.",Etapa 1 - Plataforma Reportabilidad,QA_Transversal,Backlog,Urgent,2026-06-30,2026-07-31,"PRUEBAS_CALIDAD,DATOS",41,QA-T01,"FRONTEND 1, QA",Etapa 1,R2,,Alta,Medio,QA,0,S5,Junio,Por etapa
Testing de regresión continuo por sprint (quincenal),"Ejecución completa de la suite de regresión al final de cada sprint: funcional, integración, rendimiento base. Reporte de resultados con métricas de cobertura y defectos encontrados. 4h × 13 sprints.",Etapa 1 - Plataforma Reportabilidad,QA_Transversal,Backlog,High,2026-09-28,2026-11-06,PRUEBAS_CALIDAD,52,QA-T02,QA,Etapa 1,R2,QA-T01,Media,Medio,QA,0,S18,Septiembre,Por etapa
Verificación diaria de builds y smoke testing,"Verificación diaria de que el build compila, pasa tests básicos y los servicios arrancan correctamente. Smoke test de los flujos críticos (login, crear informe, guardar, exportar). 30min/día × 130 días.",Etapa 1 - Plataforma Reportabilidad,QA_Transversal,Backlog,High,2026-08-03,2026-11-30,"PRUEBAS_CALIDAD,DATOS",53,QA-T03,"FRONTEND 1, QA, IA-ML",Etapa 1,R1,,Baja,Bajo,QA,0,S10,Agosto,Por etapa
"Gestión de bugs: triage, priorización y seguimiento","Proceso diario de triage de bugs reportados: clasificación por severidad (crítico/alto/medio/bajo), asignación a responsable, seguimiento hasta resolución. Métricas de defectos abiertos/cerrados por sprint.",Etapa 1 - Plataforma Reportabilidad,QA_Transversal,Backlog,High,2026-08-31,2026-11-30,"PRUEBAS_CALIDAD,GESTION_PROYECTO",78,QA-T04,"ARQ-Arquitecto TI / PMO, QA",Etapa 1,R2,,Baja,Medio,QA,0,S14,Agosto,Por etapa
Testing cross-browser y multi-dispositivo,"Pruebas sistemáticas de la plataforma en Chrome, Firefox, Edge y Safari. Verificación en resoluciones: desktop (1920×1080, 1366×768), tablet (1024×768), mobile (375×667). Reporte de incompatibilidades.",Etapa 1 - Plataforma Reportabilidad,QA_Transversal,Backlog,Normal,2026-06-30,2026-09-04,"PRUEBAS_CALIDAD,EXPERIENCIA_USUARIO",32,QA-T05,"FRONTEND 2, QA",Etapa 1,R3,,Media,Medio,QA,0,S5,Junio,Por etapa
Pruebas de accesibilidad WCAG 2.1 nivel AA,"Auditoría de accesibilidad: navegación con teclado, lectores de pantalla (NVDA/VoiceOver), contraste de colores, textos alternativos, formularios accesibles. Cumplimiento de estándares internacionales.",Etapa 1 - Plataforma Reportabilidad,QA_Transversal,Backlog,Normal,2026-08-03,2026-11-06,"PRUEBAS_CALIDAD,EXPERIENCIA_USUARIO,SEGURIDAD",49,QA-T06,"FRONTEND 1, FRONTEND 2, QA",Etapa 1,R4,,Media,Medio,QA,0,S10,Agosto,Por etapa
Creación y mantenimiento de datos de prueba,"Generación de datasets sintéticos que simulan datos reales de la mina: 10K sensores, 500 informes, 50 usuarios, 20 zonas geográficas. Scripts de seed para ambientes QA y staging.",Etapa 1 - Plataforma Reportabilidad,QA_Transversal,Backlog,High,2026-06-30,2026-07-31,"PRUEBAS_CALIDAD,DATOS",27,QA-T07,"BACKEND 1, ARQ-Arquitecto TI / PMO, QA",Etapa 1,R2,,Media,Medio,QA,0,S5,Junio,Por etapa
Pruebas de rendimiento baseline por módulo,"Benchmarks de rendimiento de cada módulo: tiempo de carga de dashboard (<2s), tiempo de guardado de informe (<500ms), tiempo de exportación PDF (<5s), latencia de WebSocket (<20ms). Línea base para detectar regresiones.",Etapa 1 - Plataforma Reportabilidad,QA_Transversal,Backlog,High,2026-08-03,2026-10-02,"PRUEBAS_CALIDAD,DATOS",32,QA-T08,"BACKEND 1, ARQ-Arquitecto TI / PMO, QA",Etapa 1,R3,QA-T01,Alta,Medio,QA,0,S10,Agosto,Por etapa
Desarrollo de scripts de pruebas de estrés,"Scripts especializados para simular carga: k6 para APIs, WebSocket load tester para sensores, Selenium Grid para usuarios concurrentes. Escenarios: 10K sensores, 100 usuarios, 50 exportaciones simultáneas.",Etapa 1 - Plataforma Reportabilidad,QA_Transversal,Backlog,High,2026-09-28,2026-11-06,PRUEBAS_CALIDAD,38,QA-T09,"SYS, QA",Etapa 1,R4,QA-T01,Alta,Alto,QA,0,S18,Septiembre,Por etapa
Revisión de calidad de documentación técnica y funcional,"QA revisa toda la documentación del proyecto: manuales de usuario, documentación de API, arquitectura, runbooks. Verifica completitud, claridad, actualización. Feedback a autores para correcciones.",Etapa 1 - Plataforma Reportabilidad,QA_Transversal,Backlog,Normal,2026-09-28,2026-11-30,"PRUEBAS_CALIDAD,DOCUMENTACION",40,QA-T10,QA,Etapa 1,R3,,Baja,Bajo,QA,0,S18,Septiembre,Por etapa
Plan y ejecución de User Acceptance Testing (UAT),"Planificación completa del UAT: selección de usuarios piloto en la mina, preparación de casos de prueba en lenguaje de negocio, coordinación logística, ejecución acompañada, recopilación de feedback.",Etapa 1 - Plataforma Reportabilidad,QA_Transversal,Backlog,High,2026-08-31,2026-11-06,"PRUEBAS_CALIDAD,EXPERIENCIA_USUARIO,SOPORTE",40,QA-T11,"FRONTEND 2, ARQ-Arquitecto TI / PMO, QA",Etapa 1,R5,,Media,Alto,QA,0,S14,Agosto,Por etapa
Testing del editor en diferentes resoluciones y formatos,"Pruebas del ReportStudio en todas las resoluciones soportadas: verificar que reglas horizontales, tablas, imágenes y formatos se renderizan correctamente. Pruebas de impresión y exportación en cada resolución.",Etapa 1 - Plataforma Reportabilidad,QA_Transversal,Backlog,Normal,2026-08-03,2026-10-02,"PRUEBAS_CALIDAD,EDITOR_INFORMES",24,QA-T12,"FRONTEND 1, QA",Etapa 1,R4,,Media,Medio,QA,0,S10,Agosto,Por etapa
Testing del modo offline y sincronización,"Escenarios de prueba de desconexion: editar informe sin conexion, reconectar y verificar sincronizacion. Conflictos de edicion simultanea. Perdida de conexion durante exportacion. Recuperacion de datos locales.",Etapa 1 - Plataforma Reportabilidad,QA_Transversal,Backlog,High,2026-08-31,2026-11-06,"PRUEBAS_CALIDAD,SIN_CONEXION",32,QA-T13,"FRONTEND 2, QA",Etapa 1,R4,,Alta,Alto,QA,0,S14,Agosto,Por etapa
Investigación UX inicial: entrevistas con usuarios de mina,"Sesiones de investigación con ingenieros de mina, supervisores y operadores para entender cómo trabajan hoy, qué problemas tienen con los sistemas actuales, qué necesitan para su trabajo diario. Documentación de user personas y journey maps.",Etapa 1 - Plataforma Reportabilidad,MES1_JUNIO_Analisis_Arquitectura,Backlog,High,2026-06-01,2026-07-03,"EXPERIENCIA_USUARIO,SOPORTE,DOCUMENTACION",29,FE2-U01,FRONTEND 1,Etapa 1,R1,,Media,Medio,Frontend,0,S1,Junio,Por etapa
Investigación UX continua: sesiones de usabilidad quincenal,"Sesiones de usabilidad con usuarios reales cada 2 semanas durante el desarrollo. Pruebas de prototipos, validación de flujos, detección de problemas de usabilidad. Reporte con hallazgos y recomendaciones priorizadas.",Etapa 1 - Plataforma Reportabilidad,MES3_AGOSTO_UX_Sensores,Backlog,High,2026-07-27,2026-09-04,"EXPERIENCIA_USUARIO,SOPORTE",61,FE2-U02,"FRONTEND 1, FRONTEND 2, QA",Etapa 1,R2,FE2-U01,Media,Medio,Frontend,0,S9,Julio,Por etapa
Mantenimiento continuo del Design System y componentes,"Actualización del Design System a medida que se desarrollan nuevos componentes: documentación de uso, estados, variantes. Asegurar consistencia visual en toda la plataforma. Revisión de cumplimiento por sprint.",Etapa 1 - Plataforma Reportabilidad,MES3_AGOSTO_UX_Sensores,Backlog,Normal,2026-07-27,2026-09-04,"EXPERIENCIA_USUARIO,DOCUMENTACION",49,FE2-U03,"FRONTEND 1, FRONTEND 2",Etapa 1,R2,P1-M1-014,Media,Bajo,Frontend,0,S9,Julio,Por etapa
Diseño de pantallas específicas para tablets de campo,"Diseño e implementación de vistas optimizadas para tablets que se usan dentro de la mina: botones grandes (touch-friendly), lectura en luz solar, menús simplificados, modo de alta visibilidad. Compatible con guantes de seguridad.",Etapa 1 - Plataforma Reportabilidad,MES3_AGOSTO_UX_Sensores,Backlog,High,2026-07-27,2026-09-04,"EXPERIENCIA_USUARIO,CRITICO",42,FE2-U04,"FRONTEND 1, FRONTEND 2",Etapa 1,R3,P1-M1-014,Alta,Alto,Frontend,0,S9,Julio,Por etapa
"Soporte multi-idioma de la plataforma (espanol, ingles, portugues)","Preparar la plataforma para funcionar en 3 idiomas: espanol, ingles y portugues. El usuario puede cambiar el idioma en cualquier momento y toda la interfaz se traduce: menus, botones, mensajes, formatos de fecha y numeros. Necesario para operaciones mineras en varios paises de Latinoamerica.",Etapa 1 - Plataforma Reportabilidad,MES3_AGOSTO_UX_Sensores,Backlog,Normal,2026-08-03,2026-09-04,"EXPERIENCIA_USUARIO,INTEGRACION",33,FE2-U05,"FRONTEND 1, FRONTEND 2",Etapa 1,R3,,Alta,Medio,Frontend,0,S10,Agosto,Por etapa
Diseño de templates de email para notificaciones del sistema,"Diseño de plantillas HTML responsive para emails transaccionales: aprobación de informe, alerta de sensor, recordatorio de revisión, bienvenida. Branding corporativo minero, compatibilidad con Outlook/Gmail.",Etapa 1 - Plataforma Reportabilidad,MES4_SEPTIEMBRE_Integracion_QA,Backlog,Normal,2026-09-28,2026-11-06,"EXPERIENCIA_USUARIO,NOTIFICACIONES",24,FE2-U06,FRONTEND 2,Etapa 1,R4,,Media,Bajo,Frontend,0,S18,Septiembre,Por etapa
Diseño de plantillas visuales corporativas de informes,"Diseño de 10+ plantillas de informes mineros con carátula, membrete, estilos de tabla, gráficos corporativos: Informe Diario, Informe Semanal, Reporte de Incidente, Informe Gerencial, Reporte Ambiental, etc.",Etapa 1 - Plataforma Reportabilidad,MES4_SEPTIEMBRE_Integracion_QA,Backlog,High,2026-08-24,2026-11-06,"EXPERIENCIA_USUARIO,EDITOR_INFORMES,EXPORTACION",37,FE2-U07,"FRONTEND 1, FRONTEND 2",Etapa 1,R4,P1-M1-014,Alta,Medio,Frontend,0,S13,Agosto,Por etapa
Guia interactiva de bienvenida para nuevos usuarios de la plataforma,"Cuando un usuario entra por primera vez a la plataforma, se muestra un tour guiado paso a paso: como configurar su perfil, como crear su primer informe, como usar el editor, como aprobar documentos. El objetivo es que el usuario pueda empezar a trabajar sin necesidad de capacitacion externa.",Etapa 1 - Plataforma Reportabilidad,MES4_SEPTIEMBRE_Integracion_QA,Backlog,Normal,2026-08-31,2026-10-02,"EXPERIENCIA_USUARIO,SOPORTE",24,FE2-U08,FRONTEND 2,Etapa 1,R4,,Media,Bajo,Frontend,0,S14,Agosto,Por etapa
"Sistema de ayuda contextual (tooltips, guías, FAQ)","Implementación de ayuda contextual en cada módulo: tooltips en iconos/botones, guías paso a paso para flujos complejos (aprobación, exportación, firma), sección de FAQ. Reducir tickets de soporte.",Etapa 1 - Plataforma Reportabilidad,MES4_SEPTIEMBRE_Integracion_QA,Backlog,Normal,2026-08-24,2026-09-04,"EXPERIENCIA_USUARIO,SOPORTE",32,FE2-U09,FRONTEND 2,Etapa 1,R4,,Media,Bajo,Frontend,0,S13,Agosto,Por etapa
"Diseño del módulo de administración (usuarios, roles, config)","Pantallas administrativas para el administrador del sistema: gestión de usuarios, asignación de roles, configuración de tenant, logs de auditoría visual, configuración de notificaciones, parámetros del sistema.",Etapa 1 - Plataforma Reportabilidad,MES4_SEPTIEMBRE_Integracion_QA,Backlog,High,2026-08-24,2026-11-06,"EXPERIENCIA_USUARIO,SEGURIDAD,GERENCIA",32,FE2-U10,"FRONTEND 1, FRONTEND 2",Etapa 1,R4,,Alta,Medio,Frontend,0,S13,Agosto,Por etapa
Diseño del dashboard ejecutivo para Gerencia,"Dashboard de alto nivel para gerentes y directores: KPIs de producción, estado de informes, alertas de sensores, mapa ejecutivo simplificado, indicadores de cumplimiento. Vista de un vistazo (glanceable).",Etapa 1 - Plataforma Reportabilidad,MES4_SEPTIEMBRE_Integracion_QA,Backlog,High,2026-08-24,2026-11-06,"EXPERIENCIA_USUARIO,GERENCIA",32,FE2-U11,FRONTEND 2,Etapa 1,R4,P1-M1-016,Alta,Medio,Frontend,0,S13,Agosto,Por etapa
Auditoría de accesibilidad WCAG completa y correcciones,"Auditoría exhaustiva de accesibilidad en toda la plataforma: contraste, navegación por teclado, ARIA labels, formularios, tablas de datos. Corrección de todos los hallazgos nivel AA.",Etapa 1 - Plataforma Reportabilidad,MES5_OCTUBRE_Optimizacion,Backlog,High,2026-09-28,2026-11-30,"EXPERIENCIA_USUARIO,SEGURIDAD,PRUEBAS_CALIDAD",40,FE2-U12,"FRONTEND 1, FRONTEND 2, QA",Etapa 1,R5,,Alta,Medio,Frontend,0,S18,Septiembre,Por etapa
Pruebas de usabilidad en entorno minero real (in-situ),"Visita a la unidad minera para pruebas de usabilidad in-situ: usar la plataforma en condiciones reales (polvo, luz solar, guantes, ruido). Documentar problemas específicos del entorno y ajustar la UX.",Etapa 1 - Plataforma Reportabilidad,MES5_OCTUBRE_Optimizacion,Backlog,High,2026-11-02,2026-11-30,"EXPERIENCIA_USUARIO,SOPORTE",32,FE2-U13,"FRONTEND 2, ARQ-Arquitecto TI / PMO",Etapa 1,R5,,Media,Alto,Frontend,0,S23,Noviembre,Por etapa
Material de capacitación para usuarios finales,"Creación de material de entrenamiento: video-tutoriales (5-10 min cada uno), guía rápida imprimible (2 páginas), manual de usuario completo, guía de troubleshooting. Para supervisores, ingenieros y gerentes.",Etapa 1 - Plataforma Reportabilidad,MES6_NOVIEMBRE_GoLive,Backlog,High,2026-11-02,2026-11-30,"SOPORTE,DOCUMENTACION",48,FE2-U14,"FRONTEND 2, QA",Etapa 1,R6,,Media,Medio,Frontend,0,S23,Noviembre,Por etapa
Soporte a usuarios durante marcha blanca y GoLive,"Soporte dedicado on-site y remoto durante la marcha blanca: resolver dudas de usuarios, registrar issues, priorizar bugs de UX, ajustes rápidos de interfaz basados en feedback directo.",Etapa 1 - Plataforma Reportabilidad,MES6_NOVIEMBRE_GoLive,Backlog,Urgent,2026-11-02,2026-11-30,"SOPORTE,PRODUCCION",48,FE2-U15,"FRONTEND 1, FRONTEND 2",Etapa 1,R6,,Media,Alto,Frontend,0,S23,Noviembre,Por etapa
Documentación de guías de usuario visuales (screenshots),"Manual de usuario visual con capturas de pantalla anotadas de cada flujo: cómo crear un informe, cómo aprobar, cómo exportar, cómo usar el mapa, cómo configurar alertas. Formato PDF y ayuda online.",Etapa 1 - Plataforma Reportabilidad,MES6_NOVIEMBRE_GoLive,Backlog,High,2026-11-02,2026-11-30,"DOCUMENTACION,SOPORTE",40,FE2-U16,"FRONTEND 1, FRONTEND 2",Etapa 1,R6,,Media,Bajo,Frontend,0,S23,Noviembre,Por etapa
Recopilar y preparar datos reales de la mina para entrenar los modelos de IA,"Recopilar datos necesarios para que la inteligencia artificial aprenda: fotografias de trabajadores con y sin equipo de proteccion personal (casco, chaleco, lentes), grabaciones de voz con vocabulario tecnico minero, e informes historicos de la mina para que la IA aprenda a corregir y predecir texto. Limpiar, etiquetar y organizar estos datos.",Etapa 1 - Plataforma Reportabilidad,MES1_JUNIO_Analisis_Arquitectura,Backlog,High,2026-06-01,2026-07-03,"INTELIGENCIA_ARTIFICIAL,DATOS",39,IA-M01,"BACKEND 1, ARQ-Arquitecto TI / PMO",Etapa 1,R1,,Alta,Alto,IA,0,S1,Junio,Por etapa
Pipeline de preprocesamiento de datos para modelos de IA,"Construcción de pipelines automatizados de preprocesamiento: normalización de imágenes, augmentation, tokenización de texto, feature extraction de audio. Reproducibles y versionados con DVC.",Etapa 1 - Plataforma Reportabilidad,MES2_JULIO_Core_Seguridad,Backlog,High,2026-06-30,2026-07-31,INTELIGENCIA_ARTIFICIAL,37,IA-M02,IA-ML,Etapa 1,R2,IA-M01,Alta,Medio,IA,0,S5,Junio,Por etapa
Preparar servidor de Inteligencia Artificial (GPU + MLflow),"OBJETIVO: Infraestructura para entrenar, probar y publicar modelos de IA del proyecto.

PARA LA MINA: Base para OCR, prediccion de fallas, sugerencias en informes y analisis de sensores.

ENTREGABLE: Servidor con GPU, MLflow, pipeline de despliegue de modelos, acceso seguro para equipo IA.

VPS REQUERIDO: SI — puede ser nodo GPU en VPS desarrollo o servidor dedicado (~agosto 2026, semana 9).

DEPENDE DE: DEV-003 (VPS desarrollo operativo).

EXITO: Equipo IA entrena un modelo y lo publica en ambiente compartido.",Etapa 1 - Plataforma Reportabilidad,MES2_JULIO_Core_Seguridad,Backlog,High,2026-06-30,2026-07-31,"INTELIGENCIA_ARTIFICIAL,INFRAESTRUCTURA",44,IA-M03,"SYS, IA-ML",Etapa 1,R3,DEV-003,Alta,Alto,IA,0,S5,Junio,Por etapa
Servicio OCR para documentos escaneados en mina,"Microservicio de OCR que permite subir documentos escaneados (partes de trabajo, formularios en papel) y extraer texto automáticamente. Usa Tesseract + post-procesamiento con NLP para limpiar resultados.",Etapa 1 - Plataforma Reportabilidad,MES3_AGOSTO_UX_Sensores,Backlog,Normal,2026-08-03,2026-09-04,"INTELIGENCIA_ARTIFICIAL,EDITOR_INFORMES",37,IA-M04,IA-ML,Etapa 1,R3,IA-M02,Alta,Medio,IA,0,S10,Agosto,Por etapa
Motor de recomendaciones de informes similares,"Sistema que sugiere informes similares al que el usuario está creando: 'Otros informes sobre esta zona', 'Informes similares del mes anterior'. Usa embeddings de texto + búsqueda vectorial.",Etapa 1 - Plataforma Reportabilidad,MES3_AGOSTO_UX_Sensores,Backlog,Normal,2026-08-03,2026-09-04,"INTELIGENCIA_ARTIFICIAL,EDITOR_INFORMES,DATOS",30,IA-M05,IA-ML,Etapa 1,R3,IA-M02,Alta,Medio,IA,0,S10,Agosto,Por etapa
Detectar automaticamente la urgencia de informes de incidentes,"La IA analiza el contenido de los informes de incidentes y determina automaticamente su nivel de urgencia: detecta palabras de alerta ('colapso', 'fuga', 'evacuacion'), evalua la gravedad descrita, y si detecta un informe critico, lo escala automaticamente al supervisor inmediato con notificacion prioritaria.",Etapa 1 - Plataforma Reportabilidad,MES3_AGOSTO_UX_Sensores,Backlog,Normal,2026-08-03,2026-09-04,"INTELIGENCIA_ARTIFICIAL,EDITOR_INFORMES,NOTIFICACIONES",30,IA-M06,IA-ML,Etapa 1,R3,IA-M02,Alta,Medio,IA,0,S10,Agosto,Por etapa
Prediccion de escritura en linea: sugerir texto mientras el usuario escribe,"Mientras el usuario escribe en el editor de informes, la IA muestra sugerencias en gris que el usuario puede aceptar con Tab: completa terminos tecnicos ('chan' -> 'chancadora primaria'), sugiere nombres de zonas de la mina, completa frases frecuentes en informes. El modelo esta entrenado con informes historicos de la operacion minera.",Etapa 1 - Plataforma Reportabilidad,MES4_SEPTIEMBRE_Integracion_QA,Backlog,High,2026-08-31,2026-10-02,"INTELIGENCIA_ARTIFICIAL,EDITOR_INFORMES",37,IA-M07,IA-ML,Etapa 1,R4,IA-M02,Alta,Medio,IA,0,S14,Agosto,Por etapa
API de generación de gráficos inteligentes desde datos,"Servicio que recibe datos tabulares del informe y sugiere automáticamente el mejor tipo de gráfico (barras, líneas, pie, scatter). Genera el gráfico con título y etiquetas automáticos.",Etapa 1 - Plataforma Reportabilidad,MES4_SEPTIEMBRE_Integracion_QA,Backlog,Normal,2026-08-31,2026-11-06,"INTELIGENCIA_ARTIFICIAL,EDITOR_INFORMES,EXPORTACION",29,IA-M08,"FRONTEND 1, IA-ML",Etapa 1,R4,,Alta,Medio,IA,0,S14,Agosto,Por etapa
IA: Informe predictivo de fallas y eventos criticos en equipos de la mina,"Modelo de inteligencia artificial que analiza continuamente los datos de sensores (vibracion, temperatura, presion, desgaste) y predice fallas ANTES de que ocurran: 'La bomba #3 tiene 85% de probabilidad de fallar en las proximas 48 horas'. Genera informe predictivo automatico con recomendaciones de mantenimiento preventivo. Alerta al equipo de mantenimiento con 24-72 horas de anticipacion, evitando paradas no planificadas que cuestan miles de dolares.",Etapa 1 - Plataforma Reportabilidad,MES5_OCTUBRE_Optimizacion,Backlog,High,2026-11-02,2026-11-30,"INTELIGENCIA_ARTIFICIAL,SENSORES",51,IA-M09,"QA, IA-ML",Etapa 1,R5,P2-M5-021,Alta,Alto,IA,0,S23,Noviembre,Por etapa
IA: Mejora automatica del contexto y redaccion de textos del informe,"La IA sugiere mejoras de redaccion mientras el usuario escribe: detecta frases confusas o ambiguas y propone alternativas mas claras, sugiere sinonimos tecnicos mas precisos, mejora la estructura de parrafos, verifica que las conclusiones sean coherentes con los datos presentados. El usuario acepta o rechaza cada sugerencia.",Etapa 1 - Plataforma Reportabilidad,MES5_OCTUBRE_Optimizacion,Backlog,High,2026-09-21,2026-10-02,"INTELIGENCIA_ARTIFICIAL,EDITOR_INFORMES",37,IA-M18,IA-ML,Etapa 1,R5,P1-M3-026,Alta,Medio,IA,0,S17,Septiembre,Por etapa
"IA: Corrector integral de documentos — verificacion de datos, referencias y formulas","Herramienta de IA que revisa la integridad completa del informe: verifica que las formulas y calculos sean correctos, que las referencias cruzadas entre secciones coincidan, que las unidades de medida sean consistentes (no mezclar kg con toneladas sin conversion), que las fechas y nombres mencionados existan en el sistema. Genera reporte de errores encontrados.",Etapa 1 - Plataforma Reportabilidad,MES5_OCTUBRE_Optimizacion,Backlog,High,2026-09-21,2026-11-30,"INTELIGENCIA_ARTIFICIAL,EDITOR_INFORMES,DATOS",37,IA-M19,IA-ML,Etapa 1,R5,P2-M5-022,Alta,Alto,IA,0,S17,Septiembre,Por etapa
Optimización y compresión de modelos para inferencia rápida,"Optimización de modelos para producción: cuantización INT8, pruning, ONNX export, benchmarking de latencia. Target: reconocimiento facial <200ms, NLP <100ms, detección EPP <500ms.",Etapa 1 - Plataforma Reportabilidad,MES5_OCTUBRE_Optimizacion,Backlog,High,2026-11-02,2026-11-30,INTELIGENCIA_ARTIFICIAL,37,IA-M10,IA-ML,Etapa 1,R5,,Alta,Medio,IA,0,S23,Noviembre,Por etapa
"Documentación completa de modelos, métricas y limitaciones","Model Cards para cada modelo en producción: arquitectura, datos de entrenamiento, métricas de accuracy/recall/F1, limitaciones conocidas, sesgos detectados, condiciones de uso. Requerido para auditoría.",Etapa 1 - Plataforma Reportabilidad,MES5_OCTUBRE_Optimizacion,Backlog,Normal,2026-09-28,2026-11-06,"INTELIGENCIA_ARTIFICIAL,DOCUMENTACION,SEGURIDAD",30,IA-M11,IA-ML,Etapa 1,R5,,Media,Bajo,IA,0,S18,Septiembre,Por etapa
Benchmark y evaluación comparativa de modelos en producción,"Evaluación rigurosa de cada modelo con datos de validación mineros reales: accuracy por condición (día/noche, polvo, distancia), falsos positivos/negativos, comparación con baseline humano.",Etapa 1 - Plataforma Reportabilidad,MES5_OCTUBRE_Optimizacion,Backlog,High,2026-09-21,2026-11-06,"INTELIGENCIA_ARTIFICIAL,PRUEBAS_CALIDAD",31,IA-M12,"QA, IA-ML",Etapa 1,R5,IA-M10,Alta,Alto,IA,0,S17,Septiembre,Por etapa
Vigilar que los modelos de IA sigan funcionando correctamente en produccion,"Sistema que monitorea continuamente la calidad de las predicciones de la IA en produccion: si un modelo empieza a equivocarse mas de lo normal (porque los datos cambiaron o las condiciones son diferentes a las de entrenamiento), el sistema genera alerta automatica indicando que necesita re-entrenamiento.",Etapa 1 - Plataforma Reportabilidad,MES6_NOVIEMBRE_GoLive,Backlog,High,2026-11-02,2026-11-30,"INTELIGENCIA_ARTIFICIAL,INFRAESTRUCTURA",37,IA-M13,IA-ML,Etapa 1,R6,IA-M10,Alta,Alto,IA,0,S23,Noviembre,Por etapa
Entrenamiento con datos reales de producción (fine-tuning final),"Una vez en producción, re-entrenar modelos con datos reales de la mina (en lugar de datos sintéticos/históricos). Mejora significativa en accuracy. Fine-tuning de STT con acentos locales.",Etapa 1 - Plataforma Reportabilidad,MES6_NOVIEMBRE_GoLive,Backlog,High,2026-11-02,2026-11-13,INTELIGENCIA_ARTIFICIAL,45,IA-M14,IA-ML,Etapa 1,R6,IA-M13,Alta,Alto,IA,0,S23,Noviembre,Por etapa
Pipeline de evaluación automática de calidad de datos,"Sistema que evalúa la calidad de los datasets de entrenamiento: detección de duplicados, valores faltantes, distribución de clases, outliers. Reporte automático de calidad. Gate de calidad antes de entrenar.",Etapa 1 - Plataforma Reportabilidad,MES3_AGOSTO_UX_Sensores,Backlog,High,2026-07-27,2026-08-07,"INTELIGENCIA_ARTIFICIAL,DATOS",37,IA-M15,IA-ML,Etapa 1,R3,IA-M01,Alta,Medio,IA,0,S9,Julio,Por etapa
Modelo de detección de anomalías en informes (contenido),"Detector de anomalías en contenido de informes: valores numéricos fuera de rango, textos duplicados de informes anteriores, secciones faltantes obligatorias. Alertas antes de la aprobación del informe.",Etapa 1 - Plataforma Reportabilidad,MES4_SEPTIEMBRE_Integracion_QA,Backlog,Normal,2026-08-31,2026-10-02,"INTELIGENCIA_ARTIFICIAL,EDITOR_INFORMES,PRUEBAS_CALIDAD",37,IA-M16,IA-ML,Etapa 1,R4,IA-M02,Alta,Medio,IA,0,S14,Agosto,Por etapa
Dashboard de métricas de todos los modelos de IA en producción,"Panel unificado con las métricas de cada modelo: accuracy actual, número de inferencias/día, latencia p50/p95, drift score, fecha de último re-entrenamiento. Visible para equipo técnico y gerencia.",Etapa 1 - Plataforma Reportabilidad,MES5_OCTUBRE_Optimizacion,Backlog,High,2026-09-21,2026-11-30,"INTELIGENCIA_ARTIFICIAL,GERENCIA",39,IA-M17,IA-ML,Etapa 1,R5,IA-M12,Alta,Medio,IA,0,S17,Septiembre,Por etapa
Auditoría de seguridad por sprint (revisión quincenal),"Revisión de seguridad recurrente cada sprint: nuevo código, nuevos endpoints, nuevas dependencias. Checklist OWASP, análisis de dependencias (CVE), revisión de secrets, validación de permisos.",Etapa 1 - Plataforma Reportabilidad,MES2_JULIO_Core_Seguridad,Backlog,High,2026-06-30,2026-07-31,"SEGURIDAD,PRUEBAS_CALIDAD",52,BE2-S01,"BACKEND 2, QA, IA-ML",Etapa 1,R2,,Media,Alto,Backend,0,S5,Junio,Por etapa
Escaneo automatizado de vulnerabilidades en dependencias,"Configuración de escaneo automático de vulnerabilidades en dependencias C++ (vcpkg), Python (pip), JavaScript (npm). Integración en CI/CD. Alerta y bloqueo de builds con CVEs críticos.",Etapa 1 - Plataforma Reportabilidad,MES2_JULIO_Core_Seguridad,Backlog,High,2026-06-30,2026-07-03,"SEGURIDAD,INFRAESTRUCTURA",32,BE2-S02,BACKEND 2,Etapa 1,R2,,Alta,Alto,Backend,0,S5,Junio,Por etapa
Control de sesiones de usuario: desconexion automatica y limite de accesos simultaneos,"Seguridad de las sesiones de usuario: cierre automatico despues de 30 minutos sin actividad, maximo 8 horas de sesion continua, posibilidad de cerrar sesiones remotamente, maximo 3 sesiones simultaneas por usuario, alerta si se detecta acceso desde una ubicacion inusual.",Etapa 1 - Plataforma Reportabilidad,MES3_AGOSTO_UX_Sensores,Backlog,High,2026-08-03,2026-09-04,"SEGURIDAD,DATOS",24,BE2-S04,BACKEND 2,Etapa 1,R3,P1-M2-006,Alta,Alto,Backend,0,S10,Agosto,Por etapa
Proteccion contra ataques: filtro de datos maliciosos en formularios y editor,"Sistema centralizado que filtra y bloquea datos peligrosos que un atacante podria enviar al sistema: inyeccion de codigo en formularios, scripts maliciosos en el editor de informes, manipulacion de peticiones. Cada dato que entra al sistema pasa por este filtro antes de procesarse.",Etapa 1 - Plataforma Reportabilidad,MES3_AGOSTO_UX_Sensores,Backlog,Urgent,2026-08-03,2026-09-04,"SEGURIDAD,DATOS,EDITOR_INFORMES",32,BE2-S05,BACKEND 2,Etapa 1,R3,,Alta,Alto,Backend,0,S10,Agosto,Por etapa
"Configuración de headers de seguridad HTTP (CORS, CSP, HSTS)","Implementación de todos los headers de seguridad: Content-Security-Policy, Strict-Transport-Security, X-Content-Type-Options, X-Frame-Options, CORS restrictivo. Configuración por ambiente.",Etapa 1 - Plataforma Reportabilidad,MES3_AGOSTO_UX_Sensores,Backlog,High,2026-07-27,2026-07-31,"SEGURIDAD,INFRAESTRUCTURA",16,BE2-S06,BACKEND 2,Etapa 1,R3,,Media,Medio,Backend,0,S9,Julio,Por etapa
Documentación de compliance minero y protección de datos personales,"Documentación de cumplimiento: política de privacidad, tratamiento de datos biométricos (ley de protección de datos Perú), retención de datos, acceso a información, derecho al olvido. Requerido por legal.",Etapa 1 - Plataforma Reportabilidad,MES4_SEPTIEMBRE_Integracion_QA,Backlog,High,2026-08-24,2026-10-02,"SEGURIDAD,DOCUMENTACION",32,BE2-S07,"BACKEND 2, ARQ-Arquitecto TI / PMO",Etapa 1,R4,,Media,Alto,Backend,0,S13,Agosto,Por etapa
Servicio de rotación automática de claves criptográficas,"Sistema automatizado de rotación de claves: JWT signing keys (cada 30 días), encryption keys (cada 90 días), API keys de integraciones. Zero-downtime rotation, backward compatibility durante ventana de transición.",Etapa 1 - Plataforma Reportabilidad,MES4_SEPTIEMBRE_Integracion_QA,Backlog,High,2026-08-31,2026-10-02,"SEGURIDAD,DATOS",24,BE2-S08,BACKEND 2,Etapa 1,R4,P1-M2-006,Alta,Alto,Backend,0,S14,Agosto,Por etapa
Monitoreo de seguridad y alertas (SIEM básico),"Stack básico de SIEM: recolección de logs de seguridad, correlación de eventos, alertas de anomalías (múltiples intentos de login fallidos, acceso desde IP inusual, escalación de privilegios). Dashboard de seguridad.",Etapa 1 - Plataforma Reportabilidad,MES5_OCTUBRE_Optimizacion,Backlog,High,2026-09-28,2026-11-06,"SEGURIDAD,INFRAESTRUCTURA",40,BE2-S09,BACKEND 2,Etapa 1,R5,,Alta,Alto,Backend,0,S18,Septiembre,Por etapa
Hardening de contenedores Docker (security scanning),"Seguridad de contenedores: imagen base mínima (distroless), escaneo de imágenes (Trivy), no root, read-only filesystem, seccomp profiles, network policies. Checklist de seguridad por contenedor.",Etapa 1 - Plataforma Reportabilidad,MES5_OCTUBRE_Optimizacion,Backlog,High,2026-11-02,2026-11-30,"SEGURIDAD,INFRAESTRUCTURA",32,BE2-S10,BACKEND 2,Etapa 1,R5,,Alta,Alto,Backend,0,S23,Noviembre,Por etapa
Playbook de respuesta a incidentes de seguridad,"Documento operativo: qué hacer en caso de brecha de seguridad, acceso no autorizado, ransomware, DDoS. Roles, contactos, pasos de contención, comunicación, evidencia forense. Simulacro incluido.",Etapa 1 - Plataforma Reportabilidad,MES5_OCTUBRE_Optimizacion,Backlog,High,2026-09-21,2026-10-02,"SEGURIDAD,INFRAESTRUCTURA,DOCUMENTACION",24,BE2-S11,"BACKEND 2, ARQ-Arquitecto TI / PMO",Etapa 1,R5,,Media,Alto,Backend,0,S17,Septiembre,Por etapa
Encriptación de backups y verificación de integridad,Todos los backups se encriptan con AES-256-GCM antes del almacenamiento. Verificación de integridad con SHA-256 checksums. Testing mensual de restauración desde backup encriptado. Chain of custody documentada.,Etapa 1 - Plataforma Reportabilidad,MES5_OCTUBRE_Optimizacion,Backlog,High,2026-09-21,2026-11-30,"SEGURIDAD,INFRAESTRUCTURA",20,BE2-S12,"BACKEND 1, BACKEND 2, ARQ-Arquitecto TI / PMO",Etapa 1,R5,,Alta,Alto,Backend,0,S17,Septiembre,Por etapa
Capacitación de seguridad al equipo de desarrollo,"Sesión de capacitación sobre desarrollo seguro: OWASP Top 10, manejo seguro de secrets, revisión de código seguro, principio de mínimo privilegio. 2 sesiones de 4h para todo el equipo.",Etapa 1 - Plataforma Reportabilidad,MES5_OCTUBRE_Optimizacion,Backlog,Normal,2026-11-02,2026-11-30,"SEGURIDAD,DOCUMENTACION",16,BE2-S13,BACKEND 2,Etapa 1,R5,,Baja,Bajo,Backend,0,S23,Noviembre,Por etapa
Testing de recuperación ante ataques simulados,"Simulacros controlados de seguridad: ataque de saturacion simulado (verificar proteccion contra sobrecarga), intento de inyeccion de codigo (verificar filtros de seguridad), intento de acceso no autorizado (verificar permisos por rol), acceso con credenciales comprometidas (verificar bloqueo automatico).",Etapa 1 - Plataforma Reportabilidad,MES6_NOVIEMBRE_GoLive,Backlog,High,2026-11-02,2026-11-30,"SEGURIDAD,PRUEBAS_CALIDAD",32,BE2-S14,"BACKEND 2, QA",Etapa 1,R6,BE2-S11,Alta,Alto,Backend,0,S23,Noviembre,Por etapa
Auditoría de seguridad final pre-GoLive,"Auditoría de seguridad completa antes del lanzamiento: pentesting externo, revisión de configuraciones, verificación de encriptación, validación de permisos, escaneo de vulnerabilidades final. Go/NoGo de seguridad.",Etapa 1 - Plataforma Reportabilidad,MES6_NOVIEMBRE_GoLive,Backlog,Urgent,2026-11-02,2026-11-30,"SEGURIDAD,CRITICO",32,BE2-S15,"BACKEND 2, ARQ-Arquitecto TI / PMO",Etapa 1,R6,,Alta,Alto,Backend,0,S23,Noviembre,Por etapa
Gestión segura de secretos y credenciales (HashiCorp Vault),"Implementación de vault para gestión centralizada de secretos: API keys, contraseñas de BD, certificados. Acceso por políticas, rotación automática, auditoría de accesos. Eliminación de secrets en código/configs.",Etapa 1 - Plataforma Reportabilidad,MES3_AGOSTO_UX_Sensores,Backlog,High,2026-08-03,2026-09-04,"SEGURIDAD,INFRAESTRUCTURA",32,BE2-S16,BACKEND 2,Etapa 1,R3,,Alta,Alto,Backend,0,S10,Agosto,Por etapa
Revision de seguridad de servicios de terceros integrados,"Auditoria de seguridad de cada servicio externo integrado (SMS gateway, servicios de correo, APIs de notificacion): verificar autenticacion, cifrado en transito, validacion de certificados, manejo de tokens, tiempos de espera. Documentar riesgos de cada integracion.",Etapa 1 - Plataforma Reportabilidad,MES4_SEPTIEMBRE_Integracion_QA,Backlog,High,2026-08-31,2026-10-02,"SEGURIDAD,INTEGRACION",32,BE2-S17,BACKEND 2,Etapa 1,R4,,Alta,Alto,Backend,0,S14,Agosto,Por etapa
Testing de penetración interno (preparación pre-auditoría),"Pentesting interno usando herramientas automatizadas (OWASP ZAP, Burp Suite): escaneo de endpoints, fuzzing de inputs, testing de autenticación/autorización, análisis de cookies/tokens. Reporte con hallazgos.",Etapa 1 - Plataforma Reportabilidad,MES5_OCTUBRE_Optimizacion,Backlog,High,2026-09-28,2026-11-06,"SEGURIDAD,PRUEBAS_CALIDAD",40,BE2-S18,BACKEND 2,Etapa 1,R5,,Alta,Alto,Backend,0,S18,Septiembre,Por etapa
Monitoreo de seguridad en producción durante marcha blanca,"Vigilancia activa de seguridad durante las primeras semanas en produccion: revision de registros de acceso, deteccion de patrones anomalos, verificacion de limites de peticiones, validacion de controles de acceso activos.",Etapa 1 - Plataforma Reportabilidad,MES6_NOVIEMBRE_GoLive,Backlog,Urgent,2026-11-02,2026-11-30,"SEGURIDAD,PRODUCCION",47,BE2-S19,"BACKEND 2, SYS",Etapa 1,R6,,Media,Alto,Backend,0,S23,Noviembre,Por etapa
Documentación API completa (Swagger/OpenAPI 3.0),"Documentación auto-generada de todas las APIs REST: endpoints, parámetros, respuestas, códigos de error, ejemplos. Portal interactivo Swagger UI para el equipo y futuros integradores.",Etapa 1 - Plataforma Reportabilidad,MES2_JULIO_Core_Seguridad,Backlog,High,2026-06-30,2026-07-31,"INTEGRACION,DOCUMENTACION,DATOS",32,BE3-I01,BACKEND 3,Etapa 1,R2,P1-M2-005,Media,Bajo,Backend,0,S5,Junio,Por etapa
Monitoreo de salud de integraciones (health dashboard),"Dashboard de monitoreo que muestra el estado de cada integración: API legacy (up/down/degraded), Kafka (lag, throughput), ETL (última ejecución, errores), WebSocket (conexiones activas). Alertas automáticas.",Etapa 1 - Plataforma Reportabilidad,MES3_AGOSTO_UX_Sensores,Backlog,High,2026-07-27,2026-08-07,"INTEGRACION,INFRAESTRUCTURA",32,BE3-I02,BACKEND 3,Etapa 1,R3,,Alta,Medio,Backend,0,S9,Julio,Por etapa
Sistema centralizado de deteccion y alerta de errores del sistema,"Herramienta que captura automaticamente cualquier error que ocurra en el servidor o en la pantalla de los usuarios. Los errores se agrupan por tipo, se muestra donde ocurrieron, y se envia alerta automatica al equipo de desarrollo. Panel de control con lista de errores ordenados por gravedad.",Etapa 1 - Plataforma Reportabilidad,MES3_AGOSTO_UX_Sensores,Backlog,High,2026-08-03,2026-09-04,"INTEGRACION,INFRAESTRUCTURA",32,BE3-I03,BACKEND 3,Etapa 1,R3,,Alta,Medio,Backend,0,S10,Agosto,Por etapa
Agregación centralizada de logs (ELK/Loki),"Stack de logs centralizado: recolección de logs de todos los servicios (backend, frontend, DB, Kafka), almacenamiento centralizado, búsqueda, correlación por request-id. Retención 30 días. Dashboard en Grafana.",Etapa 1 - Plataforma Reportabilidad,MES3_AGOSTO_UX_Sensores,Backlog,High,2026-07-27,2026-08-07,"INTEGRACION,INFRAESTRUCTURA",40,BE3-I04,BACKEND 3,Etapa 1,R3,,Alta,Medio,Backend,0,S9,Julio,Por etapa
Servicio SMS y WhatsApp para alertas críticas de sensores,"Integración con gateway SMS (Twilio/local) y WhatsApp Business API para enviar alertas críticas: sensor fuera de rango, equipo en falla, incidente de seguridad. Solo para alertas severity=CRITICAL.",Etapa 1 - Plataforma Reportabilidad,MES4_SEPTIEMBRE_Integracion_QA,Backlog,High,2026-09-28,2026-11-06,"NOTIFICACIONES,SENSORES,INTEGRACION",32,BE3-I07,BACKEND 3,Etapa 1,R4,P1-M3-027,Alta,Alto,Backend,0,S18,Septiembre,Por etapa
Notificaciones in-app en tiempo real (vía WebSocket),"Sistema de notificaciones dentro de la plataforma vía WebSocket: badge con contador, panel de notificaciones, sonido configurable. Tipos: informe pendiente, aprobación recibida, alerta sensor, mención en comentario.",Etapa 1 - Plataforma Reportabilidad,MES4_SEPTIEMBRE_Integracion_QA,Backlog,High,2026-09-28,2026-11-06,"NOTIFICACIONES,DATOS,INTEGRACION",24,BE3-I08,BACKEND 3,Etapa 1,R4,P1-M2-003,Alta,Medio,Backend,0,S18,Septiembre,Por etapa
Proteccion contra fallas de servicios externos: reintento automatico y desconexion temporal,"Cuando un servicio externo falla (SMS, email, sistema antiguo), el sistema reintenta automaticamente con tiempos de espera crecientes. Si el servicio sigue fallando, el sistema se desconecta temporalmente para no bloquearse y sigue funcionando con el resto de funcionalidades.",Etapa 1 - Plataforma Reportabilidad,MES4_SEPTIEMBRE_Integracion_QA,Backlog,High,2026-08-31,2026-10-02,"INTEGRACION,DATOS",24,BE3-I09,BACKEND 3,Etapa 1,R4,,Alta,Alto,Backend,0,S14,Agosto,Por etapa
Testing de integraciones end-to-end con datos reales,"Pruebas completas de cada integracion con datos reales del ambiente de pruebas: proceso completo de carga de datos, sincronizacion con sistema antiguo ida y vuelta, notificaciones, exportacion de informes. Verificacion de integridad de datos.",Etapa 1 - Plataforma Reportabilidad,MES5_OCTUBRE_Optimizacion,Backlog,High,2026-09-28,2026-11-06,"INTEGRACION,PRUEBAS_CALIDAD",32,BE3-I10,"BACKEND 3, QA",Etapa 1,R5,,Alta,Alto,Backend,0,S18,Septiembre,Por etapa
"Monitoreo de Kafka/Redpanda: lag, throughput, particiones","Dashboard de monitoreo del message broker: consumer lag por topic, throughput (msgs/s), estado de particiones, disk usage, replication status. Alertas por lag excesivo (>1000 msgs).",Etapa 1 - Plataforma Reportabilidad,MES5_OCTUBRE_Optimizacion,Backlog,Normal,2026-11-02,2026-11-30,"INTEGRACION,SENSORES,INFRAESTRUCTURA",24,BE3-I11,BACKEND 3,Etapa 1,R5,,Media,Medio,Backend,0,S23,Noviembre,Por etapa
Verificación de integridad de sincronización de datos,"Proceso automatizado de verificación: comparar datos entre sistema legacy y plataforma nueva, detectar discrepancias, generar reporte de diferencias. Ejecutar antes de cada release y durante marcha blanca.",Etapa 1 - Plataforma Reportabilidad,MES5_OCTUBRE_Optimizacion,Backlog,High,2026-09-28,2026-11-30,"INTEGRACION,PRUEBAS_CALIDAD,DATOS",32,BE3-I12,"BACKEND 3, QA",Etapa 1,R5,,Alta,Alto,Backend,0,S18,Septiembre,Por etapa
Servicio de rate limiting por tenant y por endpoint,"Control de tráfico por API: límites de peticiones por tenant (1000 req/min), por endpoint (100 req/min para exportaciones), por usuario. Respuesta 429 con retry-after. Dashboard de consumo de API.",Etapa 1 - Plataforma Reportabilidad,MES5_OCTUBRE_Optimizacion,Backlog,High,2026-09-21,2026-10-02,"INTEGRACION,SEGURIDAD,DATOS",32,BE3-I13,BACKEND 3,Etapa 1,R5,,Alta,Medio,Backend,0,S17,Septiembre,Por etapa
Automatizar instalacion de servidores (Ansible),"OBJETIVO: Levantar un servidor identico en minutos si falla o hay que escalar.

PARA LA MINA: Menos tiempo caido; recuperacion rapida en faena.

ENTREGABLE: Playbooks Ansible (OS, Docker, servicios, red, seguridad basica).

VPS REQUERIDO: Desarrollo (desde semana 7, jul 2026).

DEPENDE DE: DEV-002.

EXITO: Servidor nuevo listo en <30 minutos ejecutando un playbook.",Etapa 1 - Plataforma Reportabilidad,MES2_JULIO_Core_Seguridad,Backlog,High,2026-06-30,2026-07-31,INFRAESTRUCTURA,30,SYS-I01,"BACKEND 3, SYS",Etapa 1,R2,DEV-002,Alta,Medio,Infraestructura,0,S5,Junio,Por etapa
Centralizar logs del sistema (Loki + Grafana),"OBJETIVO: Ver en un solo lugar errores y eventos de todos los servicios.

PARA LA MINA: Diagnosticar fallas de sensores, informes o login sin revisar cada servidor.

ENTREGABLE: Loki + Promtail + Grafana con busqueda y retencion 90 dias.

VPS REQUERIDO: Desarrollo (jul 2026).

DEPENDE DE: DEV-003.

EXITO: Un error en backend aparece en dashboard en menos de 1 minuto.",Etapa 1 - Plataforma Reportabilidad,MES2_JULIO_Core_Seguridad,Backlog,High,2026-06-30,2026-07-31,INFRAESTRUCTURA,30,SYS-I02,"BACKEND 3, SYS",Etapa 1,R2,DEV-003,Alta,Medio,Infraestructura,0,S5,Junio,Por etapa
Configurar dominios y DNS de la plataforma,"OBJETIVO: Que usuarios accedan con URLs claras por ambiente (dev, pruebas, produccion).

PARA LA MINA: Operadores entran a app.plataforma.com; desarrollo en dev.plataforma.com.

ENTREGABLE: DNS, subdominios, failover DNS al servidor de respaldo.

VPS REQUERIDO: Desarrollo + staging (ago 2026).

DEPENDE DE: DEV-003.

EXITO: Cada ambiente tiene URL propia y certificado SSL valido.",Etapa 1 - Plataforma Reportabilidad,MES3_AGOSTO_UX_Sensores,Backlog,Normal,2026-08-03,2026-09-04,INFRAESTRUCTURA,11,SYS-I03,SYS,Etapa 1,R3,DEV-003,Baja,Bajo,Infraestructura,0,S10,Agosto,Por etapa
Gestionar parches de seguridad del sistema operativo,"OBJETIVO: Mantener servidores Linux actualizados sin sorpresas en produccion.

PARA LA MINA: Reduce riesgo de intrusion o caida por vulnerabilidades conocidas.

ENTREGABLE: Proceso mensual: evaluar parches -> probar en staging -> aplicar en prod.

VPS REQUERIDO: Todos (desde ago 2026, continuo).

DEPENDE DE: DEV-003.

EXITO: Registro de parches aplicados; cero servidores con CVE critico sin parche.",Etapa 1 - Plataforma Reportabilidad,MES3_AGOSTO_UX_Sensores,Backlog,High,2026-08-03,2026-09-04,"INFRAESTRUCTURA,SEGURIDAD",29,SYS-I04,SYS,Etapa 1,R3,DEV-003,Media,Alto,Infraestructura,0,S10,Agosto,Por etapa
Mantenimiento semanal de bases de datos,"OBJETIVO: Mantener PostgreSQL, QuestDB y Redis rapidos y sin llenar discos.

PARA LA MINA: Telemetria e informes siguen respondiendo con miles de sensores activos.

ENTREGABLE: Rutina semanal (2h): limpieza, indices, consultas lentas, alertas de espacio.

VPS REQUERIDO: Desarrollo desde semana 10; produccion desde oct 2026.

DEPENDE DE: DEV-003 (BD instalada).

EXITO: Sin caidas por disco lleno; consultas criticas bajo umbral acordado.",Etapa 1 - Plataforma Reportabilidad,MES3_AGOSTO_UX_Sensores,Backlog,High,2026-08-03,2026-10-02,"DATOS,INFRAESTRUCTURA",34,SYS-I05,"BACKEND 1, ARQ-Arquitecto TI / PMO, SYS",Etapa 1,R3,DEV-003,Media,Medio,Infraestructura,0,S10,Agosto,Por etapa
Probar que los backups se pueden restaurar,"OBJETIVO: Confirmar mensualmente que las copias de seguridad realmente funcionan.

PARA LA MINA: Si hay desastre, se recupera informacion e historial de sensores.

ENTREGABLE: Restauracion en ambiente test + acta con tiempo y integridad verificada.

VPS REQUERIDO: Staging (sep 2026 en adelante).

DEPENDE DE: DEV-004.

EXITO: Restauracion completa probada; tiempo documentado para auditoria.",Etapa 1 - Plataforma Reportabilidad,MES4_SEPTIEMBRE_Integracion_QA,Backlog,High,2026-08-31,2026-11-06,INFRAESTRUCTURA,25,SYS-I06,"BACKEND 1, ARQ-Arquitecto TI / PMO, SYS",Etapa 1,R4,DEV-004,Media,Alto,Infraestructura,0,S14,Agosto,Por etapa
Documentar infraestructura y red (diagramas),"OBJETIVO: Dejar mapa claro de servidores, redes, puertos y credenciales para operacion y DR.

PARA LA MINA: TI del cliente entiende la arquitectura sin depender de una sola persona.

ENTREGABLE: Diagrama de red, inventario, runbook de acceso, vault de secretos.

VPS REQUERIDO: Documentacion de dev + staging (sep 2026).

DEPENDE DE: SYS-I03, DEV-004.

EXITO: Documento actualizado tras cada cambio mayor de infra.",Etapa 1 - Plataforma Reportabilidad,MES4_SEPTIEMBRE_Integracion_QA,Backlog,Normal,2026-08-24,2026-09-04,"DOCUMENTACION,INFRAESTRUCTURA",23,SYS-I07,"ARQ-Arquitecto TI / PMO, SYS",Etapa 1,R4,DEV-004,Media,Medio,Infraestructura,0,S13,Agosto,Por etapa
"Igualar ambientes dev, staging y produccion","OBJETIVO: Evitar sorpresas: lo que funciona en desarrollo debe funcionar igual en produccion.

PARA LA MINA: Menos bugs el dia del Go-Live.

ENTREGABLE: Checklist de paridad, sync de configs, reporte semanal de diferencias.

VPS REQUERIDO: Los tres ambientes activos (sep 2026).

DEPENDE DE: DEV-003, DEV-004.

EXITO: Drift detectado y corregido antes de cada release.",Etapa 1 - Plataforma Reportabilidad,MES4_SEPTIEMBRE_Integracion_QA,Backlog,High,2026-08-24,2026-10-02,INFRAESTRUCTURA,30,SYS-I08,"BACKEND 3, SYS",Etapa 1,R4,DEV-003,Media,Medio,Infraestructura,0,S13,Agosto,Por etapa
Optimizar red mina ↔ datacenter Lima,"OBJETIVO: Reducir latencia y perdida de paquetes entre faena y datacenter.

PARA LA MINA: Sensores y mapas responden mas rapido con fibra, 4G o satelite.

ENTREGABLE: Informe de latencia, ajustes MTU/QoS, recomendaciones por tipo de enlace.

VPS REQUERIDO: Produccion (oct 2026).

EXITO: Latencia objetivo <20 ms desde oficina mina con fibra.",Etapa 1 - Plataforma Reportabilidad,MES5_OCTUBRE_Optimizacion,Backlog,High,2026-09-28,2026-11-06,INFRAESTRUCTURA,22,SYS-I09,SYS,Etapa 1,R5,P2-M5-001,Alta,Alto,Infraestructura,0,S18,Septiembre,Por etapa
Configurar firewall y segmentacion de red,"OBJETIVO: Separar trafico de aplicacion, bases de datos y administracion.

PARA LA MINA: Un ataque o error en un segmento no tumba toda la operacion.

ENTREGABLE: Reglas firewall, VLANs, logs de bloqueos, revision mensual.

VPS REQUERIDO: Produccion (oct 2026).

EXITO: Solo puertos necesarios abiertos; acceso admin por VPN.",Etapa 1 - Plataforma Reportabilidad,MES5_OCTUBRE_Optimizacion,Backlog,High,2026-09-21,2026-10-02,"INFRAESTRUCTURA,SEGURIDAD",29,SYS-I10,SYS,Etapa 1,R5,P2-M5-002,Alta,Alto,Infraestructura,0,S17,Septiembre,Por etapa
Acelerar carga web con Nginx (cache y compresion),"OBJETIVO: Paginas e imagenes cargan rapido incluso con 3G/4G en faena.

PARA LA MINA: Operadores no abandonan la app por lentitud.

ENTREGABLE: Nginx con gzip/brotli, cache estatico, tiempos medidos antes/despues.

VPS REQUERIDO: Produccion.

EXITO: Reduccion >50% tiempo de carga en conexiones moviles.",Etapa 1 - Plataforma Reportabilidad,MES5_OCTUBRE_Optimizacion,Backlog,Normal,2026-09-21,2026-11-30,INFRAESTRUCTURA,16,SYS-I11,"FRONTEND 1, SYS",Etapa 1,R5,P2-M5-003,Media,Medio,Infraestructura,0,S17,Septiembre,Por etapa
Alertas de vencimiento de certificados SSL,"OBJETIVO: Evitar que la plataforma quede inaccesible por certificado vencido.

PARA LA MINA: Acceso continuo sin avisos de ""conexion no segura"".

ENTREGABLE: Monitoreo 30/15/7 dias, renovacion automatica certbot, dashboard.

VPS REQUERIDO: Todos los ambientes.

EXITO: Cero interrupciones por SSL en 12 meses.",Etapa 1 - Plataforma Reportabilidad,MES5_OCTUBRE_Optimizacion,Backlog,Normal,2026-11-02,2026-11-30,"INFRAESTRUCTURA,SEGURIDAD",14,SYS-I12,SYS,Etapa 1,R5,P2-M5-007,Baja,Medio,Infraestructura,0,S23,Noviembre,Por etapa
Plan de capacidad y escalamiento (1 ano),"OBJETIVO: Proyectar CPU, RAM, disco y red para crecimiento de sensores e informes.

PARA LA MINA: Evitar sorpresas de costo o caida cuando crece la operacion.

ENTREGABLE: Modelo de crecimiento (10K sensores, informes, usuarios), plan de upgrade.

VPS REQUERIDO: Produccion.

EXITO: Documento aprobado por ARQ y gerencia TI.",Etapa 1 - Plataforma Reportabilidad,MES5_OCTUBRE_Optimizacion,Backlog,High,2026-09-21,2026-11-06,INFRAESTRUCTURA,23,SYS-I13,"ARQ-Arquitecto TI / PMO, SYS",Etapa 1,R5,P2-M5-015,Alta,Alto,Infraestructura,0,S17,Septiembre,Por etapa
Soporte infraestructura 24/7 en marcha blanca y Go-Live,"OBJETIVO: Presencia SYS durante las semanas criticas de puesta en marcha.

PARA LA MINA: Respuesta inmediata si falla servidor, red o certificado en faena real.

ENTREGABLE: Turno on-call, runbook de incidentes, escalamiento a datacenter Lima.

VPS REQUERIDO: Produccion (nov 2026).

EXITO: Cero incidentes P1 sin respuesta en <15 minutos.",Etapa 1 - Plataforma Reportabilidad,MES6_NOVIEMBRE_GoLive,Backlog,Urgent,2026-11-02,2026-11-30,"PRODUCCION,INFRAESTRUCTURA",36,SYS-I14,SYS,Etapa 1,R6,P2-M6-009,Media,Alto,Infraestructura,0,S23,Noviembre,Por etapa
"Instalar MinIO — almacenamiento de archivos (reportes, imagenes)","OBJETIVO: Guardar PDFs, imagenes de informes y adjuntos como Amazon S3 pero en Lima.

PARA LA MINA: Archivos bajo control del cliente, sin costo por descarga en nube publica.

ENTREGABLE: MinIO en Docker, discos dedicados, cifrado, politicas de retencion.

VPS REQUERIDO: Produccion (oct 2026).

DEPENDE DE: P2-M5-003.

EXITO: Backend sube y descarga archivos via API S3-compatible.",Etapa 1 - Plataforma Reportabilidad,MES5_OCTUBRE_Optimizacion,Backlog,High,2026-09-21,2026-11-30,"INFRAESTRUCTURA,SEGURIDAD",22,VPS-001,SYS,Etapa 1,R5,P2-M5-003,Alta,Medio,Infraestructura,0,S17,Septiembre,Por etapa
Instalar QuestDB — base de datos de sensores en tiempo real,"OBJETIVO: Almacenar y consultar millones de lecturas IoT por segundo.

PARA LA MINA: Graficos de sensores en vivo sin saturar PostgreSQL.

ENTREGABLE: QuestDB en Docker, puertos ingest/consulta, NVMe, backup configurado.

VPS REQUERIDO: Produccion (oct 2026).

DEPENDE DE: P2-M5-003.

EXITO: 10K sensores simulados escriben y consultan sin degradacion.",Etapa 1 - Plataforma Reportabilidad,MES5_OCTUBRE_Optimizacion,Backlog,Urgent,2026-09-21,2026-11-30,"INFRAESTRUCTURA,SENSORES,CRITICO",25,VPS-002,"BACKEND 1, ARQ-Arquitecto TI / PMO, SYS",Etapa 1,R5,P2-M5-003,Alta,Alto,Infraestructura,0,S17,Septiembre,Por etapa
Configurar VPN WireGuard para acceso seguro desde mina,"OBJETIVO: Que personal autorizado entre a la plataforma cifrado desde faena.

PARA LA MINA: Seguridad en 4G/satelite; perfiles por rol (admin, supervisor, ingeniero).

ENTREGABLE: Servidor WireGuard, perfiles, logs de conexion, guia de uso.

VPS REQUERIDO: Produccion.

DEPENDE DE: P2-M5-002.

EXITO: Conexion VPN estable desde tablet en zona minera.",Etapa 1 - Plataforma Reportabilidad,MES5_OCTUBRE_Optimizacion,Backlog,High,2026-09-21,2026-09-25,"SEGURIDAD,INFRAESTRUCTURA",23,VPS-003,"BACKEND 2, SYS",Etapa 1,R5,P2-M5-002,Alta,Alto,Infraestructura,0,S17,Septiembre,Por etapa
Provisionar servidor VPS de respaldo (arquitectura Activo-Pasivo),"Contratacion y configuracion del segundo servidor VPS en el datacenter Lima como respaldo. Arquitectura Activo-Pasivo: el servidor principal atiende todo el trafico; el de respaldo se mantiene sincronizado y listo para tomar el control si el principal falla. Cambio automatico via DNS en menos de 5 minutos. Ambos servidores tienen la misma configuracion: Docker, bases de datos, servicios. El respaldo tambien almacena las copias de seguridad encriptadas.",Etapa 1 - Plataforma Reportabilidad,MES5_OCTUBRE_Optimizacion,Backlog,Urgent,2026-09-21,2026-10-02,"INFRAESTRUCTURA,CRITICO",28,VPS-004,"BACKEND 1, ARQ-Arquitecto TI / PMO, SYS",Etapa 1,R5,P2-M5-003,Alta,Alto,Infraestructura,0,S17,Septiembre,Por etapa
"Plan de conectividad operador-agnostica para clientes mineros (Claro, Movistar, Bitel, Entel)","Disenar y documentar la arquitectura de conectividad para que los usuarios de la mina se conecten sin importar el operador telefonico. Opciones validadas: (1) Fibra optica convencional para oficinas de mina con conexion fija; (2) Red movil 3G/4G de operadores peruanos (Claro, Movistar, Bitel, Entel) para tablets y dispositivos moviles en campo; (3) Conexion satelital para zonas sin cobertura celular. El VPS en datacenter Lima tiene IP publica fija accesible desde cualquier operador. Incluye pruebas de latencia con cada tipo de conexion.",Etapa 1 - Plataforma Reportabilidad,MES5_OCTUBRE_Optimizacion,Backlog,High,2026-09-21,2026-10-02,"INFRAESTRUCTURA,DOCUMENTACION,CRITICO",23,VPS-005,"ARQ-Arquitecto TI / PMO, SYS",Etapa 1,R5,P2-M5-001,Alta,Alto,Arquitectura,0,S17,Septiembre,Por etapa
Instalar WAF (Web Application Firewall) para proteger la plataforma web,"Instalacion de firewall de aplicaciones web (ModSecurity con Nginx o similar) que filtra ataques antes de que lleguen al sistema: bloquea intentos de inyeccion SQL, cross-site scripting, bots maliciosos, escaneos automaticos. Complementa el firewall de red (iptables) con proteccion a nivel de aplicacion. Reglas personalizadas para la plataforma minera. Logs de ataques bloqueados visibles en Grafana.",Etapa 1 - Plataforma Reportabilidad,MES5_OCTUBRE_Optimizacion,Backlog,High,2026-09-21,2026-10-02,"SEGURIDAD,INFRAESTRUCTURA",23,VPS-006,"BACKEND 2, SYS",Etapa 1,R5,P2-M5-006,Alta,Alto,Infraestructura,0,S17,Septiembre,Por etapa
Instalar Redis en Docker: cache de datos y sesiones de usuarios,"Despliegue de Redis como servicio Docker en el VPS: almacena temporalmente los datos mas consultados (documentos abiertos, sesiones activas, resultados de busqueda) para que el sistema responda mas rapido sin consultar la base de datos cada vez. Configuracion de seguridad: contrasena, cifrado de datos sensibles, limite de memoria. Persistencia en disco para no perder datos si el contenedor se reinicia.",Etapa 1 - Plataforma Reportabilidad,MES5_OCTUBRE_Optimizacion,Backlog,High,2026-09-21,2026-11-06,"INFRAESTRUCTURA,DATOS",13,VPS-007,"BACKEND 1, ARQ-Arquitecto TI / PMO, SYS",Etapa 1,R5,P2-M5-005,Alta,Medio,Infraestructura,0,S17,Septiembre,Por etapa
Configurar replicacion automatica de datos al servidor de respaldo,"Proceso automatico que copia continuamente los datos del servidor principal al de respaldo: base de datos PostgreSQL (replica en streaming), QuestDB (replica de datos de sensores), MinIO (sincronizacion de archivos), Redis (replica). Si el servidor principal falla, el respaldo tiene los datos actualizados hasta segundos antes del fallo.",Etapa 1 - Plataforma Reportabilidad,MES5_OCTUBRE_Optimizacion,Backlog,Urgent,2026-09-21,2026-11-30,"INFRAESTRUCTURA,CRITICO",25,VPS-008,"BACKEND 1, ARQ-Arquitecto TI / PMO, SYS",Etapa 1,R5,VPS-004,Alta,Alto,Infraestructura,0,S17,Septiembre,Por etapa
Documentar arquitectura completa VPS datacenter Lima (diagrama tecnico y gerencial),"Elaborar documentacion completa de la arquitectura del datacenter: (1) Diagrama tecnico con todos los componentes Docker (C++, React, PostgreSQL, QuestDB, Redis, MinIO, Kafka, Prometheus, Grafana, WireGuard); (2) Diagrama de red (VLANs, firewall, VPN, DNS); (3) Diagrama gerencial simplificado para presentar al Directorio; (4) Inventario de servidores, IPs, puertos, credenciales. Basado en el informe de evaluacion AWS vs VPS.",Etapa 1 - Plataforma Reportabilidad,MES5_OCTUBRE_Optimizacion,Backlog,High,2026-09-21,2026-11-30,"DOCUMENTACION,ARQUITECTURA",21,VPS-009,"BACKEND 1, ARQ-Arquitecto TI / PMO, SYS",Etapa 1,R5,VPS-005,Media,Medio,Arquitectura,0,S17,Septiembre,Por etapa
"Prueba de conectividad desde mina real: fibra, 4G (todos los operadores) y satelital","Prueba real de conexion desde la unidad minera al datacenter Lima usando los 3 tipos de conectividad: (1) Fibra optica de oficina central de mina; (2) Celular 4G con chips de Claro, Movistar, Bitel y Entel desde distintas zonas de la mina; (3) Satelital desde zona sin cobertura. Medir latencia, estabilidad y velocidad en cada caso. Verificar que la plataforma funciona correctamente en conexiones lentas (3G/satelital). Documentar resultados y recomendaciones.",Etapa 1 - Plataforma Reportabilidad,MES6_NOVIEMBRE_GoLive,Backlog,Urgent,2026-11-02,2026-11-06,"INFRAESTRUCTURA,PRUEBAS_CALIDAD,CRITICO",24,VPS-010,"ARQ-Arquitecto TI / PMO, SYS, QA",Etapa 1,R6,VPS-005,Alta,Alto,Infraestructura,0,S23,Noviembre,Por etapa
Prueba de failover completo: caida de servidor principal y activacion de respaldo,"Simulacro real donde se apaga el servidor VPS principal y se verifica: (1) El DNS redirige al servidor de respaldo en menos de 5 minutos; (2) Todos los servicios funcionan en el respaldo (plataforma, sensores, informes); (3) Los datos estan completos y actualizados; (4) Los usuarios de mina no pierden sesion activa. Documentar tiempos y resultados. Repetir el simulacro en sentido inverso (volver al principal).",Etapa 1 - Plataforma Reportabilidad,MES6_NOVIEMBRE_GoLive,Backlog,Urgent,2026-11-02,2026-11-06,"PRUEBAS_CALIDAD,CRITICO,INFRAESTRUCTURA",23,VPS-011,"SYS, QA",Etapa 1,R6,VPS-008,Alta,Alto,Infraestructura,0,S23,Noviembre,Por etapa
Optimizar velocidad de carga de la plataforma web,"Hacer que la plataforma cargue rapidamente: dividir el codigo en partes que se cargan solo cuando se necesitan (el editor se carga al abrir un informe, el mapa solo al ver el dashboard), comprimir archivos, precargar pantallas principales. La plataforma debe mostrar contenido en menos de 1.5 segundos.",Etapa 1 - Plataforma Reportabilidad,MES3_AGOSTO_UX_Sensores,Backlog,High,2026-08-03,2026-09-04,"EXPERIENCIA_USUARIO,DATOS",25,FE1-O01,FRONTEND 1,Etapa 1,R3,,Alta,Medio,Frontend,0,S10,Agosto,Por etapa
Convertir la plataforma en aplicacion instalable para uso en campo (modo sin conexion),Transformar la plataforma web para que funcione como una aplicacion que se puede instalar en tablets y computadoras. El usuario puede crear y consultar informes sin conexion a internet (en zonas de la mina sin senal). Los datos se guardan localmente y se sincronizan cuando vuelve la conexion.,Etapa 1 - Plataforma Reportabilidad,MES3_AGOSTO_UX_Sensores,Backlog,High,2026-07-27,2026-07-31,"EXPERIENCIA_USUARIO,SIN_CONEXION",25,FE1-O02,FRONTEND 1,Etapa 1,R3,,Alta,Alto,Frontend,0,S9,Julio,Por etapa
Monitoreo de errores frontend (Sentry integration),"Integración de Sentry en React: captura automática de errores JS, source maps para debugging, contexto de usuario/ruta/dispositivo. Dashboard de errores. Alertas por nuevos errores en producción.",Etapa 1 - Plataforma Reportabilidad,MES4_SEPTIEMBRE_Integracion_QA,Backlog,High,2026-09-28,2026-11-06,"EXPERIENCIA_USUARIO,INFRAESTRUCTURA",16,FE1-O03,FRONTEND 1,Etapa 1,R4,,Media,Medio,Frontend,0,S18,Septiembre,Por etapa
Documentación de componentes React (Storybook),"Catálogo visual de todos los componentes React de la plataforma: botones, inputs, tablas, cards, modales, etc. Cada componente con variantes, estados y código de ejemplo. Referencia para todo el equipo frontend.",Etapa 1 - Plataforma Reportabilidad,MES4_SEPTIEMBRE_Integracion_QA,Backlog,Normal,2026-08-31,2026-10-02,"DOCUMENTACION,EXPERIENCIA_USUARIO",33,FE1-O04,FRONTEND 1,Etapa 1,R4,,Media,Bajo,Frontend,0,S14,Agosto,Por etapa
Optimización de state management (Redux/Zustand),"Refactoring del manejo de estado: normalización de store, selectores memoizados, eliminación de re-renders innecesarios. Reducir renders del editor en >50%. Profiling con React DevTools.",Etapa 1 - Plataforma Reportabilidad,MES4_SEPTIEMBRE_Integracion_QA,Backlog,High,2026-09-28,2026-11-06,"DATOS,EXPERIENCIA_USUARIO",20,FE1-O05,FRONTEND 1,Etapa 1,R4,,Alta,Medio,Frontend,0,S18,Septiembre,Por etapa
Pantallas ejecutivas de gerencia (dashboards de dirección),"Implementación de dashboards de alto nivel para directivos: resumen de producción, estado de informes por zona, tendencias de alertas, mapa ejecutivo, indicadores de cumplimiento normativo.",Etapa 1 - Plataforma Reportabilidad,MES4_SEPTIEMBRE_Integracion_QA,Backlog,High,2026-08-24,2026-11-06,"GERENCIA,EXPERIENCIA_USUARIO",29,FE1-O06,FRONTEND 1,Etapa 1,R4,FE2-U11,Alta,Medio,Frontend,0,S13,Agosto,Por etapa
"Módulo de administración: usuarios, roles, configuración","Implementación funcional del módulo admin: CRUD usuarios, asignación de roles RBAC, configuración por tenant, visualización de audit logs, parámetros del sistema. Solo accesible a rol Administrador.",Etapa 1 - Plataforma Reportabilidad,MES4_SEPTIEMBRE_Integracion_QA,Backlog,High,2026-08-31,2026-11-06,"EXPERIENCIA_USUARIO,SEGURIDAD,GERENCIA",33,FE1-O07,FRONTEND 1,Etapa 1,R4,FE2-U10,Alta,Medio,Frontend,0,S14,Agosto,Por etapa
Pantalla de historial de actividades y audit trail visual,"Vista de timeline de actividades del usuario y del sistema: quién editó qué informe, cuándo se aprobó, quién exportó. Filtros por usuario, tipo de acción, rango de fechas. Integración con audit log backend.",Etapa 1 - Plataforma Reportabilidad,MES4_SEPTIEMBRE_Integracion_QA,Backlog,Normal,2026-08-24,2026-09-04,"EXPERIENCIA_USUARIO,SEGURIDAD,GERENCIA",16,FE1-O08,FRONTEND 1,Etapa 1,R4,,Media,Bajo,Frontend,0,S13,Agosto,Por etapa
Internacionalización del frontend (i18n framework setup),"Setup del framework de internacionalización: react-intl o i18next, extracción de strings, estructura de archivos de traducción, pluralización, formatos de fecha/número. Base para la traducción de FE2.",Etapa 1 - Plataforma Reportabilidad,MES4_SEPTIEMBRE_Integracion_QA,Backlog,Normal,2026-08-31,2026-10-02,"EXPERIENCIA_USUARIO,INTEGRACION",29,FE1-O09,"FRONTEND 1, FRONTEND 2",Etapa 1,R4,,Alta,Medio,Frontend,0,S14,Agosto,Por etapa
Testing de compatibilidad cross-browser completo,"Pruebas exhaustivas en todos los navegadores target: Chrome 120+, Firefox 115+, Edge 120+, Safari 17+. Verificar editor, GIS, exportaciones, WebSocket. Fix de incompatibilidades detectadas.",Etapa 1 - Plataforma Reportabilidad,MES5_OCTUBRE_Optimizacion,Backlog,High,2026-09-21,2026-11-30,"PRUEBAS_CALIDAD,EXPERIENCIA_USUARIO",29,FE1-O10,"FRONTEND 1, QA",Etapa 1,R5,,Alta,Medio,Frontend,0,S17,Septiembre,Por etapa
Optimización de carga del editor para informes grandes (100+ páginas),"Performance tuning del editor TipTap para documentos largos: virtualización de nodos, debounce de operaciones, lazy rendering de páginas no visibles. Target: editor fluido con informes de 100+ páginas.",Etapa 1 - Plataforma Reportabilidad,MES5_OCTUBRE_Optimizacion,Backlog,High,2026-11-02,2026-11-30,"EDITOR_INFORMES,DATOS",16,FE1-O11,FRONTEND 1,Etapa 1,R5,,Alta,Alto,Frontend,0,S23,Noviembre,Por etapa
Correcciones de UX basadas en feedback de marcha blanca,"Sprint dedicado a corregir problemas de usabilidad detectados durante la marcha blanca: ajustes de layout, mejoras en flujos confusos, correcciones de texto, mejoras de rendimiento perceptual.",Etapa 1 - Plataforma Reportabilidad,MES6_NOVIEMBRE_GoLive,Backlog,Urgent,2026-11-02,2026-11-30,"EXPERIENCIA_USUARIO,PRODUCCION,SOPORTE",20,FE1-O12,FRONTEND 1,Etapa 1,R6,,Media,Alto,Frontend,0,S23,Noviembre,Por etapa
Definir estrategia de testing y criterios de aceptación,"Definir la estrategia completa de calidad del proyecto: qué se prueba, cómo se prueba, cuándo se prueba, quién aprueba. Incluye criterios de aceptación para cada módulo, umbrales de cobertura (>80%), y proceso de gestión de defectos.",Etapa 1 - Plataforma Reportabilidad,QA_Transversal,Backlog,High,2026-06-01,2026-07-03,"PRUEBAS_CALIDAD,DOCUMENTACION,GESTION_PROYECTO",24,QA-001,ARQ-Arquitecto TI / PMO,Etapa 1,R1,,Media,Medio,QA,0,S1,Junio,Por etapa
Preparar ambiente de PRUEBAS (staging) para el equipo QA,"OBJETIVO: Tener un servidor de pruebas separado donde QA valida cambios antes de produccion.

PARA LA MINA: Evita que errores lleguen a operadores reales; permite simular sensores, informes y usuarios de prueba.

ENTREGABLE: Ambiente staging operativo, datos sinteticos de mina, acceso documentado para QA.

VPS REQUERIDO: Staging (segundo servidor) — contratar a partir de semana 10 (~agosto 2026), despues del VPS de desarrollo.

DEPENDE DE: DEV-003 (VPS desarrollo listo) y QA-001 (estrategia de testing).

EXITO: QA ejecuta pruebas funcionales sin usar laptops de desarrolladores.",Etapa 1 - Plataforma Reportabilidad,QA_Transversal,Backlog,High,2026-08-03,2026-09-04,"PRUEBAS_CALIDAD,INFRAESTRUCTURA",23,QA-002,"SYS, QA",Etapa 1,R3,DEV-003,Media,Medio,QA,0,S10,Agosto,Por etapa
Automatización de tests de regresión,"Construcción de la suite automatizada que se ejecuta en cada despliegue para verificar que las funcionalidades existentes siguen funcionando correctamente. Cobertura: login, CRUD informes, exportación, sensores.",Etapa 1 - Plataforma Reportabilidad,QA_Transversal,Backlog,High,2026-06-30,2026-07-31,PRUEBAS_CALIDAD,48,QA-003,QA,Etapa 1,R3,QA-002,Alta,Medio,QA,0,S5,Junio,Por etapa
Revisión de código y estándares de calidad (continuo),"Proceso continuo de revisión de código: cada pull request es revisado por QA (estándares de código, seguridad básica, complejidad). Análisis estático con SonarQube. Métricas de calidad por sprint.",Etapa 1 - Plataforma Reportabilidad,QA_Transversal,Backlog,Normal,2026-08-03,2026-11-06,"PRUEBAS_CALIDAD,DATOS,SEGURIDAD",49,QA-004,"BACKEND 1, FRONTEND 1, ARQ-Arquitecto TI / PMO, QA",Etapa 1,R4,QA-001,Media,Bajo,QA,0,S10,Agosto,Por etapa
Organizar repositorios Git y reglas de trabajo del codigo,"OBJETIVO: Definir donde vive el codigo y como el equipo colabora sin pisarse.

PARA LA MINA: Base ordenada para entregas auditables (quien cambio que, cuando y por que).

ENTREGABLE: Repositorios Git, ramas main/develop/feature, proteccion de ramas, hooks de calidad.

VPS REQUERIDO: Ninguno — se hace en GitHub/GitLab desde julio 2026 (mes 2 del proyecto).

DEPENDE DE: Nada (inicio SYS en mes 2).

EXITO: Todo desarrollador clona el repo y sigue la misma estrategia de ramas.",Etapa 1 - Plataforma Reportabilidad,DevOps_Infra,Backlog,High,2026-06-30,2026-07-31,INFRAESTRUCTURA,14,DEV-001,SYS,Etapa 1,R2,,Baja,Bajo,Infraestructura,0,S5,Junio,Por etapa
Empaquetar todos los servicios en contenedores Docker,"OBJETIVO: Que backend, frontend, bases de datos y servicios auxiliares corran igual en cualquier maquina.

PARA LA MINA: Misma plataforma en laptop del programador, servidor de desarrollo y produccion en Lima.

ENTREGABLE: Dockerfiles + docker-compose.yml completo (C++, React, PostgreSQL, Redis, MinIO, Kafka, Grafana, etc.).

VPS REQUERIDO: Ninguno al inicio — primero se valida en laptops; luego se despliega en VPS dev (DEV-003).

DEPENDE DE: DEV-001.

EXITO: `docker compose up` levanta la plataforma completa en local.",Etapa 1 - Plataforma Reportabilidad,DevOps_Infra,Backlog,High,2026-06-30,2026-07-31,INFRAESTRUCTURA,30,DEV-002,"BACKEND 1, ARQ-Arquitecto TI / PMO, SYS",Etapa 1,R2,DEV-001,Alta,Medio,Infraestructura,0,S5,Junio,Por etapa
Contratar e instalar VPS de DESARROLLO compartido para el equipo,"OBJETIVO: Servidor remoto donde todos los programadores prueban integraciones con datos compartidos.

PARA LA MINA: Primer servidor real en datacenter; permite probar sensores, mapas e informes como en faena.

ENTREGABLE: VPS Linux con Docker, todos los servicios DEV-002, datos de prueba, acceso VPN/SSH por rol.

VPS REQUERIDO: SI — VPS DESARROLLO. Fecha clave: ~20 jul 2026 (semana 8). Tamano inicial: 8 vCPU / 32 GB RAM / 500 GB NVMe.

DEPENDE DE: DEV-002 (imagenes Docker listas).

EXITO: Backend y frontend se conectan al mismo ambiente; deja de depender de laptops aisladas.",Etapa 1 - Plataforma Reportabilidad,DevOps_Infra,Backlog,High,2026-08-03,2026-09-04,INFRAESTRUCTURA,25,DEV-003,"BACKEND 1, ARQ-Arquitecto TI / PMO, SYS",Etapa 1,R2,DEV-002,Alta,Medio,Infraestructura,0,S10,Agosto,Por etapa
Instalar VPS de PRUEBAS / CERTIFICACION (staging),"OBJETIVO: Replica controlada de produccion exclusiva para QA y aprobaciones.

PARA LA MINA: Ningun cambio llega a operadores sin pasar por este ambiente.

ENTREGABLE: VPS staging identico a prod (mismas versiones), flujo Dev -> Staging -> Prod documentado.

VPS REQUERIDO: SI — VPS STAGING (~agosto 2026, semana 10).

DEPENDE DE: DEV-003.

EXITO: QA certifica releases en staging antes del Go-Live.",Etapa 1 - Plataforma Reportabilidad,DevOps_Infra,Backlog,High,2026-08-03,2026-09-04,"INFRAESTRUCTURA,PRUEBAS_CALIDAD",30,DEV-004,"SYS, QA",Etapa 1,R3,DEV-003,Alta,Alto,Infraestructura,0,S10,Agosto,Por etapa
Instalar VPS de PRODUCCION en datacenter Lima (usuarios reales),"OBJETIVO: Ambiente definitivo para la mina con alta disponibilidad y seguridad.

PARA LA MINA: Plataforma que usaran operadores, geotecnia y gerencia en faena.

ENTREGABLE: Dos VPS (principal + respaldo), DNS, SSL, firewall, VPN, monitoreo y backups automaticos.

VPS REQUERIDO: SI — VPS PRODUCCION (~octubre 2026, semana 17-18). Tier III Lima.

DEPENDE DE: DEV-004 (staging aprobado) + hitos P2-M5 (infra productiva).

EXITO: Marcha blanca y Go-Live nov 2026 sobre este ambiente.",Etapa 1 - Plataforma Reportabilidad,DevOps_Infra,Backlog,Urgent,2026-08-31,2026-10-02,"INFRAESTRUCTURA,CRITICO",28,DEV-005,"BACKEND 1, ARQ-Arquitecto TI / PMO, SYS",Etapa 1,R5,DEV-004,Alta,Alto,Infraestructura,0,S14,Agosto,Por etapa
Identificación y registro inicial de riesgos del proyecto,"Taller de identificación de riesgos con todo el equipo técnico: riesgos tecnológicos (C++ complexity, performance), de recursos (dependencia de BE1), de integración (legacy), de timeline (6 meses agresivo). Registro en ClickUp.",Etapa 1 - Plataforma Reportabilidad,Gestion_Riesgos,Backlog,High,2026-06-01,2026-07-03,"GESTION_PROYECTO,DOCUMENTACION",16,RSK-001,ARQ-Arquitecto TI / PMO,Etapa 1,R1,,Media,Alto,Arquitectura,0,S1,Junio,Por etapa
Plan de mitigación y contingencia para cada riesgo,"Para cada riesgo identificado: estrategia de mitigación (reducir probabilidad), plan de contingencia (qué hacer si ocurre), responsable, indicadores de activación. Los 10 riesgos principales documentados en detalle.",Etapa 1 - Plataforma Reportabilidad,Gestion_Riesgos,Backlog,High,2026-06-01,2026-07-03,"GESTION_PROYECTO,DOCUMENTACION",24,RSK-002,ARQ-Arquitecto TI / PMO,Etapa 1,R1,RSK-001,Media,Alto,Arquitectura,0,S1,Junio,Por etapa
Revisión quincenal de riesgos con comité técnico,"Cada 2 semanas, revisión del registro de riesgos: nuevos riesgos, riesgos materializados, efectividad de mitigaciones, actualización de probabilidad/impacto. Participan ARQ + líderes técnicos.",Etapa 1 - Plataforma Reportabilidad,Gestion_Riesgos,Backlog,Normal,2026-06-30,2026-09-04,"GESTION_PROYECTO,DOCUMENTACION",48,RSK-003,ARQ-Arquitecto TI / PMO,Etapa 1,R1,RSK-001,Baja,Medio,Arquitectura,0,S5,Junio,Por etapa
Sprint Planning quincenal (planificación del sprint),"Cada 2 semanas: revisión del backlog, priorización de tareas, estimación de esfuerzo, asignación a recursos, definición de objetivos del sprint. ARQ lidera la sesión con todo el equipo. 2h × 13 sprints.",Etapa 1 - Plataforma Reportabilidad,PMO_Seguimiento,Backlog,High,2026-08-03,2026-10-02,"GESTION_PROYECTO,DOCUMENTACION",26,PMO-001,ARQ-Arquitecto TI / PMO,Etapa 1,R1,,Baja,Bajo,Arquitectura,0,S10,Agosto,Por etapa
"Daily standups (reunión diaria de sincronización, 15 min)","Reunión diaria de 15 minutos con todo el equipo: qué hice ayer, qué haré hoy, qué me bloquea. ARQ facilita y registra impedimentos para resolución inmediata. Mantiene al equipo alineado y detecta problemas temprano.",Etapa 1 - Plataforma Reportabilidad,PMO_Seguimiento,Backlog,Normal,2026-06-30,2026-07-31,GESTION_PROYECTO,33,PMO-002,ARQ-Arquitecto TI / PMO,Etapa 1,R1,,Baja,Bajo,Arquitectura,0,S5,Junio,Por etapa
Sprint Review y Retrospectiva quincenal,"Al final de cada sprint: Demo de lo construido ante stakeholders (Review, 1h) + sesión de mejora continua del equipo (Retro, 1h). ARQ presenta, QA valida calidad de los entregables demostrados.",Etapa 1 - Plataforma Reportabilidad,PMO_Seguimiento,Backlog,High,2026-08-03,2026-11-06,"GESTION_PROYECTO,DOCUMENTACION",26,PMO-003,ARQ-Arquitecto TI / PMO,Etapa 1,R1,,Baja,Bajo,Arquitectura,0,S10,Agosto,Por etapa
Comité ejecutivo semanal con Gerencia TI y Gerencia Minera,"Reunión semanal con gerencia (1h): estado del proyecto (semáforo), riesgos activos, decisiones pendientes, presupuesto ejecutado, siguiente hito. Formato ejecutivo de 1 página + demo visual cuando aplica.",Etapa 1 - Plataforma Reportabilidad,PMO_Seguimiento,Backlog,High,2026-06-01,2026-10-02,"GESTION_PROYECTO,GERENCIA,CRITICO",26,PMO-004,ARQ-Arquitecto TI / PMO,Etapa 1,R1,,Baja,Medio,Arquitectura,0,S1,Junio,Por etapa
Dashboard de métricas del proyecto en ClickUp,"Configuración y mantenimiento del dashboard ejecutivo en ClickUp: velocidad del equipo (story points/sprint), burndown chart, bugs abiertos/cerrados, % avance por release, uso de recursos.",Etapa 1 - Plataforma Reportabilidad,PMO_Seguimiento,Backlog,Normal,2026-06-01,2026-07-03,"GESTION_PROYECTO,DOCUMENTACION",16,PMO-005,ARQ-Arquitecto TI / PMO,Etapa 1,R1,PMO-001,Media,Bajo,Arquitectura,0,S1,Junio,Por etapa
Informe ejecutivo de cierre y lecciones aprendidas del proyecto,"Documento ejecutivo de cierre: logros vs SOW, lecciones aprendidas, recomendaciones para operación, riesgos residuales y plan de soporte post-GoLive. Presentación a Gerencia TI y Gerencia Minera.",Etapa 1 - Plataforma Reportabilidad,MES6_NOVIEMBRE_GoLive,Backlog,High,2026-11-02,2026-11-30,"GESTION_PROYECTO,DOCUMENTACION,PRODUCCION",32,ARQ-G11,ARQ-Arquitecto TI / PMO,Etapa 1,R6,P2-M6-011,Baja,Medio,Arquitectura,0,S23,Noviembre,Por etapa
Auditoría final de cumplimiento arquitectura vs SOW y requisitos mineros,"Revisión formal de que la plataforma cumple arquitectura aprobada, requisitos del SOW, normativa minera y OWASP. Matriz de trazabilidad requisito→entregable. QA valida evidencias.",Etapa 1 - Plataforma Reportabilidad,MES6_NOVIEMBRE_GoLive,Backlog,High,2026-11-02,2026-11-30,"ARQUITECTURA,DOCUMENTACION,CRITICO",32,ARQ-G12,"ARQ-Arquitecto TI / PMO, QA",Etapa 1,R6,ARQ-G06,Media,Alto,Arquitectura,0,S23,Noviembre,Por etapa
Transferencia formal del sistema a operaciones TI del cliente,"Handover estructurado: runbooks, accesos, diagramas as-built, contactos proveedores datacenter Lima, sesión de transferencia con equipo operativo del cliente y acta de recepción firmada.",Etapa 1 - Plataforma Reportabilidad,MES6_NOVIEMBRE_GoLive,Backlog,Urgent,2026-11-02,2026-11-30,"GESTION_PROYECTO,PRODUCCION,SOPORTE",38,ARQ-G13,"ARQ-Arquitecto TI / PMO, SYS",Etapa 1,R6,P2-M6-012,Media,Alto,Arquitectura,0,S23,Noviembre,Por etapa
Seguimiento KPIs y estabilización post-GoLive (primera quincena),"Monitoreo diario de indicadores post-lanzamiento: disponibilidad, errores críticos, tickets de soporte, adopción de usuarios. Reporte ejecutivo a Gerencia y plan de acción correctiva.",Etapa 1 - Plataforma Reportabilidad,PMO_Seguimiento,Backlog,High,2026-11-02,2026-11-30,"GESTION_PROYECTO,PRODUCCION,GERENCIA",24,ARQ-G14,ARQ-Arquitecto TI / PMO,Etapa 1,R6,P2-M6-012,Baja,Medio,Arquitectura,0,S23,Noviembre,Por etapa
Encuestas NPS y optimización UX post-lanzamiento,"Encuestas de satisfacción a usuarios clave tras GoLive (NPS, SUS), análisis de fricciones reportadas en marcha blanca, ajustes UX de prioridad alta en pantallas críticas y reporte de mejoras para backlog post-proyecto.",Etapa 1 - Plataforma Reportabilidad,MES6_NOVIEMBRE_GoLive,Backlog,High,2026-11-02,2026-11-06,"EXPERIENCIA_USUARIO,SOPORTE,PRODUCCION",32,FE2-U17,FRONTEND 2,Etapa 1,R6,FE2-U15,Media,Medio,Frontend,0,S23,Noviembre,Por etapa
"Actualizacion semanal ClickUp: estados, responsables, fechas y dependencias","Rutina semanal: revisar 287+ tareas, actualizar % avance, validar fechas Gantt, marcar bloqueos y reflejar cambios acordados en comites.",Etapa 1 - Plataforma Reportabilidad,PMO_Seguimiento,Backlog,High,2026-09-28,2026-11-06,GESTION_PROYECTO,52,PAF-001,ARQ-Arquitecto TI / PMO,Etapa 1,R1,,Baja,Medio,Arquitectura,0,S18,Septiembre,Por etapa
"Coordinacion de reuniones: convocatorias, agendas, salas y recordatorios","Gestionar calendario de dailies, sprint planning, reviews, comite ejecutivo y workshops. Enviar invites, preparar agenda y confirmar asistencia de 9 recursos + gerencia.",Etapa 1 - Plataforma Reportabilidad,PMO_Seguimiento,Backlog,High,2026-11-02,2026-11-30,"GESTION_PROYECTO,DOCUMENTACION",52,PAF-002,ARQ-Arquitecto TI / PMO,Etapa 1,R1,,Baja,Medio,Arquitectura,0,S23,Noviembre,Por etapa
"Actas, action items y seguimiento de acuerdos entre sprints","Redactar actas de cada ceremonia, registrar acuerdos con responsable y fecha, enviar resumen por correo y escalar vencidos al ARQ/PMO.",Etapa 1 - Plataforma Reportabilidad,PMO_Seguimiento,Backlog,High,2026-06-30,2026-07-31,"GESTION_PROYECTO,DOCUMENTACION",48,PAF-003,ARQ-Arquitecto TI / PMO,Etapa 1,R1,PAF-002,Baja,Medio,Arquitectura,0,S5,Junio,Por etapa
"Correos de seguimiento a equipo y gerencia (avance, riesgos, bloqueos)","Elaborar y enviar boletines quincenales de avance, alertas de tareas vencidas, recordatorios de entregables y canal unico de comunicacion proyecto-mina.",Etapa 1 - Plataforma Reportabilidad,PMO_Seguimiento,Backlog,High,2026-06-01,2026-07-03,"GESTION_PROYECTO,GERENCIA",40,PAF-004,ARQ-Arquitecto TI / PMO,Etapa 1,R1,,Baja,Medio,Arquitectura,0,S1,Junio,Por etapa
"Matriz RACI, organigrama del proyecto y onboarding de nuevos recursos","Documentar roles (BE1-3, FE1-2, QA, IA, SYS, PAF, ARQ), responsables por modulo minero y guia de induccion al proyecto y ClickUp.",Etapa 1 - Plataforma Reportabilidad,PMO_Seguimiento,Backlog,Normal,2026-06-01,2026-07-03,"GESTION_PROYECTO,DOCUMENTACION",32,PAF-005,ARQ-Arquitecto TI / PMO,Etapa 1,R1,,Media,Bajo,Arquitectura,0,S1,Junio,Por etapa
Documentacion funcional para usuarios de mina (manuales y quick-start),"Redactar manuales funcionales no tecnicos: crear informe, sensores, mapas, alertas. Coordinar revision con FE1/FE2 y validacion con QA.",Etapa 1 - Plataforma Reportabilidad,PMO_Seguimiento,Backlog,High,2026-06-30,2026-10-02,"DOCUMENTACION,EXPERIENCIA_USUARIO",43,PAF-006,FRONTEND 1,Etapa 1,R3,P1-M3-004,Media,Medio,Frontend,0,S5,Junio,Por etapa
Catalogo de requerimientos funcionales y trazabilidad FE-BE,Mantener matriz requerimiento-tarea-modulo minero; actualizar correspondencias frontend-backend y evidencias de cierre por sprint.,Etapa 1 - Plataforma Reportabilidad,PMO_Seguimiento,Backlog,High,2026-06-01,2026-10-02,"DOCUMENTACION,DATOS",39,PAF-007,"BACKEND 1, FRONTEND 1, ARQ-Arquitecto TI / PMO",Etapa 1,R2,P1-M1-005,Media,Medio,Backend,0,S1,Junio,Por etapa
"Soporte a UAT: escenarios, datos de prueba y log de incidencias funcionales","Apoyar QA en preparacion UAT: escenarios de negocio minero, datos anonimizados, registro de incidencias funcionales en ClickUp y priorizacion con ARQ.",Etapa 1 - Plataforma Reportabilidad,PMO_Seguimiento,Backlog,High,2026-08-31,2026-11-30,"GESTION_PROYECTO,PRUEBAS_CALIDAD",36,PAF-008,"BACKEND 1, ARQ-Arquitecto TI / PMO, QA",Etapa 1,R5,QA-T11,Media,Medio,QA,0,S14,Agosto,Por etapa
Dashboard ejecutivo de avance (extraccion ClickUp + slide gerencia),"Consolidar KPIs de avance, capacidad y riesgos desde Excel/ClickUp; preparar slide quincenal para comite ejecutivo junto al ARQ.",Etapa 1 - Plataforma Reportabilidad,PMO_Seguimiento,Backlog,High,2026-06-30,2026-11-06,"GESTION_PROYECTO,GERENCIA",40,PAF-009,ARQ-Arquitecto TI / PMO,Etapa 1,R1,PAF-004,Baja,Medio,Arquitectura,0,S5,Junio,Por etapa
"Kit de cierre: indice documentacion, actas finales y lecciones aprendidas","Compilar entregables documentales del proyecto, lecciones aprendidas, acta de cierre y paquete de handover para operaciones mina.",Etapa 1 - Plataforma Reportabilidad,PMO_Seguimiento,Backlog,High,2026-11-02,2026-11-30,"GESTION_PROYECTO,DOCUMENTACION,PRODUCCION",32,PAF-010,ARQ-Arquitecto TI / PMO,Etapa 1,R6,P2-M6-012,Media,Medio,Arquitectura,0,S23,Noviembre,Por etapa
"Soporte integraciones, APIs y mensajeria transversal — Noviembre","Actividad transversal planificada para mantener carga mensual >= 90% en Noviembre 2026 (BACKEND 3 — Integraciones). Incluye revisiones, soporte cruzado, documentacion y cierre de pendientes del mes.",Etapa 1 - Plataforma Reportabilidad,MES6_NOVIEMBRE_GoLive,Backlog,Normal,2026-11-02,2026-11-30,"GESTION_PROYECTO,SOPORTE,CAPACIDAD",36,FLOOR-BE3-M11-01,BACKEND 3,Etapa 1,R1,,Baja,Bajo,Integraciones,0,S23,Noviembre,Por etapa
"Soporte integraciones, APIs y mensajeria transversal — Noviembre","Actividad transversal planificada para mantener carga mensual >= 90% en Noviembre 2026 (BACKEND 3 — Integraciones). Incluye revisiones, soporte cruzado, documentacion y cierre de pendientes del mes.",Etapa 1 - Plataforma Reportabilidad,MES6_NOVIEMBRE_GoLive,Backlog,Normal,2026-11-02,2026-11-30,"GESTION_PROYECTO,SOPORTE,CAPACIDAD",36,FLOOR-BE3-M11-02,BACKEND 3,Etapa 1,R1,,Baja,Bajo,Integraciones,0,S23,Noviembre,Por etapa
Gobierno arquitectonico y alineamiento tecnico transversal — Julio,"Actividad transversal planificada para mantener carga mensual >= 90% en Julio 2026 (ARQ-Arquitecto TI / PMO). Incluye revisiones, soporte cruzado, documentacion y cierre de pendientes del mes.",Etapa 1 - Plataforma Reportabilidad,MES2_JULIO_Core_Seguridad,Backlog,Normal,2026-06-30,2026-07-31,"GESTION_PROYECTO,SOPORTE,CAPACIDAD",36,FLOOR-ARQ-M07-01,ARQ-Arquitecto TI / PMO,Etapa 1,R1,,Baja,Bajo,Arquitectura,0,S5,Junio,Por etapa
Gobierno arquitectonico y alineamiento tecnico transversal — Julio,"Actividad transversal planificada para mantener carga mensual >= 90% en Julio 2026 (ARQ-Arquitecto TI / PMO). Incluye revisiones, soporte cruzado, documentacion y cierre de pendientes del mes.",Etapa 1 - Plataforma Reportabilidad,MES2_JULIO_Core_Seguridad,Backlog,Normal,2026-06-30,2026-07-31,"GESTION_PROYECTO,SOPORTE,CAPACIDAD",36,FLOOR-ARQ-M07-02,ARQ-Arquitecto TI / PMO,Etapa 1,R1,,Baja,Bajo,Arquitectura,0,S5,Junio,Por etapa
"Soporte integraciones, APIs y mensajeria transversal — Noviembre","Actividad transversal planificada para mantener carga mensual >= 90% en Noviembre 2026 (BACKEND 3 — Integraciones). Incluye revisiones, soporte cruzado, documentacion y cierre de pendientes del mes.",Etapa 1 - Plataforma Reportabilidad,MES6_NOVIEMBRE_GoLive,Backlog,Normal,2026-11-02,2026-11-30,"GESTION_PROYECTO,SOPORTE,CAPACIDAD",36,FLOOR-BE3-M11-03,BACKEND 3,Etapa 1,R1,,Baja,Bajo,Integraciones,0,S23,Noviembre,Por etapa
Gobierno arquitectonico y alineamiento tecnico transversal — Agosto,"Actividad transversal planificada para mantener carga mensual >= 90% en Agosto 2026 (ARQ-Arquitecto TI / PMO). Incluye revisiones, soporte cruzado, documentacion y cierre de pendientes del mes.",Etapa 1 - Plataforma Reportabilidad,MES3_AGOSTO_UX_Sensores,Backlog,Normal,2026-08-03,2026-09-04,"GESTION_PROYECTO,SOPORTE,CAPACIDAD",30,FLOOR-ARQ-M08-01,ARQ-Arquitecto TI / PMO,Etapa 1,R1,,Baja,Bajo,Arquitectura,0,S10,Agosto,Por etapa
"Soporte integraciones, APIs y mensajeria transversal — Septiembre","Actividad transversal planificada para mantener carga mensual >= 90% en Septiembre 2026 (BACKEND 3 — Integraciones). Incluye revisiones, soporte cruzado, documentacion y cierre de pendientes del mes.",Etapa 1 - Plataforma Reportabilidad,MES4_SEPTIEMBRE_Integracion_QA,Backlog,Normal,2026-08-31,2026-10-02,"GESTION_PROYECTO,SOPORTE,CAPACIDAD",32,FLOOR-BE3-M09-01,BACKEND 3,Etapa 1,R1,,Baja,Bajo,Integraciones,0,S14,Agosto,Por etapa
"Soporte integraciones, APIs y mensajeria transversal — Junio","Actividad transversal planificada para mantener carga mensual >= 90% en Junio 2026 (BACKEND 3 — Integraciones). Incluye revisiones, soporte cruzado, documentacion y cierre de pendientes del mes.",Etapa 1 - Plataforma Reportabilidad,MES1_JUNIO_Analisis_Arquitectura,Backlog,Normal,2026-06-01,2026-07-03,"GESTION_PROYECTO,SOPORTE,CAPACIDAD",29,FLOOR-BE3-M06-01,BACKEND 3,Etapa 1,R1,,Baja,Bajo,Integraciones,0,S1,Junio,Por etapa
"Soporte integraciones, APIs y mensajeria transversal — Julio","Actividad transversal planificada para mantener carga mensual >= 90% en Julio 2026 (BACKEND 3 — Integraciones). Incluye revisiones, soporte cruzado, documentacion y cierre de pendientes del mes.",Etapa 1 - Plataforma Reportabilidad,MES2_JULIO_Core_Seguridad,Backlog,Normal,2026-06-30,2026-07-31,"GESTION_PROYECTO,SOPORTE,CAPACIDAD",28,FLOOR-BE3-M07-01,BACKEND 3,Etapa 1,R1,,Baja,Bajo,Integraciones,0,S5,Junio,Por etapa
Gobierno arquitectonico y alineamiento tecnico transversal — Agosto,"Actividad transversal planificada para mantener carga mensual >= 90% en Agosto 2026 (ARQ-Arquitecto TI / PMO). Incluye revisiones, soporte cruzado, documentacion y cierre de pendientes del mes.",Etapa 1 - Plataforma Reportabilidad,MES3_AGOSTO_UX_Sensores,Backlog,Normal,2026-08-03,2026-09-04,"GESTION_PROYECTO,SOPORTE,CAPACIDAD",25,FLOOR-ARQ-M08-02,ARQ-Arquitecto TI / PMO,Etapa 1,R1,,Baja,Bajo,Arquitectura,0,S10,Agosto,Por etapa
"Refuerzo UI, accesibilidad y deuda tecnica frontend — Junio","Actividad transversal planificada para mantener carga mensual >= 90% en Junio 2026 (FRONTEND 1 — Interfaces (mes 1 al 6)). Incluye revisiones, soporte cruzado, documentacion y cierre de pendientes del mes.",Etapa 1 - Plataforma Reportabilidad,MES1_JUNIO_Analisis_Arquitectura,Backlog,Normal,2026-06-01,2026-07-03,"GESTION_PROYECTO,SOPORTE,CAPACIDAD",15,FLOOR-FE1-M06-01,FRONTEND 1,Etapa 1,R1,,Baja,Bajo,Frontend Principal,0,S1,Junio,Por etapa
"Soporte UX, usabilidad y validacion con usuarios — Noviembre","Actividad transversal planificada para mantener carga mensual >= 90% en Noviembre 2026 (FRONTEND 2 — UX y Soporte (desde mes 2)). Incluye revisiones, soporte cruzado, documentacion y cierre de pendientes del mes.",Etapa 1 - Plataforma Reportabilidad,MES6_NOVIEMBRE_GoLive,Backlog,Normal,2026-11-02,2026-11-30,"GESTION_PROYECTO,SOPORTE,CAPACIDAD",23,FLOOR-FE2-M11-01,FRONTEND 2,Etapa 1,R1,,Baja,Bajo,UX y Soporte,0,S23,Noviembre,Por etapa
Gobierno arquitectonico y alineamiento tecnico transversal — Noviembre,"Actividad transversal planificada para mantener carga mensual >= 90% en Noviembre 2026 (ARQ-Arquitecto TI / PMO). Incluye revisiones, soporte cruzado, documentacion y cierre de pendientes del mes.",Etapa 1 - Plataforma Reportabilidad,MES6_NOVIEMBRE_GoLive,Backlog,Normal,2026-11-02,2026-11-30,"GESTION_PROYECTO,SOPORTE,CAPACIDAD",19,FLOOR-ARQ-M11-01,ARQ-Arquitecto TI / PMO,Etapa 1,R1,,Baja,Bajo,Arquitectura,0,S23,Noviembre,Por etapa
Gobierno arquitectonico y alineamiento tecnico transversal — Julio,"Actividad transversal planificada para mantener carga mensual >= 90% en Julio 2026 (ARQ-Arquitecto TI / PMO). Incluye revisiones, soporte cruzado, documentacion y cierre de pendientes del mes.",Etapa 1 - Plataforma Reportabilidad,MES2_JULIO_Core_Seguridad,Backlog,Normal,2026-06-30,2026-07-31,"GESTION_PROYECTO,SOPORTE,CAPACIDAD",17,FLOOR-ARQ-M07-03,ARQ-Arquitecto TI / PMO,Etapa 1,R1,,Baja,Bajo,Arquitectura,0,S5,Junio,Por etapa
Revision continua OWASP y hardening de seguridad — Junio,"Actividad transversal planificada para mantener carga mensual >= 90% en Junio 2026 (BACKEND 2 — Ciberseguridad Backend (JWT/RBAC/OWASP)). Incluye revisiones, soporte cruzado, documentacion y cierre de pendientes del mes.",Etapa 1 - Plataforma Reportabilidad,MES1_JUNIO_Analisis_Arquitectura,Backlog,Normal,2026-06-01,2026-07-03,"GESTION_PROYECTO,SOPORTE,CAPACIDAD",16,FLOOR-BE2-M06-01,BACKEND 2,Etapa 1,R1,,Baja,Bajo,Ciberseguridad Backend,0,S1,Junio,Por etapa
Gobierno arquitectonico y alineamiento tecnico transversal — Noviembre,"Actividad transversal planificada para mantener carga mensual >= 90% en Noviembre 2026 (ARQ-Arquitecto TI / PMO). Incluye revisiones, soporte cruzado, documentacion y cierre de pendientes del mes.",Etapa 1 - Plataforma Reportabilidad,MES6_NOVIEMBRE_GoLive,Backlog,Normal,2026-11-02,2026-11-30,"GESTION_PROYECTO,SOPORTE,CAPACIDAD",16,FLOOR-ARQ-M11-02,ARQ-Arquitecto TI / PMO,Etapa 1,R1,,Baja,Bajo,Arquitectura,0,S23,Noviembre,Por etapa
"Soporte integraciones, APIs y mensajeria transversal — Junio","Actividad transversal planificada para mantener carga mensual >= 90% en Junio 2026 (BACKEND 3 — Integraciones). Incluye revisiones, soporte cruzado, documentacion y cierre de pendientes del mes.",Etapa 1 - Plataforma Reportabilidad,MES1_JUNIO_Analisis_Arquitectura,Backlog,Normal,2026-06-01,2026-07-03,"GESTION_PROYECTO,SOPORTE,CAPACIDAD",16,FLOOR-BE3-M06-02,BACKEND 3,Etapa 1,R1,,Baja,Bajo,Integraciones,0,S1,Junio,Por etapa
"Soporte integraciones, APIs y mensajeria transversal — Agosto","Actividad transversal planificada para mantener carga mensual >= 90% en Agosto 2026 (BACKEND 3 — Integraciones). Incluye revisiones, soporte cruzado, documentacion y cierre de pendientes del mes.",Etapa 1 - Plataforma Reportabilidad,MES3_AGOSTO_UX_Sensores,Backlog,Normal,2026-08-03,2026-09-04,"GESTION_PROYECTO,SOPORTE,CAPACIDAD",15,FLOOR-BE3-M08-01,BACKEND 3,Etapa 1,R1,,Baja,Bajo,Integraciones,0,S10,Agosto,Por etapa
"Documentacion funcional, actas y seguimiento PMO — Agosto","Actividad transversal planificada para mantener carga mensual >= 90% en Agosto 2026 (Soporte PMO — Analista Funcional y Documentador). Incluye revisiones, soporte cruzado, documentacion y cierre de pendientes del mes.",Etapa 1 - Plataforma Reportabilidad,PMO_Seguimiento,Backlog,Normal,2026-08-03,2026-09-04,"GESTION_PROYECTO,SOPORTE,CAPACIDAD",14,FLOOR-PAF-M08-01,ARQ-Arquitecto TI / PMO,Etapa 1,R1,,Baja,Bajo,PMO Soporte,0,S10,Agosto,Por etapa
"Documentacion funcional, actas y seguimiento PMO — Agosto","Actividad transversal planificada para mantener carga mensual >= 90% en Agosto 2026 (Soporte PMO — Analista Funcional y Documentador). Incluye revisiones, soporte cruzado, documentacion y cierre de pendientes del mes.",Etapa 1 - Plataforma Reportabilidad,PMO_Seguimiento,Backlog,Normal,2026-08-03,2026-09-04,"GESTION_PROYECTO,SOPORTE,CAPACIDAD",16,FLOOR-PAF-M08-02,ARQ-Arquitecto TI / PMO,Etapa 1,R1,,Baja,Bajo,PMO Soporte,0,S10,Agosto,Por etapa
"Soporte UX, usabilidad y validacion con usuarios — Noviembre","Actividad transversal planificada para mantener carga mensual >= 90% en Noviembre 2026 (FRONTEND 2 — UX y Soporte (desde mes 2)). Incluye revisiones, soporte cruzado, documentacion y cierre de pendientes del mes.",Etapa 1 - Plataforma Reportabilidad,MES6_NOVIEMBRE_GoLive,Backlog,Normal,2026-11-02,2026-11-30,"GESTION_PROYECTO,SOPORTE,CAPACIDAD",3,FLOOR-FE2-M11-02,FRONTEND 2,Etapa 1,R1,,Baja,Bajo,UX y Soporte,0,S23,Noviembre,Por etapa
"Soporte integraciones, APIs y mensajeria transversal — Septiembre","Actividad transversal planificada para mantener carga mensual >= 90% en Septiembre 2026 (BACKEND 3 — Integraciones). Incluye revisiones, soporte cruzado, documentacion y cierre de pendientes del mes.",Etapa 1 - Plataforma Reportabilidad,MES4_SEPTIEMBRE_Integracion_QA,Backlog,Normal,2026-08-31,2026-10-02,"GESTION_PROYECTO,SOPORTE,CAPACIDAD",12,FLOOR-BE3-M09-02,BACKEND 3,Etapa 1,R1,,Baja,Bajo,Integraciones,0,S14,Agosto,Por etapa
Gobierno arquitectonico y alineamiento tecnico transversal — Agosto,"Actividad transversal planificada para mantener carga mensual >= 90% en Agosto 2026 (ARQ-Arquitecto TI / PMO). Incluye revisiones, soporte cruzado, documentacion y cierre de pendientes del mes.",Etapa 1 - Plataforma Reportabilidad,MES3_AGOSTO_UX_Sensores,Backlog,Normal,2026-08-03,2026-09-04,"GESTION_PROYECTO,SOPORTE,CAPACIDAD",9,FLOOR-ARQ-M08-03,ARQ-Arquitecto TI / PMO,Etapa 1,R1,,Baja,Bajo,Arquitectura,0,S10,Agosto,Por etapa
"Soporte UX, usabilidad y validacion con usuarios — Noviembre","Actividad transversal planificada para mantener carga mensual >= 90% en Noviembre 2026 (FRONTEND 2 — UX y Soporte (desde mes 2)). Incluye revisiones, soporte cruzado, documentacion y cierre de pendientes del mes.",Etapa 1 - Plataforma Reportabilidad,MES6_NOVIEMBRE_GoLive,Backlog,Normal,2026-11-02,2026-11-30,"GESTION_PROYECTO,SOPORTE,CAPACIDAD",2,FLOOR-FE2-M11-03,FRONTEND 2,Etapa 1,R1,,Baja,Bajo,UX y Soporte,0,S23,Noviembre,Por etapa
Gobierno arquitectonico y alineamiento tecnico transversal — Agosto,"Actividad transversal planificada para mantener carga mensual >= 90% en Agosto 2026 (ARQ-Arquitecto TI / PMO). Incluye revisiones, soporte cruzado, documentacion y cierre de pendientes del mes.",Etapa 1 - Plataforma Reportabilidad,MES3_AGOSTO_UX_Sensores,Backlog,Normal,2026-08-03,2026-09-04,"GESTION_PROYECTO,SOPORTE,CAPACIDAD",7,FLOOR-ARQ-M08-04,ARQ-Arquitecto TI / PMO,Etapa 1,R1,,Baja,Bajo,Arquitectura,0,S10,Agosto,Por etapa
"Soporte UX, usabilidad y validacion con usuarios — Noviembre","Actividad transversal planificada para mantener carga mensual >= 90% en Noviembre 2026 (FRONTEND 2 — UX y Soporte (desde mes 2)). Incluye revisiones, soporte cruzado, documentacion y cierre de pendientes del mes.",Etapa 1 - Plataforma Reportabilidad,MES6_NOVIEMBRE_GoLive,Backlog,Normal,2026-11-02,2026-11-30,"GESTION_PROYECTO,SOPORTE,CAPACIDAD",7,FLOOR-FE2-M11-04,FRONTEND 2,Etapa 1,R1,,Baja,Bajo,UX y Soporte,0,S23,Noviembre,Por etapa
Gobierno arquitectonico y alineamiento tecnico transversal — Julio,"Actividad transversal planificada para mantener carga mensual >= 90% en Julio 2026 (ARQ-Arquitecto TI / PMO). Incluye revisiones, soporte cruzado, documentacion y cierre de pendientes del mes.",Etapa 1 - Plataforma Reportabilidad,MES2_JULIO_Core_Seguridad,Backlog,Normal,2026-06-30,2026-07-31,"GESTION_PROYECTO,SOPORTE,CAPACIDAD",7,FLOOR-ARQ-M07-04,ARQ-Arquitecto TI / PMO,Etapa 1,R1,,Baja,Bajo,Arquitectura,0,S5,Junio,Por etapa
"Documentacion funcional, actas y seguimiento PMO — Julio","Actividad transversal planificada para mantener carga mensual >= 90% en Julio 2026 (Soporte PMO — Analista Funcional y Documentador). Incluye revisiones, soporte cruzado, documentacion y cierre de pendientes del mes.",Etapa 1 - Plataforma Reportabilidad,PMO_Seguimiento,Backlog,Normal,2026-06-30,2026-07-31,"GESTION_PROYECTO,SOPORTE,CAPACIDAD",7,FLOOR-PAF-M07-01,ARQ-Arquitecto TI / PMO,Etapa 1,R1,,Baja,Bajo,PMO Soporte,0,S5,Junio,Por etapa
"Documentacion funcional, actas y seguimiento PMO — Junio","Actividad transversal planificada para mantener carga mensual >= 90% en Junio 2026 (Soporte PMO — Analista Funcional y Documentador). Incluye revisiones, soporte cruzado, documentacion y cierre de pendientes del mes.",Etapa 1 - Plataforma Reportabilidad,PMO_Seguimiento,Backlog,Normal,2026-06-01,2026-07-03,"GESTION_PROYECTO,SOPORTE,CAPACIDAD",11,FLOOR-PAF-M06-01,ARQ-Arquitecto TI / PMO,Etapa 1,R1,,Baja,Bajo,PMO Soporte,0,S1,Junio,Por etapa
"Soporte integraciones, APIs y mensajeria transversal — Agosto","Actividad transversal planificada para mantener carga mensual >= 90% en Agosto 2026 (BACKEND 3 — Integraciones). Incluye revisiones, soporte cruzado, documentacion y cierre de pendientes del mes.",Etapa 1 - Plataforma Reportabilidad,MES3_AGOSTO_UX_Sensores,Backlog,Normal,2026-08-03,2026-09-04,"GESTION_PROYECTO,SOPORTE,CAPACIDAD",6,FLOOR-BE3-M08-02,BACKEND 3,Etapa 1,R1,,Baja,Bajo,Integraciones,0,S10,Agosto,Por etapa
"Soporte integraciones, APIs y mensajeria transversal — Agosto","Actividad transversal planificada para mantener carga mensual >= 90% en Agosto 2026 (BACKEND 3 — Integraciones). Incluye revisiones, soporte cruzado, documentacion y cierre de pendientes del mes.",Etapa 1 - Plataforma Reportabilidad,MES3_AGOSTO_UX_Sensores,Backlog,Normal,2026-08-03,2026-09-04,"GESTION_PROYECTO,SOPORTE,CAPACIDAD",8,FLOOR-BE3-M08-03,BACKEND 3,Etapa 1,R1,,Baja,Bajo,Integraciones,0,S10,Agosto,Por etapa
Pruebas exploratorias y regresion continua — Agosto,"Actividad transversal planificada para mantener carga mensual >= 90% en Agosto 2026 (QA-Calidad (desde mes 2)). Incluye revisiones, soporte cruzado, documentacion y cierre de pendientes del mes.",Etapa 1 - Plataforma Reportabilidad,MES3_AGOSTO_UX_Sensores,Backlog,Normal,2026-08-03,2026-09-04,"GESTION_PROYECTO,SOPORTE,CAPACIDAD",14,FLOOR-QA-M08-01,QA,Etapa 1,R1,,Baja,Bajo,Calidad,0,S10,Agosto,Por etapa
Pruebas exploratorias y regresion continua — Agosto,"Actividad transversal planificada para mantener carga mensual >= 90% en Agosto 2026 (QA-Calidad (desde mes 2)). Incluye revisiones, soporte cruzado, documentacion y cierre de pendientes del mes.",Etapa 1 - Plataforma Reportabilidad,MES3_AGOSTO_UX_Sensores,Backlog,Normal,2026-08-03,2026-09-04,"GESTION_PROYECTO,SOPORTE,CAPACIDAD",9,FLOOR-QA-M08-02,QA,Etapa 1,R1,,Baja,Bajo,Calidad,0,S10,Agosto,Por etapa
"Soporte integraciones, APIs y mensajeria transversal — Septiembre","Actividad transversal planificada para mantener carga mensual >= 90% en Septiembre 2026 (BACKEND 3 — Integraciones). Incluye revisiones, soporte cruzado, documentacion y cierre de pendientes del mes.",Etapa 1 - Plataforma Reportabilidad,MES4_SEPTIEMBRE_Integracion_QA,Backlog,Normal,2026-08-31,2026-10-02,"GESTION_PROYECTO,SOPORTE,CAPACIDAD",9,FLOOR-BE3-M09-03,BACKEND 3,Etapa 1,R1,,Baja,Bajo,Integraciones,0,S14,Agosto,Por etapa
Pruebas exploratorias y regresion continua — Julio,"Actividad transversal planificada para mantener carga mensual >= 90% en Julio 2026 (QA-Calidad (desde mes 2)). Incluye revisiones, soporte cruzado, documentacion y cierre de pendientes del mes.",Etapa 1 - Plataforma Reportabilidad,MES2_JULIO_Core_Seguridad,Backlog,Normal,2026-06-30,2026-07-31,"GESTION_PROYECTO,SOPORTE,CAPACIDAD",7,FLOOR-QA-M07-01,QA,Etapa 1,R1,,Baja,Bajo,Calidad,0,S5,Junio,Por etapa
Gobierno arquitectonico y alineamiento tecnico transversal — Noviembre,"Actividad transversal planificada para mantener carga mensual >= 90% en Noviembre 2026 (ARQ-Arquitecto TI / PMO). Incluye revisiones, soporte cruzado, documentacion y cierre de pendientes del mes.",Etapa 1 - Plataforma Reportabilidad,MES6_NOVIEMBRE_GoLive,Backlog,Normal,2026-11-02,2026-11-30,"GESTION_PROYECTO,SOPORTE,CAPACIDAD",7,FLOOR-ARQ-M11-03,ARQ-Arquitecto TI / PMO,Etapa 1,R1,,Baja,Bajo,Arquitectura,0,S23,Noviembre,Por etapa
"Soporte UX, usabilidad y validacion con usuarios — Noviembre","Actividad transversal planificada para mantener carga mensual >= 90% en Noviembre 2026 (FRONTEND 2 — UX y Soporte (desde mes 2)). Incluye revisiones, soporte cruzado, documentacion y cierre de pendientes del mes.",Etapa 1 - Plataforma Reportabilidad,MES6_NOVIEMBRE_GoLive,Backlog,Normal,2026-11-02,2026-11-30,"GESTION_PROYECTO,SOPORTE,CAPACIDAD",12,FLOOR-FE2-M11-05,FRONTEND 2,Etapa 1,R1,,Baja,Bajo,UX y Soporte,0,S23,Noviembre,Por etapa
"Soporte UX, usabilidad y validacion con usuarios — Octubre","Actividad transversal planificada para mantener carga mensual >= 90% en Octubre 2026 (FRONTEND 2 — UX y Soporte (desde mes 2)). Incluye revisiones, soporte cruzado, documentacion y cierre de pendientes del mes.",Etapa 1 - Plataforma Reportabilidad,MES5_OCTUBRE_Optimizacion,Backlog,Normal,2026-09-28,2026-11-06,"GESTION_PROYECTO,SOPORTE,CAPACIDAD",9,FLOOR-FE2-M10-01,FRONTEND 2,Etapa 1,R1,,Baja,Bajo,UX y Soporte,0,S18,Septiembre,Por etapa
"Soporte UX, usabilidad y validacion con usuarios — Septiembre","Actividad transversal planificada para mantener carga mensual >= 90% en Septiembre 2026 (FRONTEND 2 — UX y Soporte (desde mes 2)). Incluye revisiones, soporte cruzado, documentacion y cierre de pendientes del mes.",Etapa 1 - Plataforma Reportabilidad,MES4_SEPTIEMBRE_Integracion_QA,Backlog,Normal,2026-08-31,2026-10-02,"GESTION_PROYECTO,SOPORTE,CAPACIDAD",16,FLOOR-FE2-M09-01,FRONTEND 2,Etapa 1,R1,,Baja,Bajo,UX y Soporte,0,S14,Agosto,Por etapa
"Documentacion funcional, actas y seguimiento PMO — Agosto","Actividad transversal planificada para mantener carga mensual >= 90% en Agosto 2026 (Soporte PMO — Analista Funcional y Documentador). Incluye revisiones, soporte cruzado, documentacion y cierre de pendientes del mes.",Etapa 1 - Plataforma Reportabilidad,PMO_Seguimiento,Backlog,Normal,2026-08-03,2026-09-04,"GESTION_PROYECTO,SOPORTE,CAPACIDAD",7,FLOOR-PAF-M08-03,ARQ-Arquitecto TI / PMO,Etapa 1,R1,,Baja,Bajo,PMO Soporte,0,S10,Agosto,Por etapa
"Soporte UX, usabilidad y validacion con usuarios — Septiembre","Actividad transversal planificada para mantener carga mensual >= 90% en Septiembre 2026 (FRONTEND 2 — UX y Soporte (desde mes 2)). Incluye revisiones, soporte cruzado, documentacion y cierre de pendientes del mes.",Etapa 1 - Plataforma Reportabilidad,MES4_SEPTIEMBRE_Integracion_QA,Backlog,Normal,2026-08-31,2026-10-02,"GESTION_PROYECTO,SOPORTE,CAPACIDAD",14,FLOOR-FE2-M09-02,FRONTEND 2,Etapa 1,R1,,Baja,Bajo,UX y Soporte,0,S14,Agosto,Por etapa
"Documentacion funcional, actas y seguimiento PMO — Agosto","Actividad transversal planificada para mantener carga mensual >= 90% en Agosto 2026 (Soporte PMO — Analista Funcional y Documentador). Incluye revisiones, soporte cruzado, documentacion y cierre de pendientes del mes.",Etapa 1 - Plataforma Reportabilidad,PMO_Seguimiento,Backlog,Normal,2026-08-03,2026-09-04,"GESTION_PROYECTO,SOPORTE,CAPACIDAD",12,FLOOR-PAF-M08-04,ARQ-Arquitecto TI / PMO,Etapa 1,R1,,Baja,Bajo,PMO Soporte,0,S10,Agosto,Por etapa
Pruebas exploratorias y regresion continua — Septiembre,"Actividad transversal planificada para mantener carga mensual >= 90% en Septiembre 2026 (QA-Calidad (desde mes 2)). Incluye revisiones, soporte cruzado, documentacion y cierre de pendientes del mes.",Etapa 1 - Plataforma Reportabilidad,MES4_SEPTIEMBRE_Integracion_QA,Backlog,Normal,2026-08-31,2026-10-02,"GESTION_PROYECTO,SOPORTE,CAPACIDAD",7,FLOOR-QA-M09-01,QA,Etapa 1,R1,,Baja,Bajo,Calidad,0,S14,Agosto,Por etapa
Pruebas exploratorias y regresion continua — Julio,"Actividad transversal planificada para mantener carga mensual >= 90% en Julio 2026 (QA-Calidad (desde mes 2)). Incluye revisiones, soporte cruzado, documentacion y cierre de pendientes del mes.",Etapa 1 - Plataforma Reportabilidad,MES2_JULIO_Core_Seguridad,Backlog,Normal,2026-06-30,2026-07-31,"GESTION_PROYECTO,SOPORTE,CAPACIDAD",7,FLOOR-QA-M07-02,QA,Etapa 1,R1,,Baja,Bajo,Calidad,0,S5,Junio,Por etapa
"Documentacion funcional, actas y seguimiento PMO — Septiembre","Actividad transversal planificada para mantener carga mensual >= 90% en Septiembre 2026 (Soporte PMO — Analista Funcional y Documentador). Incluye revisiones, soporte cruzado, documentacion y cierre de pendientes del mes.",Etapa 1 - Plataforma Reportabilidad,PMO_Seguimiento,Backlog,Normal,2026-08-31,2026-10-02,"GESTION_PROYECTO,SOPORTE,CAPACIDAD",7,FLOOR-PAF-M09-01,ARQ-Arquitecto TI / PMO,Etapa 1,R1,,Baja,Bajo,PMO Soporte,0,S14,Agosto,Por etapa
Pruebas exploratorias y regresion continua — Septiembre,"Actividad transversal planificada para mantener carga mensual >= 90% en Septiembre 2026 (QA-Calidad (desde mes 2)). Incluye revisiones, soporte cruzado, documentacion y cierre de pendientes del mes.",Etapa 1 - Plataforma Reportabilidad,MES4_SEPTIEMBRE_Integracion_QA,Backlog,Normal,2026-08-31,2026-10-02,"GESTION_PROYECTO,SOPORTE,CAPACIDAD",16,FLOOR-QA-M09-02,QA,Etapa 1,R1,,Baja,Bajo,Calidad,0,S14,Agosto,Por etapa
"Soporte UX, usabilidad y validacion con usuarios — Septiembre","Actividad transversal planificada para mantener carga mensual >= 90% en Septiembre 2026 (FRONTEND 2 — UX y Soporte (desde mes 2)). Incluye revisiones, soporte cruzado, documentacion y cierre de pendientes del mes.",Etapa 1 - Plataforma Reportabilidad,MES4_SEPTIEMBRE_Integracion_QA,Backlog,Normal,2026-08-31,2026-10-02,"GESTION_PROYECTO,SOPORTE,CAPACIDAD",14,FLOOR-FE2-M09-03,FRONTEND 2,Etapa 1,R1,,Baja,Bajo,UX y Soporte,0,S14,Agosto,Por etapa
Pruebas exploratorias y regresion continua — Agosto,"Actividad transversal planificada para mantener carga mensual >= 90% en Agosto 2026 (QA-Calidad (desde mes 2)). Incluye revisiones, soporte cruzado, documentacion y cierre de pendientes del mes.",Etapa 1 - Plataforma Reportabilidad,MES3_AGOSTO_UX_Sensores,Backlog,Normal,2026-08-03,2026-09-04,"GESTION_PROYECTO,SOPORTE,CAPACIDAD",10,FLOOR-QA-M08-03,QA,Etapa 1,R1,,Baja,Bajo,Calidad,0,S10,Agosto,Por etapa
"Soporte UX, usabilidad y validacion con usuarios — Septiembre","Actividad transversal planificada para mantener carga mensual >= 90% en Septiembre 2026 (FRONTEND 2 — UX y Soporte (desde mes 2)). Incluye revisiones, soporte cruzado, documentacion y cierre de pendientes del mes.",Etapa 1 - Plataforma Reportabilidad,MES4_SEPTIEMBRE_Integracion_QA,Backlog,Normal,2026-08-31,2026-10-02,"GESTION_PROYECTO,SOPORTE,CAPACIDAD",10,FLOOR-FE2-M09-04,FRONTEND 2,Etapa 1,R1,,Baja,Bajo,UX y Soporte,0,S14,Agosto,Por etapa
Pruebas exploratorias y regresion continua — Agosto,"Actividad transversal planificada para mantener carga mensual >= 90% en Agosto 2026 (QA-Calidad (desde mes 2)). Incluye revisiones, soporte cruzado, documentacion y cierre de pendientes del mes.",Etapa 1 - Plataforma Reportabilidad,MES3_AGOSTO_UX_Sensores,Backlog,Normal,2026-08-03,2026-09-04,"GESTION_PROYECTO,SOPORTE,CAPACIDAD",8,FLOOR-QA-M08-04,QA,Etapa 1,R1,,Baja,Bajo,Calidad,0,S10,Agosto,Por etapa
"Soporte UX, usabilidad y validacion con usuarios — Julio","Actividad transversal planificada para mantener carga mensual >= 90% en Julio 2026 (FRONTEND 2 — UX y Soporte (desde mes 2)). Incluye revisiones, soporte cruzado, documentacion y cierre de pendientes del mes.",Etapa 1 - Plataforma Reportabilidad,MES2_JULIO_Core_Seguridad,Backlog,Normal,2026-06-30,2026-07-31,"GESTION_PROYECTO,SOPORTE,CAPACIDAD",14,FLOOR-FE2-M07-01,FRONTEND 2,Etapa 1,R1,,Baja,Bajo,UX y Soporte,0,S5,Junio,Por etapa
Revision continua OWASP y hardening de seguridad — Junio,"Actividad transversal planificada para mantener carga mensual >= 90% en Junio 2026 (BACKEND 2 — Ciberseguridad Backend (JWT/RBAC/OWASP)). Incluye revisiones, soporte cruzado, documentacion y cierre de pendientes del mes.",Etapa 1 - Plataforma Reportabilidad,MES1_JUNIO_Analisis_Arquitectura,Backlog,Normal,2026-06-01,2026-07-03,"GESTION_PROYECTO,SOPORTE,CAPACIDAD",13,FLOOR-BE2-M06-02,BACKEND 2,Etapa 1,R1,,Baja,Bajo,Ciberseguridad Backend,0,S1,Junio,Por etapa
"Soporte UX, usabilidad y validacion con usuarios — Septiembre","Actividad transversal planificada para mantener carga mensual >= 90% en Septiembre 2026 (FRONTEND 2 — UX y Soporte (desde mes 2)). Incluye revisiones, soporte cruzado, documentacion y cierre de pendientes del mes.",Etapa 1 - Plataforma Reportabilidad,MES4_SEPTIEMBRE_Integracion_QA,Backlog,Normal,2026-08-31,2026-10-02,"GESTION_PROYECTO,SOPORTE,CAPACIDAD",15,FLOOR-FE2-M09-05,FRONTEND 2,Etapa 1,R1,,Baja,Bajo,UX y Soporte,0,S14,Agosto,Por etapa
Revision continua OWASP y hardening de seguridad — Julio,"Actividad transversal planificada para mantener carga mensual >= 90% en Julio 2026 (BACKEND 2 — Ciberseguridad Backend (JWT/RBAC/OWASP)). Incluye revisiones, soporte cruzado, documentacion y cierre de pendientes del mes.",Etapa 1 - Plataforma Reportabilidad,MES2_JULIO_Core_Seguridad,Backlog,Normal,2026-06-30,2026-07-31,"GESTION_PROYECTO,SOPORTE,CAPACIDAD",5,FLOOR-BE2-M07-01,BACKEND 2,Etapa 1,R1,,Baja,Bajo,Ciberseguridad Backend,0,S5,Junio,Por etapa
Revision continua OWASP y hardening de seguridad — Junio,"Actividad transversal planificada para mantener carga mensual >= 90% en Junio 2026 (BACKEND 2 — Ciberseguridad Backend (JWT/RBAC/OWASP)). Incluye revisiones, soporte cruzado, documentacion y cierre de pendientes del mes.",Etapa 1 - Plataforma Reportabilidad,MES1_JUNIO_Analisis_Arquitectura,Backlog,Normal,2026-06-01,2026-07-03,"GESTION_PROYECTO,SOPORTE,CAPACIDAD",5,FLOOR-BE2-M06-03,BACKEND 2,Etapa 1,R1,,Baja,Bajo,Ciberseguridad Backend,0,S1,Junio,Por etapa
"Soporte integraciones, APIs y mensajeria transversal — Noviembre","Actividad transversal planificada para mantener carga mensual >= 90% en Noviembre 2026 (BACKEND 3 — Integraciones). Incluye revisiones, soporte cruzado, documentacion y cierre de pendientes del mes.",Etapa 1 - Plataforma Reportabilidad,MES6_NOVIEMBRE_GoLive,Backlog,Normal,2026-11-02,2026-11-30,"GESTION_PROYECTO,SOPORTE,CAPACIDAD",5,FLOOR-BE3-M11-04,BACKEND 3,Etapa 1,R1,,Baja,Bajo,Integraciones,0,S23,Noviembre,Por etapa
Gobierno arquitectonico y alineamiento tecnico transversal — Septiembre,"Actividad transversal planificada para mantener carga mensual >= 90% en Septiembre 2026 (ARQ-Arquitecto TI / PMO). Incluye revisiones, soporte cruzado, documentacion y cierre de pendientes del mes.",Etapa 1 - Plataforma Reportabilidad,MES4_SEPTIEMBRE_Integracion_QA,Backlog,Normal,2026-08-31,2026-10-02,"GESTION_PROYECTO,SOPORTE,CAPACIDAD",5,FLOOR-ARQ-M09-01,ARQ-Arquitecto TI / PMO,Etapa 1,R1,,Baja,Bajo,Arquitectura,0,S14,Agosto,Por etapa
"Soporte UX, usabilidad y validacion con usuarios — Julio","Actividad transversal planificada para mantener carga mensual >= 90% en Julio 2026 (FRONTEND 2 — UX y Soporte (desde mes 2)). Incluye revisiones, soporte cruzado, documentacion y cierre de pendientes del mes.",Etapa 1 - Plataforma Reportabilidad,MES2_JULIO_Core_Seguridad,Backlog,Normal,2026-06-30,2026-07-31,"GESTION_PROYECTO,SOPORTE,CAPACIDAD",3,FLOOR-FE2-M07-02,FRONTEND 2,Etapa 1,R1,,Baja,Bajo,UX y Soporte,0,S5,Junio,Por etapa
Gobierno arquitectonico y alineamiento tecnico transversal — Septiembre,"Actividad transversal planificada para mantener carga mensual >= 90% en Septiembre 2026 (ARQ-Arquitecto TI / PMO). Incluye revisiones, soporte cruzado, documentacion y cierre de pendientes del mes.",Etapa 1 - Plataforma Reportabilidad,MES4_SEPTIEMBRE_Integracion_QA,Backlog,Normal,2026-08-31,2026-10-02,"GESTION_PROYECTO,SOPORTE,CAPACIDAD",2,FLOOR-ARQ-M09-02,ARQ-Arquitecto TI / PMO,Etapa 1,R1,,Baja,Bajo,Arquitectura,0,S14,Agosto,Por etapa
Pruebas exploratorias y regresion continua — Julio,"Actividad transversal planificada para mantener carga mensual >= 90% en Julio 2026 (QA-Calidad (desde mes 2)). Incluye revisiones, soporte cruzado, documentacion y cierre de pendientes del mes.",Etapa 1 - Plataforma Reportabilidad,MES2_JULIO_Core_Seguridad,Backlog,Normal,2026-06-30,2026-07-31,"GESTION_PROYECTO,SOPORTE,CAPACIDAD",2,FLOOR-QA-M07-03,QA,Etapa 1,R1,,Baja,Bajo,Calidad,0,S5,Junio,Por etapa
Revision continua OWASP y hardening de seguridad — Agosto,"Actividad transversal planificada para mantener carga mensual >= 90% en Agosto 2026 (BACKEND 2 — Ciberseguridad Backend (JWT/RBAC/OWASP)). Incluye revisiones, soporte cruzado, documentacion y cierre de pendientes del mes.",Etapa 1 - Plataforma Reportabilidad,MES3_AGOSTO_UX_Sensores,Backlog,Normal,2026-08-03,2026-09-04,"GESTION_PROYECTO,SOPORTE,CAPACIDAD",2,FLOOR-BE2-M08-01,BACKEND 2,Etapa 1,R1,,Baja,Bajo,Ciberseguridad Backend,0,S10,Agosto,Por etapa
"Soporte UX, usabilidad y validacion con usuarios — Noviembre","Actividad transversal planificada para mantener carga mensual >= 90% en Noviembre 2026 (FRONTEND 2 — UX y Soporte (desde mes 2)). Incluye revisiones, soporte cruzado, documentacion y cierre de pendientes del mes.",Etapa 1 - Plataforma Reportabilidad,MES6_NOVIEMBRE_GoLive,Backlog,Normal,2026-11-02,2026-11-30,"GESTION_PROYECTO,SOPORTE,CAPACIDAD",29,FLOOR-FE2-M11-06,FRONTEND 2,Etapa 1,R1,,Baja,Bajo,UX y Soporte,0,S23,Noviembre,Por etapa
Pruebas exploratorias y regresion continua — Septiembre,"Actividad transversal planificada para mantener carga mensual >= 90% en Septiembre 2026 (QA-Calidad (desde mes 2)). Incluye revisiones, soporte cruzado, documentacion y cierre de pendientes del mes.",Etapa 1 - Plataforma Reportabilidad,MES4_SEPTIEMBRE_Integracion_QA,Backlog,Normal,2026-08-31,2026-10-02,"GESTION_PROYECTO,SOPORTE,CAPACIDAD",7,FLOOR-QA-M09-03,QA,Etapa 1,R1,,Baja,Bajo,Calidad,0,S14,Agosto,Por etapa
"Documentacion funcional, actas y seguimiento PMO — Septiembre","Actividad transversal planificada para mantener carga mensual >= 90% en Septiembre 2026 (Soporte PMO — Analista Funcional y Documentador). Incluye revisiones, soporte cruzado, documentacion y cierre de pendientes del mes.",Etapa 1 - Plataforma Reportabilidad,PMO_Seguimiento,Backlog,Normal,2026-08-31,2026-10-02,"GESTION_PROYECTO,SOPORTE,CAPACIDAD",2,FLOOR-PAF-M09-02,ARQ-Arquitecto TI / PMO,Etapa 1,R1,,Baja,Bajo,PMO Soporte,0,S14,Agosto,Por etapa
"Documentacion funcional, actas y seguimiento PMO — Septiembre","Actividad transversal planificada para mantener carga mensual >= 90% en Septiembre 2026 (Soporte PMO — Analista Funcional y Documentador). Incluye revisiones, soporte cruzado, documentacion y cierre de pendientes del mes.",Etapa 1 - Plataforma Reportabilidad,PMO_Seguimiento,Backlog,Normal,2026-08-31,2026-10-02,"GESTION_PROYECTO,SOPORTE,CAPACIDAD",5,FLOOR-PAF-M09-03,ARQ-Arquitecto TI / PMO,Etapa 1,R1,,Baja,Bajo,PMO Soporte,0,S14,Agosto,Por etapa
Revision continua OWASP y hardening de seguridad — Junio,"Actividad transversal planificada para mantener carga mensual >= 90% en Junio 2026 (BACKEND 2 — Ciberseguridad Backend (JWT/RBAC/OWASP)). Incluye revisiones, soporte cruzado, documentacion y cierre de pendientes del mes.",Etapa 1 - Plataforma Reportabilidad,MES1_JUNIO_Analisis_Arquitectura,Backlog,Normal,2026-06-01,2026-07-03,"GESTION_PROYECTO,SOPORTE,CAPACIDAD",7,FLOOR-BE2-M06-04,BACKEND 2,Etapa 1,R1,,Baja,Bajo,Ciberseguridad Backend,0,S1,Junio,Por etapa
"Soporte UX, usabilidad y validacion con usuarios — Julio","Actividad transversal planificada para mantener carga mensual >= 90% en Julio 2026 (FRONTEND 2 — UX y Soporte (desde mes 2)). Incluye revisiones, soporte cruzado, documentacion y cierre de pendientes del mes.",Etapa 1 - Plataforma Reportabilidad,MES2_JULIO_Core_Seguridad,Backlog,Normal,2026-06-30,2026-07-31,"GESTION_PROYECTO,SOPORTE,CAPACIDAD",13,FLOOR-FE2-M07-03,FRONTEND 2,Etapa 1,R1,,Baja,Bajo,UX y Soporte,0,S5,Junio,Por etapa
Revision continua OWASP y hardening de seguridad — Junio,"Actividad transversal planificada para mantener carga mensual >= 90% en Junio 2026 (BACKEND 2 — Ciberseguridad Backend (JWT/RBAC/OWASP)). Incluye revisiones, soporte cruzado, documentacion y cierre de pendientes del mes.",Etapa 1 - Plataforma Reportabilidad,MES1_JUNIO_Analisis_Arquitectura,Backlog,Normal,2026-06-01,2026-07-03,"GESTION_PROYECTO,SOPORTE,CAPACIDAD",13,FLOOR-BE2-M06-05,BACKEND 2,Etapa 1,R1,,Baja,Bajo,Ciberseguridad Backend,0,S1,Junio,Por etapa
"Soporte integraciones, APIs y mensajeria transversal — Junio","Actividad transversal planificada para mantener carga mensual >= 90% en Junio 2026 (BACKEND 3 — Integraciones). Incluye revisiones, soporte cruzado, documentacion y cierre de pendientes del mes.",Etapa 1 - Plataforma Reportabilidad,MES1_JUNIO_Analisis_Arquitectura,Backlog,Normal,2026-06-01,2026-07-03,"GESTION_PROYECTO,SOPORTE,CAPACIDAD",11,FLOOR-BE3-M06-03,BACKEND 3,Etapa 1,R1,,Baja,Bajo,Integraciones,0,S1,Junio,Por etapa
"Refuerzo UI, accesibilidad y deuda tecnica frontend — Noviembre","Actividad transversal planificada para mantener carga mensual >= 90% en Noviembre 2026 (FRONTEND 1 — Interfaces (mes 1 al 6)). Incluye revisiones, soporte cruzado, documentacion y cierre de pendientes del mes.",Etapa 1 - Plataforma Reportabilidad,MES6_NOVIEMBRE_GoLive,Backlog,Normal,2026-11-02,2026-11-30,"GESTION_PROYECTO,SOPORTE,CAPACIDAD",4,FLOOR-FE1-M11-01,FRONTEND 1,Etapa 1,R1,,Baja,Bajo,Frontend Principal,0,S23,Noviembre,Por etapa
Revision continua OWASP y hardening de seguridad — Agosto,"Actividad transversal planificada para mantener carga mensual >= 90% en Agosto 2026 (BACKEND 2 — Ciberseguridad Backend (JWT/RBAC/OWASP)). Incluye revisiones, soporte cruzado, documentacion y cierre de pendientes del mes.",Etapa 1 - Plataforma Reportabilidad,MES3_AGOSTO_UX_Sensores,Backlog,Normal,2026-08-03,2026-09-04,"GESTION_PROYECTO,SOPORTE,CAPACIDAD",6,FLOOR-BE2-M08-02,BACKEND 2,Etapa 1,R1,,Baja,Bajo,Ciberseguridad Backend,0,S10,Agosto,Por etapa
Revision continua OWASP y hardening de seguridad — Agosto,"Actividad transversal planificada para mantener carga mensual >= 90% en Agosto 2026 (BACKEND 2 — Ciberseguridad Backend (JWT/RBAC/OWASP)). Incluye revisiones, soporte cruzado, documentacion y cierre de pendientes del mes.",Etapa 1 - Plataforma Reportabilidad,MES3_AGOSTO_UX_Sensores,Backlog,Normal,2026-08-03,2026-09-04,"GESTION_PROYECTO,SOPORTE,CAPACIDAD",8,FLOOR-BE2-M08-03,BACKEND 2,Etapa 1,R1,,Baja,Bajo,Ciberseguridad Backend,0,S10,Agosto,Por etapa
"Soporte integraciones, APIs y mensajeria transversal — Julio","Actividad transversal planificada para mantener carga mensual >= 90% en Julio 2026 (BACKEND 3 — Integraciones). Incluye revisiones, soporte cruzado, documentacion y cierre de pendientes del mes.",Etapa 1 - Plataforma Reportabilidad,MES2_JULIO_Core_Seguridad,Backlog,Normal,2026-06-30,2026-07-31,"GESTION_PROYECTO,SOPORTE,CAPACIDAD",7,FLOOR-BE3-M07-02,BACKEND 3,Etapa 1,R1,,Baja,Bajo,Integraciones,0,S5,Junio,Por etapa
Revision continua OWASP y hardening de seguridad — Junio,"Actividad transversal planificada para mantener carga mensual >= 90% en Junio 2026 (BACKEND 2 — Ciberseguridad Backend (JWT/RBAC/OWASP)). Incluye revisiones, soporte cruzado, documentacion y cierre de pendientes del mes.",Etapa 1 - Plataforma Reportabilidad,MES1_JUNIO_Analisis_Arquitectura,Backlog,Normal,2026-06-01,2026-07-03,"GESTION_PROYECTO,SOPORTE,CAPACIDAD",6,FLOOR-BE2-M06-06,BACKEND 2,Etapa 1,R1,,Baja,Bajo,Ciberseguridad Backend,0,S1,Junio,Por etapa
"Soporte UX, usabilidad y validacion con usuarios — Noviembre","Actividad transversal planificada para mantener carga mensual >= 90% en Noviembre 2026 (FRONTEND 2 — UX y Soporte (desde mes 2)). Incluye revisiones, soporte cruzado, documentacion y cierre de pendientes del mes.",Etapa 1 - Plataforma Reportabilidad,MES6_NOVIEMBRE_GoLive,Backlog,Normal,2026-11-02,2026-11-30,"GESTION_PROYECTO,SOPORTE,CAPACIDAD",2,FLOOR-FE2-M11-07,FRONTEND 2,Etapa 1,R1,,Baja,Bajo,UX y Soporte,0,S23,Noviembre,Por etapa
Revision continua OWASP y hardening de seguridad — Agosto,"Actividad transversal planificada para mantener carga mensual >= 90% en Agosto 2026 (BACKEND 2 — Ciberseguridad Backend (JWT/RBAC/OWASP)). Incluye revisiones, soporte cruzado, documentacion y cierre de pendientes del mes.",Etapa 1 - Plataforma Reportabilidad,MES3_AGOSTO_UX_Sensores,Backlog,Normal,2026-08-03,2026-09-04,"GESTION_PROYECTO,SOPORTE,CAPACIDAD",2,FLOOR-BE2-M08-04,BACKEND 2,Etapa 1,R1,,Baja,Bajo,Ciberseguridad Backend,0,S10,Agosto,Por etapa
"Soporte integraciones, APIs y mensajeria transversal — Julio","Actividad transversal planificada para mantener carga mensual >= 90% en Julio 2026 (BACKEND 3 — Integraciones). Incluye revisiones, soporte cruzado, documentacion y cierre de pendientes del mes.",Etapa 1 - Plataforma Reportabilidad,MES2_JULIO_Core_Seguridad,Backlog,Normal,2026-06-30,2026-07-31,"GESTION_PROYECTO,SOPORTE,CAPACIDAD",2,FLOOR-BE3-M07-03,BACKEND 3,Etapa 1,R1,,Baja,Bajo,Integraciones,0,S5,Junio,Por etapa
"Soporte UX, usabilidad y validacion con usuarios — Octubre","Actividad transversal planificada para mantener carga mensual >= 90% en Octubre 2026 (FRONTEND 2 — UX y Soporte (desde mes 2)). Incluye revisiones, soporte cruzado, documentacion y cierre de pendientes del mes.",Etapa 1 - Plataforma Reportabilidad,MES5_OCTUBRE_Optimizacion,Backlog,Normal,2026-09-28,2026-11-06,"GESTION_PROYECTO,SOPORTE,CAPACIDAD",2,FLOOR-FE2-M10-02,FRONTEND 2,Etapa 1,R1,,Baja,Bajo,UX y Soporte,0,S18,Septiembre,Por etapa
Gobierno arquitectonico y alineamiento tecnico transversal — Octubre,"Actividad transversal planificada para mantener carga mensual >= 90% en Octubre 2026 (ARQ-Arquitecto TI / PMO). Incluye revisiones, soporte cruzado, documentacion y cierre de pendientes del mes.",Etapa 1 - Plataforma Reportabilidad,MES5_OCTUBRE_Optimizacion,Backlog,Normal,2026-09-28,2026-11-06,"GESTION_PROYECTO,SOPORTE,CAPACIDAD",2,FLOOR-ARQ-M10-01,ARQ-Arquitecto TI / PMO,Etapa 1,R1,,Baja,Bajo,Arquitectura,0,S18,Septiembre,Por etapa
Refuerzo core backend y datos transversal — Septiembre,"Actividad transversal planificada para mantener carga mensual >= 90% en Septiembre 2026 (BACKEND 1 — DBA / Arq. Datos y Core). Incluye revisiones, soporte cruzado, documentacion y cierre de pendientes del mes.",Etapa 1 - Plataforma Reportabilidad,MES4_SEPTIEMBRE_Integracion_QA,Backlog,Normal,2026-08-31,2026-10-02,"GESTION_PROYECTO,SOPORTE,CAPACIDAD",3,FLOOR-BE1-M09-01,"BACKEND 1, ARQ-Arquitecto TI / PMO",Etapa 1,R1,,Baja,Bajo,Backend Core,0,S14,Agosto,Por etapa
"Documentacion funcional, actas y seguimiento PMO — Agosto","Actividad transversal planificada para mantener carga mensual >= 90% en Agosto 2026 (Soporte PMO — Analista Funcional y Documentador). Incluye revisiones, soporte cruzado, documentacion y cierre de pendientes del mes.",Etapa 1 - Plataforma Reportabilidad,PMO_Seguimiento,Backlog,Normal,2026-08-03,2026-09-04,"GESTION_PROYECTO,SOPORTE,CAPACIDAD",5,FLOOR-PAF-M08-05,ARQ-Arquitecto TI / PMO,Etapa 1,R1,,Baja,Bajo,PMO Soporte,0,S10,Agosto,Por etapa
"Documentacion funcional, actas y seguimiento PMO — Septiembre","Actividad transversal planificada para mantener carga mensual >= 90% en Septiembre 2026 (Soporte PMO — Analista Funcional y Documentador). Incluye revisiones, soporte cruzado, documentacion y cierre de pendientes del mes.",Etapa 1 - Plataforma Reportabilidad,PMO_Seguimiento,Backlog,Normal,2026-08-31,2026-10-02,"GESTION_PROYECTO,SOPORTE,CAPACIDAD",8,FLOOR-PAF-M09-04,ARQ-Arquitecto TI / PMO,Etapa 1,R1,,Baja,Bajo,PMO Soporte,0,S14,Agosto,Por etapa
"Documentacion funcional, actas y seguimiento PMO — Agosto","Actividad transversal planificada para mantener carga mensual >= 90% en Agosto 2026 (Soporte PMO — Analista Funcional y Documentador). Incluye revisiones, soporte cruzado, documentacion y cierre de pendientes del mes.",Etapa 1 - Plataforma Reportabilidad,PMO_Seguimiento,Backlog,Normal,2026-08-03,2026-09-04,"GESTION_PROYECTO,SOPORTE,CAPACIDAD",4,FLOOR-PAF-M08-06,ARQ-Arquitecto TI / PMO,Etapa 1,R1,,Baja,Bajo,PMO Soporte,0,S10,Agosto,Por etapa
"Documentacion funcional, actas y seguimiento PMO — Septiembre","Actividad transversal planificada para mantener carga mensual >= 90% en Septiembre 2026 (Soporte PMO — Analista Funcional y Documentador). Incluye revisiones, soporte cruzado, documentacion y cierre de pendientes del mes.",Etapa 1 - Plataforma Reportabilidad,PMO_Seguimiento,Backlog,Normal,2026-08-31,2026-10-02,"GESTION_PROYECTO,SOPORTE,CAPACIDAD",10,FLOOR-PAF-M09-05,ARQ-Arquitecto TI / PMO,Etapa 1,R1,,Baja,Bajo,PMO Soporte,0,S14,Agosto,Por etapa
BACKEND 1 — DBA / Arq. Datos y Core — Carga Junio 2026 (98.5%),"PANEL DE CAPACIDAD MENSUAL
Recurso: BACKEND 1 — DBA / Arq. Datos y Core
Mes: Junio 2026
Horas planificadas: 175.8h de 178.5h disponibles (neto feriados Peru, 8.5h/dia)
Carga: 98.5% — Estado: OPTIMO
Meta del proyecto: 90%+ promedio en 6 meses

Esta tarea es un indicador para dashboard ClickUp. No requiere ejecucion tecnica: consolida la suma de horas de todas las tareas asignadas a BACKEND 1 — DBA / Arq. Datos y Core en Junio.",Etapa 1 - Plataforma Reportabilidad,E1_Capacidad_Recursos,Backlog,Normal,2026-06-01,2026-07-03,"GESTION_PROYECTO,CAPACIDAD",175,CAP-BE1-M06,"BACKEND 1, ARQ-Arquitecto TI / PMO",Etapa 1,R1,,Baja,Bajo,Backend Core,0,S1,Junio,Por etapa
BACKEND 1 — DBA / Arq. Datos y Core — Carga Julio 2026 (100.0%),"PANEL DE CAPACIDAD MENSUAL
Recurso: BACKEND 1 — DBA / Arq. Datos y Core
Mes: Julio 2026
Horas planificadas: 170.0h de 170.0h disponibles (neto feriados Peru, 8.5h/dia)
Carga: 100.0% — Estado: OPTIMO
Meta del proyecto: 90%+ promedio en 6 meses

Esta tarea es un indicador para dashboard ClickUp. No requiere ejecucion tecnica: consolida la suma de horas de todas las tareas asignadas a BACKEND 1 — DBA / Arq. Datos y Core en Julio.",Etapa 1 - Plataforma Reportabilidad,E1_Capacidad_Recursos,Backlog,Normal,2026-06-30,2026-07-31,"GESTION_PROYECTO,CAPACIDAD",170,CAP-BE1-M07,"BACKEND 1, ARQ-Arquitecto TI / PMO",Etapa 1,R1,,Baja,Bajo,Backend Core,0,S5,Junio,Por etapa
BACKEND 1 — DBA / Arq. Datos y Core — Carga Agosto 2026 (92.5%),"PANEL DE CAPACIDAD MENSUAL
Recurso: BACKEND 1 — DBA / Arq. Datos y Core
Mes: Agosto 2026
Horas planificadas: 157.3h de 170.0h disponibles (neto feriados Peru, 8.5h/dia)
Carga: 92.5% — Estado: OPTIMO
Meta del proyecto: 90%+ promedio en 6 meses

Esta tarea es un indicador para dashboard ClickUp. No requiere ejecucion tecnica: consolida la suma de horas de todas las tareas asignadas a BACKEND 1 — DBA / Arq. Datos y Core en Agosto.",Etapa 1 - Plataforma Reportabilidad,E1_Capacidad_Recursos,Backlog,Normal,2026-07-27,2026-09-04,"GESTION_PROYECTO,CAPACIDAD",157,CAP-BE1-M08,"BACKEND 1, ARQ-Arquitecto TI / PMO",Etapa 1,R1,,Baja,Bajo,Backend Core,0,S9,Julio,Por etapa
BACKEND 1 — DBA / Arq. Datos y Core — Carga Septiembre 2026 (90.0%),"PANEL DE CAPACIDAD MENSUAL
Recurso: BACKEND 1 — DBA / Arq. Datos y Core
Mes: Septiembre 2026
Horas planificadas: 168.3h de 187.0h disponibles (neto feriados Peru, 8.5h/dia)
Carga: 90.0% — Estado: OPTIMO
Meta del proyecto: 90%+ promedio en 6 meses

Esta tarea es un indicador para dashboard ClickUp. No requiere ejecucion tecnica: consolida la suma de horas de todas las tareas asignadas a BACKEND 1 — DBA / Arq. Datos y Core en Septiembre.",Etapa 1 - Plataforma Reportabilidad,E1_Capacidad_Recursos,Backlog,Normal,2026-08-31,2026-10-02,"GESTION_PROYECTO,CAPACIDAD",168,CAP-BE1-M09,"BACKEND 1, ARQ-Arquitecto TI / PMO",Etapa 1,R1,,Baja,Bajo,Backend Core,0,S14,Agosto,Por etapa
BACKEND 1 — DBA / Arq. Datos y Core — Carga Octubre 2026 (90.0%),"PANEL DE CAPACIDAD MENSUAL
Recurso: BACKEND 1 — DBA / Arq. Datos y Core
Mes: Octubre 2026
Horas planificadas: 160.7h de 178.5h disponibles (neto feriados Peru, 8.5h/dia)
Carga: 90.0% — Estado: OPTIMO
Meta del proyecto: 90%+ promedio en 6 meses

Esta tarea es un indicador para dashboard ClickUp. No requiere ejecucion tecnica: consolida la suma de horas de todas las tareas asignadas a BACKEND 1 — DBA / Arq. Datos y Core en Octubre.",Etapa 1 - Plataforma Reportabilidad,E1_Capacidad_Recursos,Backlog,Normal,2026-09-28,2026-10-30,"GESTION_PROYECTO,CAPACIDAD",160,CAP-BE1-M10,"BACKEND 1, ARQ-Arquitecto TI / PMO",Etapa 1,R1,,Baja,Bajo,Backend Core,0,S18,Septiembre,Por etapa
BACKEND 1 — DBA / Arq. Datos y Core — Carga Noviembre 2026 (90.0%),"PANEL DE CAPACIDAD MENSUAL
Recurso: BACKEND 1 — DBA / Arq. Datos y Core
Mes: Noviembre 2026
Horas planificadas: 160.7h de 178.5h disponibles (neto feriados Peru, 8.5h/dia)
Carga: 90.0% — Estado: OPTIMO
Meta del proyecto: 90%+ promedio en 6 meses

Esta tarea es un indicador para dashboard ClickUp. No requiere ejecucion tecnica: consolida la suma de horas de todas las tareas asignadas a BACKEND 1 — DBA / Arq. Datos y Core en Noviembre.",Etapa 1 - Plataforma Reportabilidad,E1_Capacidad_Recursos,Backlog,Normal,2026-10-26,2026-11-30,"GESTION_PROYECTO,CAPACIDAD",160,CAP-BE1-M11,"BACKEND 1, ARQ-Arquitecto TI / PMO",Etapa 1,R1,,Baja,Bajo,Backend Core,0,S22,Octubre,Por etapa
BACKEND 2 — Ciberseguridad Backend (JWT/RBAC/OWASP) — Carga Junio 2026 (90.1%),"PANEL DE CAPACIDAD MENSUAL
Recurso: BACKEND 2 — Ciberseguridad Backend (JWT/RBAC/OWASP)
Mes: Junio 2026
Horas planificadas: 160.9h de 178.5h disponibles (neto feriados Peru, 8.5h/dia)
Carga: 90.1% — Estado: OPTIMO
Meta del proyecto: 90%+ promedio en 6 meses

Esta tarea es un indicador para dashboard ClickUp. No requiere ejecucion tecnica: consolida la suma de horas de todas las tareas asignadas a BACKEND 2 — Ciberseguridad Backend (JWT/RBAC/OWASP) en Junio.",Etapa 1 - Plataforma Reportabilidad,E1_Capacidad_Recursos,Backlog,Normal,2026-06-01,2026-07-03,"GESTION_PROYECTO,CAPACIDAD",160,CAP-BE2-M06,BACKEND 2,Etapa 1,R1,,Baja,Bajo,Ciberseguridad Backend,0,S1,Junio,Por etapa
BACKEND 2 — Ciberseguridad Backend (JWT/RBAC/OWASP) — Carga Julio 2026 (90.0%),"PANEL DE CAPACIDAD MENSUAL
Recurso: BACKEND 2 — Ciberseguridad Backend (JWT/RBAC/OWASP)
Mes: Julio 2026
Horas planificadas: 153.0h de 170.0h disponibles (neto feriados Peru, 8.5h/dia)
Carga: 90.0% — Estado: OPTIMO
Meta del proyecto: 90%+ promedio en 6 meses

Esta tarea es un indicador para dashboard ClickUp. No requiere ejecucion tecnica: consolida la suma de horas de todas las tareas asignadas a BACKEND 2 — Ciberseguridad Backend (JWT/RBAC/OWASP) en Julio.",Etapa 1 - Plataforma Reportabilidad,E1_Capacidad_Recursos,Backlog,Normal,2026-06-30,2026-07-31,"GESTION_PROYECTO,CAPACIDAD",153,CAP-BE2-M07,BACKEND 2,Etapa 1,R1,,Baja,Bajo,Ciberseguridad Backend,0,S5,Junio,Por etapa
BACKEND 2 — Ciberseguridad Backend (JWT/RBAC/OWASP) — Carga Agosto 2026 (90.0%),"PANEL DE CAPACIDAD MENSUAL
Recurso: BACKEND 2 — Ciberseguridad Backend (JWT/RBAC/OWASP)
Mes: Agosto 2026
Horas planificadas: 153.0h de 170.0h disponibles (neto feriados Peru, 8.5h/dia)
Carga: 90.0% — Estado: OPTIMO
Meta del proyecto: 90%+ promedio en 6 meses

Esta tarea es un indicador para dashboard ClickUp. No requiere ejecucion tecnica: consolida la suma de horas de todas las tareas asignadas a BACKEND 2 — Ciberseguridad Backend (JWT/RBAC/OWASP) en Agosto.",Etapa 1 - Plataforma Reportabilidad,E1_Capacidad_Recursos,Backlog,Normal,2026-07-27,2026-09-04,"GESTION_PROYECTO,CAPACIDAD",153,CAP-BE2-M08,BACKEND 2,Etapa 1,R1,,Baja,Bajo,Ciberseguridad Backend,0,S9,Julio,Por etapa
BACKEND 2 — Ciberseguridad Backend (JWT/RBAC/OWASP) — Carga Septiembre 2026 (90.0%),"PANEL DE CAPACIDAD MENSUAL
Recurso: BACKEND 2 — Ciberseguridad Backend (JWT/RBAC/OWASP)
Mes: Septiembre 2026
Horas planificadas: 168.3h de 187.0h disponibles (neto feriados Peru, 8.5h/dia)
Carga: 90.0% — Estado: OPTIMO
Meta del proyecto: 90%+ promedio en 6 meses

Esta tarea es un indicador para dashboard ClickUp. No requiere ejecucion tecnica: consolida la suma de horas de todas las tareas asignadas a BACKEND 2 — Ciberseguridad Backend (JWT/RBAC/OWASP) en Septiembre.",Etapa 1 - Plataforma Reportabilidad,E1_Capacidad_Recursos,Backlog,Normal,2026-08-31,2026-10-02,"GESTION_PROYECTO,CAPACIDAD",168,CAP-BE2-M09,BACKEND 2,Etapa 1,R1,,Baja,Bajo,Ciberseguridad Backend,0,S14,Agosto,Por etapa
BACKEND 2 — Ciberseguridad Backend (JWT/RBAC/OWASP) — Carga Octubre 2026 (97.6%),"PANEL DE CAPACIDAD MENSUAL
Recurso: BACKEND 2 — Ciberseguridad Backend (JWT/RBAC/OWASP)
Mes: Octubre 2026
Horas planificadas: 174.3h de 178.5h disponibles (neto feriados Peru, 8.5h/dia)
Carga: 97.6% — Estado: OPTIMO
Meta del proyecto: 90%+ promedio en 6 meses

Esta tarea es un indicador para dashboard ClickUp. No requiere ejecucion tecnica: consolida la suma de horas de todas las tareas asignadas a BACKEND 2 — Ciberseguridad Backend (JWT/RBAC/OWASP) en Octubre.",Etapa 1 - Plataforma Reportabilidad,E1_Capacidad_Recursos,Backlog,Normal,2026-09-28,2026-10-30,"GESTION_PROYECTO,CAPACIDAD",174,CAP-BE2-M10,BACKEND 2,Etapa 1,R1,,Baja,Bajo,Ciberseguridad Backend,0,S18,Septiembre,Por etapa
BACKEND 2 — Ciberseguridad Backend (JWT/RBAC/OWASP) — Carga Noviembre 2026 (90.0%),"PANEL DE CAPACIDAD MENSUAL
Recurso: BACKEND 2 — Ciberseguridad Backend (JWT/RBAC/OWASP)
Mes: Noviembre 2026
Horas planificadas: 160.7h de 178.5h disponibles (neto feriados Peru, 8.5h/dia)
Carga: 90.0% — Estado: OPTIMO
Meta del proyecto: 90%+ promedio en 6 meses

Esta tarea es un indicador para dashboard ClickUp. No requiere ejecucion tecnica: consolida la suma de horas de todas las tareas asignadas a BACKEND 2 — Ciberseguridad Backend (JWT/RBAC/OWASP) en Noviembre.",Etapa 1 - Plataforma Reportabilidad,E1_Capacidad_Recursos,Backlog,Normal,2026-10-26,2026-11-30,"GESTION_PROYECTO,CAPACIDAD",160,CAP-BE2-M11,BACKEND 2,Etapa 1,R1,,Baja,Bajo,Ciberseguridad Backend,0,S22,Octubre,Por etapa
BACKEND 3 — Integraciones — Carga Junio 2026 (90.0%),"PANEL DE CAPACIDAD MENSUAL
Recurso: BACKEND 3 — Integraciones
Mes: Junio 2026
Horas planificadas: 160.7h de 178.5h disponibles (neto feriados Peru, 8.5h/dia)
Carga: 90.0% — Estado: OPTIMO
Meta del proyecto: 90%+ promedio en 6 meses

Esta tarea es un indicador para dashboard ClickUp. No requiere ejecucion tecnica: consolida la suma de horas de todas las tareas asignadas a BACKEND 3 — Integraciones en Junio.",Etapa 1 - Plataforma Reportabilidad,E1_Capacidad_Recursos,Backlog,Normal,2026-06-01,2026-07-03,"GESTION_PROYECTO,CAPACIDAD",160,CAP-BE3-M06,BACKEND 3,Etapa 1,R1,,Baja,Bajo,Integraciones,0,S1,Junio,Por etapa
BACKEND 3 — Integraciones — Carga Julio 2026 (90.1%),"PANEL DE CAPACIDAD MENSUAL
Recurso: BACKEND 3 — Integraciones
Mes: Julio 2026
Horas planificadas: 153.2h de 170.0h disponibles (neto feriados Peru, 8.5h/dia)
Carga: 90.1% — Estado: OPTIMO
Meta del proyecto: 90%+ promedio en 6 meses

Esta tarea es un indicador para dashboard ClickUp. No requiere ejecucion tecnica: consolida la suma de horas de todas las tareas asignadas a BACKEND 3 — Integraciones en Julio.",Etapa 1 - Plataforma Reportabilidad,E1_Capacidad_Recursos,Backlog,Normal,2026-06-30,2026-07-31,"GESTION_PROYECTO,CAPACIDAD",153,CAP-BE3-M07,BACKEND 3,Etapa 1,R1,,Baja,Bajo,Integraciones,0,S5,Junio,Por etapa
BACKEND 3 — Integraciones — Carga Agosto 2026 (90.0%),"PANEL DE CAPACIDAD MENSUAL
Recurso: BACKEND 3 — Integraciones
Mes: Agosto 2026
Horas planificadas: 153.0h de 170.0h disponibles (neto feriados Peru, 8.5h/dia)
Carga: 90.0% — Estado: OPTIMO
Meta del proyecto: 90%+ promedio en 6 meses

Esta tarea es un indicador para dashboard ClickUp. No requiere ejecucion tecnica: consolida la suma de horas de todas las tareas asignadas a BACKEND 3 — Integraciones en Agosto.",Etapa 1 - Plataforma Reportabilidad,E1_Capacidad_Recursos,Backlog,Normal,2026-07-27,2026-09-04,"GESTION_PROYECTO,CAPACIDAD",153,CAP-BE3-M08,BACKEND 3,Etapa 1,R1,,Baja,Bajo,Integraciones,0,S9,Julio,Por etapa
BACKEND 3 — Integraciones — Carga Septiembre 2026 (97.8%),"PANEL DE CAPACIDAD MENSUAL
Recurso: BACKEND 3 — Integraciones
Mes: Septiembre 2026
Horas planificadas: 182.8h de 187.0h disponibles (neto feriados Peru, 8.5h/dia)
Carga: 97.8% — Estado: OPTIMO
Meta del proyecto: 90%+ promedio en 6 meses

Esta tarea es un indicador para dashboard ClickUp. No requiere ejecucion tecnica: consolida la suma de horas de todas las tareas asignadas a BACKEND 3 — Integraciones en Septiembre.",Etapa 1 - Plataforma Reportabilidad,E1_Capacidad_Recursos,Backlog,Normal,2026-08-31,2026-10-02,"GESTION_PROYECTO,CAPACIDAD",182,CAP-BE3-M09,BACKEND 3,Etapa 1,R1,,Baja,Bajo,Integraciones,0,S14,Agosto,Por etapa
BACKEND 3 — Integraciones — Carga Octubre 2026 (94.5%),"PANEL DE CAPACIDAD MENSUAL
Recurso: BACKEND 3 — Integraciones
Mes: Octubre 2026
Horas planificadas: 168.7h de 178.5h disponibles (neto feriados Peru, 8.5h/dia)
Carga: 94.5% — Estado: OPTIMO
Meta del proyecto: 90%+ promedio en 6 meses

Esta tarea es un indicador para dashboard ClickUp. No requiere ejecucion tecnica: consolida la suma de horas de todas las tareas asignadas a BACKEND 3 — Integraciones en Octubre.",Etapa 1 - Plataforma Reportabilidad,E1_Capacidad_Recursos,Backlog,Normal,2026-09-28,2026-10-30,"GESTION_PROYECTO,CAPACIDAD",168,CAP-BE3-M10,BACKEND 3,Etapa 1,R1,,Baja,Bajo,Integraciones,0,S18,Septiembre,Por etapa
BACKEND 3 — Integraciones — Carga Noviembre 2026 (95.0%),"PANEL DE CAPACIDAD MENSUAL
Recurso: BACKEND 3 — Integraciones
Mes: Noviembre 2026
Horas planificadas: 169.5h de 178.5h disponibles (neto feriados Peru, 8.5h/dia)
Carga: 95.0% — Estado: OPTIMO
Meta del proyecto: 90%+ promedio en 6 meses

Esta tarea es un indicador para dashboard ClickUp. No requiere ejecucion tecnica: consolida la suma de horas de todas las tareas asignadas a BACKEND 3 — Integraciones en Noviembre.",Etapa 1 - Plataforma Reportabilidad,E1_Capacidad_Recursos,Backlog,Normal,2026-10-26,2026-11-30,"GESTION_PROYECTO,CAPACIDAD",169,CAP-BE3-M11,BACKEND 3,Etapa 1,R1,,Baja,Bajo,Integraciones,0,S22,Octubre,Por etapa
FRONTEND 1 — Interfaces (mes 1 al 6) — Carga Junio 2026 (90.9%),"PANEL DE CAPACIDAD MENSUAL
Recurso: FRONTEND 1 — Interfaces (mes 1 al 6)
Mes: Junio 2026
Horas planificadas: 162.3h de 178.5h disponibles (neto feriados Peru, 8.5h/dia)
Carga: 90.9% — Estado: OPTIMO
Meta del proyecto: 90%+ promedio en 6 meses

Esta tarea es un indicador para dashboard ClickUp. No requiere ejecucion tecnica: consolida la suma de horas de todas las tareas asignadas a FRONTEND 1 — Interfaces (mes 1 al 6) en Junio.",Etapa 1 - Plataforma Reportabilidad,E1_Capacidad_Recursos,Backlog,Normal,2026-06-01,2026-07-03,"GESTION_PROYECTO,CAPACIDAD",162,CAP-FE1-M06,FRONTEND 1,Etapa 1,R1,,Baja,Bajo,Frontend Principal,0,S1,Junio,Por etapa
FRONTEND 1 — Interfaces (mes 1 al 6) — Carga Julio 2026 (95.9%),"PANEL DE CAPACIDAD MENSUAL
Recurso: FRONTEND 1 — Interfaces (mes 1 al 6)
Mes: Julio 2026
Horas planificadas: 163.0h de 170.0h disponibles (neto feriados Peru, 8.5h/dia)
Carga: 95.9% — Estado: OPTIMO
Meta del proyecto: 90%+ promedio en 6 meses

Esta tarea es un indicador para dashboard ClickUp. No requiere ejecucion tecnica: consolida la suma de horas de todas las tareas asignadas a FRONTEND 1 — Interfaces (mes 1 al 6) en Julio.",Etapa 1 - Plataforma Reportabilidad,E1_Capacidad_Recursos,Backlog,Normal,2026-06-30,2026-07-31,"GESTION_PROYECTO,CAPACIDAD",163,CAP-FE1-M07,FRONTEND 1,Etapa 1,R1,,Baja,Bajo,Frontend Principal,0,S5,Junio,Por etapa
FRONTEND 1 — Interfaces (mes 1 al 6) — Carga Agosto 2026 (99.7%),"PANEL DE CAPACIDAD MENSUAL
Recurso: FRONTEND 1 — Interfaces (mes 1 al 6)
Mes: Agosto 2026
Horas planificadas: 169.5h de 170.0h disponibles (neto feriados Peru, 8.5h/dia)
Carga: 99.7% — Estado: OPTIMO
Meta del proyecto: 90%+ promedio en 6 meses

Esta tarea es un indicador para dashboard ClickUp. No requiere ejecucion tecnica: consolida la suma de horas de todas las tareas asignadas a FRONTEND 1 — Interfaces (mes 1 al 6) en Agosto.",Etapa 1 - Plataforma Reportabilidad,E1_Capacidad_Recursos,Backlog,Normal,2026-07-27,2026-09-04,"GESTION_PROYECTO,CAPACIDAD",169,CAP-FE1-M08,FRONTEND 1,Etapa 1,R1,,Baja,Bajo,Frontend Principal,0,S9,Julio,Por etapa
FRONTEND 1 — Interfaces (mes 1 al 6) — Carga Septiembre 2026 (100.0%),"PANEL DE CAPACIDAD MENSUAL
Recurso: FRONTEND 1 — Interfaces (mes 1 al 6)
Mes: Septiembre 2026
Horas planificadas: 187.0h de 187.0h disponibles (neto feriados Peru, 8.5h/dia)
Carga: 100.0% — Estado: OPTIMO
Meta del proyecto: 90%+ promedio en 6 meses

Esta tarea es un indicador para dashboard ClickUp. No requiere ejecucion tecnica: consolida la suma de horas de todas las tareas asignadas a FRONTEND 1 — Interfaces (mes 1 al 6) en Septiembre.",Etapa 1 - Plataforma Reportabilidad,E1_Capacidad_Recursos,Backlog,Normal,2026-08-31,2026-10-02,"GESTION_PROYECTO,CAPACIDAD",187,CAP-FE1-M09,FRONTEND 1,Etapa 1,R1,,Baja,Bajo,Frontend Principal,0,S14,Agosto,Por etapa
FRONTEND 1 — Interfaces (mes 1 al 6) — Carga Octubre 2026 (100.0%),"PANEL DE CAPACIDAD MENSUAL
Recurso: FRONTEND 1 — Interfaces (mes 1 al 6)
Mes: Octubre 2026
Horas planificadas: 178.5h de 178.5h disponibles (neto feriados Peru, 8.5h/dia)
Carga: 100.0% — Estado: OPTIMO
Meta del proyecto: 90%+ promedio en 6 meses

Esta tarea es un indicador para dashboard ClickUp. No requiere ejecucion tecnica: consolida la suma de horas de todas las tareas asignadas a FRONTEND 1 — Interfaces (mes 1 al 6) en Octubre.",Etapa 1 - Plataforma Reportabilidad,E1_Capacidad_Recursos,Backlog,Normal,2026-09-28,2026-10-30,"GESTION_PROYECTO,CAPACIDAD",178,CAP-FE1-M10,FRONTEND 1,Etapa 1,R1,,Baja,Bajo,Frontend Principal,0,S18,Septiembre,Por etapa
FRONTEND 1 — Interfaces (mes 1 al 6) — Carga Noviembre 2026 (93.2%),"PANEL DE CAPACIDAD MENSUAL
Recurso: FRONTEND 1 — Interfaces (mes 1 al 6)
Mes: Noviembre 2026
Horas planificadas: 166.3h de 178.5h disponibles (neto feriados Peru, 8.5h/dia)
Carga: 93.2% — Estado: OPTIMO
Meta del proyecto: 90%+ promedio en 6 meses

Esta tarea es un indicador para dashboard ClickUp. No requiere ejecucion tecnica: consolida la suma de horas de todas las tareas asignadas a FRONTEND 1 — Interfaces (mes 1 al 6) en Noviembre.",Etapa 1 - Plataforma Reportabilidad,E1_Capacidad_Recursos,Backlog,Normal,2026-10-26,2026-11-30,"GESTION_PROYECTO,CAPACIDAD",166,CAP-FE1-M11,FRONTEND 1,Etapa 1,R1,,Baja,Bajo,Frontend Principal,0,S22,Octubre,Por etapa
FRONTEND 2 — UX y Soporte (desde mes 2) — Carga Junio 2026 (0.0%),"PANEL DE CAPACIDAD MENSUAL
Recurso: FRONTEND 2 — UX y Soporte (desde mes 2)
Mes: Junio 2026
Horas planificadas: 0.0h de 178.5h disponibles (neto feriados Peru, 8.5h/dia)
Carga: 0.0% — Estado: BAJO
Meta del proyecto: 90%+ promedio en 6 meses

Esta tarea es un indicador para dashboard ClickUp. No requiere ejecucion tecnica: consolida la suma de horas de todas las tareas asignadas a FRONTEND 2 — UX y Soporte (desde mes 2) en Junio.",Etapa 1 - Plataforma Reportabilidad,E1_Capacidad_Recursos,Backlog,Normal,2026-06-01,2026-07-03,"GESTION_PROYECTO,CAPACIDAD",1,CAP-FE2-M06,FRONTEND 2,Etapa 1,R1,,Baja,Bajo,UX y Soporte,0,S1,Junio,Por etapa
FRONTEND 2 — UX y Soporte (desde mes 2) — Carga Julio 2026 (98.8%),"PANEL DE CAPACIDAD MENSUAL
Recurso: FRONTEND 2 — UX y Soporte (desde mes 2)
Mes: Julio 2026
Horas planificadas: 168.0h de 170.0h disponibles (neto feriados Peru, 8.5h/dia)
Carga: 98.8% — Estado: OPTIMO
Meta del proyecto: 90%+ promedio en 6 meses

Esta tarea es un indicador para dashboard ClickUp. No requiere ejecucion tecnica: consolida la suma de horas de todas las tareas asignadas a FRONTEND 2 — UX y Soporte (desde mes 2) en Julio.",Etapa 1 - Plataforma Reportabilidad,E1_Capacidad_Recursos,Backlog,Normal,2026-06-30,2026-07-31,"GESTION_PROYECTO,CAPACIDAD",168,CAP-FE2-M07,FRONTEND 2,Etapa 1,R1,,Baja,Bajo,UX y Soporte,0,S5,Junio,Por etapa
FRONTEND 2 — UX y Soporte (desde mes 2) — Carga Agosto 2026 (90.8%),"PANEL DE CAPACIDAD MENSUAL
Recurso: FRONTEND 2 — UX y Soporte (desde mes 2)
Mes: Agosto 2026
Horas planificadas: 154.4h de 170.0h disponibles (neto feriados Peru, 8.5h/dia)
Carga: 90.8% — Estado: OPTIMO
Meta del proyecto: 90%+ promedio en 6 meses

Esta tarea es un indicador para dashboard ClickUp. No requiere ejecucion tecnica: consolida la suma de horas de todas las tareas asignadas a FRONTEND 2 — UX y Soporte (desde mes 2) en Agosto.",Etapa 1 - Plataforma Reportabilidad,E1_Capacidad_Recursos,Backlog,Normal,2026-07-27,2026-09-04,"GESTION_PROYECTO,CAPACIDAD",154,CAP-FE2-M08,FRONTEND 2,Etapa 1,R1,,Baja,Bajo,UX y Soporte,0,S9,Julio,Por etapa
FRONTEND 2 — UX y Soporte (desde mes 2) — Carga Septiembre 2026 (90.0%),"PANEL DE CAPACIDAD MENSUAL
Recurso: FRONTEND 2 — UX y Soporte (desde mes 2)
Mes: Septiembre 2026
Horas planificadas: 168.3h de 187.0h disponibles (neto feriados Peru, 8.5h/dia)
Carga: 90.0% — Estado: OPTIMO
Meta del proyecto: 90%+ promedio en 6 meses

Esta tarea es un indicador para dashboard ClickUp. No requiere ejecucion tecnica: consolida la suma de horas de todas las tareas asignadas a FRONTEND 2 — UX y Soporte (desde mes 2) en Septiembre.",Etapa 1 - Plataforma Reportabilidad,E1_Capacidad_Recursos,Backlog,Normal,2026-08-31,2026-10-02,"GESTION_PROYECTO,CAPACIDAD",168,CAP-FE2-M09,FRONTEND 2,Etapa 1,R1,,Baja,Bajo,UX y Soporte,0,S14,Agosto,Por etapa
FRONTEND 2 — UX y Soporte (desde mes 2) — Carga Octubre 2026 (90.0%),"PANEL DE CAPACIDAD MENSUAL
Recurso: FRONTEND 2 — UX y Soporte (desde mes 2)
Mes: Octubre 2026
Horas planificadas: 160.7h de 178.5h disponibles (neto feriados Peru, 8.5h/dia)
Carga: 90.0% — Estado: OPTIMO
Meta del proyecto: 90%+ promedio en 6 meses

Esta tarea es un indicador para dashboard ClickUp. No requiere ejecucion tecnica: consolida la suma de horas de todas las tareas asignadas a FRONTEND 2 — UX y Soporte (desde mes 2) en Octubre.",Etapa 1 - Plataforma Reportabilidad,E1_Capacidad_Recursos,Backlog,Normal,2026-09-28,2026-10-30,"GESTION_PROYECTO,CAPACIDAD",160,CAP-FE2-M10,FRONTEND 2,Etapa 1,R1,,Baja,Bajo,UX y Soporte,0,S18,Septiembre,Por etapa
FRONTEND 2 — UX y Soporte (desde mes 2) — Carga Noviembre 2026 (90.0%),"PANEL DE CAPACIDAD MENSUAL
Recurso: FRONTEND 2 — UX y Soporte (desde mes 2)
Mes: Noviembre 2026
Horas planificadas: 160.7h de 178.5h disponibles (neto feriados Peru, 8.5h/dia)
Carga: 90.0% — Estado: OPTIMO
Meta del proyecto: 90%+ promedio en 6 meses

Esta tarea es un indicador para dashboard ClickUp. No requiere ejecucion tecnica: consolida la suma de horas de todas las tareas asignadas a FRONTEND 2 — UX y Soporte (desde mes 2) en Noviembre.",Etapa 1 - Plataforma Reportabilidad,E1_Capacidad_Recursos,Backlog,Normal,2026-10-26,2026-11-30,"GESTION_PROYECTO,CAPACIDAD",160,CAP-FE2-M11,FRONTEND 2,Etapa 1,R1,,Baja,Bajo,UX y Soporte,0,S22,Octubre,Por etapa
ARQ-Arquitecto TI / PMO — Carga Junio 2026 (99.6%),"PANEL DE CAPACIDAD MENSUAL
Recurso: ARQ-Arquitecto TI / PMO
Mes: Junio 2026
Horas planificadas: 177.8h de 178.5h disponibles (neto feriados Peru, 8.5h/dia)
Carga: 99.6% — Estado: OPTIMO
Meta del proyecto: 90%+ promedio en 6 meses

Esta tarea es un indicador para dashboard ClickUp. No requiere ejecucion tecnica: consolida la suma de horas de todas las tareas asignadas a ARQ-Arquitecto TI / PMO en Junio.",Etapa 1 - Plataforma Reportabilidad,E1_Capacidad_Recursos,Backlog,Normal,2026-06-01,2026-07-03,"GESTION_PROYECTO,CAPACIDAD",177,CAP-ARQ-M06,ARQ-Arquitecto TI / PMO,Etapa 1,R1,,Baja,Bajo,Arquitectura,0,S1,Junio,Por etapa
ARQ-Arquitecto TI / PMO — Carga Julio 2026 (91.4%),"PANEL DE CAPACIDAD MENSUAL
Recurso: ARQ-Arquitecto TI / PMO
Mes: Julio 2026
Horas planificadas: 155.4h de 170.0h disponibles (neto feriados Peru, 8.5h/dia)
Carga: 91.4% — Estado: OPTIMO
Meta del proyecto: 90%+ promedio en 6 meses

Esta tarea es un indicador para dashboard ClickUp. No requiere ejecucion tecnica: consolida la suma de horas de todas las tareas asignadas a ARQ-Arquitecto TI / PMO en Julio.",Etapa 1 - Plataforma Reportabilidad,E1_Capacidad_Recursos,Backlog,Normal,2026-06-30,2026-07-31,"GESTION_PROYECTO,CAPACIDAD",155,CAP-ARQ-M07,ARQ-Arquitecto TI / PMO,Etapa 1,R1,,Baja,Bajo,Arquitectura,0,S5,Junio,Por etapa
ARQ-Arquitecto TI / PMO — Carga Agosto 2026 (94.1%),"PANEL DE CAPACIDAD MENSUAL
Recurso: ARQ-Arquitecto TI / PMO
Mes: Agosto 2026
Horas planificadas: 160.0h de 170.0h disponibles (neto feriados Peru, 8.5h/dia)
Carga: 94.1% — Estado: OPTIMO
Meta del proyecto: 90%+ promedio en 6 meses

Esta tarea es un indicador para dashboard ClickUp. No requiere ejecucion tecnica: consolida la suma de horas de todas las tareas asignadas a ARQ-Arquitecto TI / PMO en Agosto.",Etapa 1 - Plataforma Reportabilidad,E1_Capacidad_Recursos,Backlog,Normal,2026-07-27,2026-09-04,"GESTION_PROYECTO,CAPACIDAD",160,CAP-ARQ-M08,ARQ-Arquitecto TI / PMO,Etapa 1,R1,,Baja,Bajo,Arquitectura,0,S9,Julio,Por etapa
ARQ-Arquitecto TI / PMO — Carga Septiembre 2026 (94.3%),"PANEL DE CAPACIDAD MENSUAL
Recurso: ARQ-Arquitecto TI / PMO
Mes: Septiembre 2026
Horas planificadas: 176.3h de 187.0h disponibles (neto feriados Peru, 8.5h/dia)
Carga: 94.3% — Estado: OPTIMO
Meta del proyecto: 90%+ promedio en 6 meses

Esta tarea es un indicador para dashboard ClickUp. No requiere ejecucion tecnica: consolida la suma de horas de todas las tareas asignadas a ARQ-Arquitecto TI / PMO en Septiembre.",Etapa 1 - Plataforma Reportabilidad,E1_Capacidad_Recursos,Backlog,Normal,2026-08-31,2026-10-02,"GESTION_PROYECTO,CAPACIDAD",176,CAP-ARQ-M09,ARQ-Arquitecto TI / PMO,Etapa 1,R1,,Baja,Bajo,Arquitectura,0,S14,Agosto,Por etapa
ARQ-Arquitecto TI / PMO — Carga Octubre 2026 (94.5%),"PANEL DE CAPACIDAD MENSUAL
Recurso: ARQ-Arquitecto TI / PMO
Mes: Octubre 2026
Horas planificadas: 168.7h de 178.5h disponibles (neto feriados Peru, 8.5h/dia)
Carga: 94.5% — Estado: OPTIMO
Meta del proyecto: 90%+ promedio en 6 meses

Esta tarea es un indicador para dashboard ClickUp. No requiere ejecucion tecnica: consolida la suma de horas de todas las tareas asignadas a ARQ-Arquitecto TI / PMO en Octubre.",Etapa 1 - Plataforma Reportabilidad,E1_Capacidad_Recursos,Backlog,Normal,2026-09-28,2026-10-30,"GESTION_PROYECTO,CAPACIDAD",168,CAP-ARQ-M10,ARQ-Arquitecto TI / PMO,Etapa 1,R1,,Baja,Bajo,Arquitectura,0,S18,Septiembre,Por etapa
ARQ-Arquitecto TI / PMO — Carga Noviembre 2026 (90.0%),"PANEL DE CAPACIDAD MENSUAL
Recurso: ARQ-Arquitecto TI / PMO
Mes: Noviembre 2026
Horas planificadas: 160.7h de 178.5h disponibles (neto feriados Peru, 8.5h/dia)
Carga: 90.0% — Estado: OPTIMO
Meta del proyecto: 90%+ promedio en 6 meses

Esta tarea es un indicador para dashboard ClickUp. No requiere ejecucion tecnica: consolida la suma de horas de todas las tareas asignadas a ARQ-Arquitecto TI / PMO en Noviembre.",Etapa 1 - Plataforma Reportabilidad,E1_Capacidad_Recursos,Backlog,Normal,2026-10-26,2026-11-30,"GESTION_PROYECTO,CAPACIDAD",160,CAP-ARQ-M11,ARQ-Arquitecto TI / PMO,Etapa 1,R1,,Baja,Bajo,Arquitectura,0,S22,Octubre,Por etapa
SYS-Infraestructura — Carga Junio 2026 (0.0%),"PANEL DE CAPACIDAD MENSUAL
Recurso: SYS-Infraestructura
Mes: Junio 2026
Horas planificadas: 0.0h de 178.5h disponibles (neto feriados Peru, 8.5h/dia)
Carga: 0.0% — Estado: BAJO
Meta del proyecto: 90%+ promedio en 6 meses

Esta tarea es un indicador para dashboard ClickUp. No requiere ejecucion tecnica: consolida la suma de horas de todas las tareas asignadas a SYS-Infraestructura en Junio.",Etapa 1 - Plataforma Reportabilidad,E1_Capacidad_Recursos,Backlog,Normal,2026-06-01,2026-07-03,"GESTION_PROYECTO,CAPACIDAD",1,CAP-SYS-M06,SYS,Etapa 1,R1,,Baja,Bajo,Infraestructura,0,S1,Junio,Por etapa
SYS-Infraestructura — Carga Julio 2026 (90.2%),"PANEL DE CAPACIDAD MENSUAL
Recurso: SYS-Infraestructura
Mes: Julio 2026
Horas planificadas: 153.3h de 170.0h disponibles (neto feriados Peru, 8.5h/dia)
Carga: 90.2% — Estado: OPTIMO
Meta del proyecto: 90%+ promedio en 6 meses

Esta tarea es un indicador para dashboard ClickUp. No requiere ejecucion tecnica: consolida la suma de horas de todas las tareas asignadas a SYS-Infraestructura en Julio.",Etapa 1 - Plataforma Reportabilidad,E1_Capacidad_Recursos,Backlog,Normal,2026-06-30,2026-07-31,"GESTION_PROYECTO,CAPACIDAD",153,CAP-SYS-M07,SYS,Etapa 1,R1,,Baja,Bajo,Infraestructura,0,S5,Junio,Por etapa
SYS-Infraestructura — Carga Agosto 2026 (90.0%),"PANEL DE CAPACIDAD MENSUAL
Recurso: SYS-Infraestructura
Mes: Agosto 2026
Horas planificadas: 153.0h de 170.0h disponibles (neto feriados Peru, 8.5h/dia)
Carga: 90.0% — Estado: OPTIMO
Meta del proyecto: 90%+ promedio en 6 meses

Esta tarea es un indicador para dashboard ClickUp. No requiere ejecucion tecnica: consolida la suma de horas de todas las tareas asignadas a SYS-Infraestructura en Agosto.",Etapa 1 - Plataforma Reportabilidad,E1_Capacidad_Recursos,Backlog,Normal,2026-07-27,2026-09-04,"GESTION_PROYECTO,CAPACIDAD",153,CAP-SYS-M08,SYS,Etapa 1,R1,,Baja,Bajo,Infraestructura,0,S9,Julio,Por etapa
SYS-Infraestructura — Carga Septiembre 2026 (100.0%),"PANEL DE CAPACIDAD MENSUAL
Recurso: SYS-Infraestructura
Mes: Septiembre 2026
Horas planificadas: 187.0h de 187.0h disponibles (neto feriados Peru, 8.5h/dia)
Carga: 100.0% — Estado: OPTIMO
Meta del proyecto: 90%+ promedio en 6 meses

Esta tarea es un indicador para dashboard ClickUp. No requiere ejecucion tecnica: consolida la suma de horas de todas las tareas asignadas a SYS-Infraestructura en Septiembre.",Etapa 1 - Plataforma Reportabilidad,E1_Capacidad_Recursos,Backlog,Normal,2026-08-31,2026-10-02,"GESTION_PROYECTO,CAPACIDAD",187,CAP-SYS-M09,SYS,Etapa 1,R1,,Baja,Bajo,Infraestructura,0,S14,Agosto,Por etapa
SYS-Infraestructura — Carga Octubre 2026 (100.0%),"PANEL DE CAPACIDAD MENSUAL
Recurso: SYS-Infraestructura
Mes: Octubre 2026
Horas planificadas: 178.5h de 178.5h disponibles (neto feriados Peru, 8.5h/dia)
Carga: 100.0% — Estado: OPTIMO
Meta del proyecto: 90%+ promedio en 6 meses

Esta tarea es un indicador para dashboard ClickUp. No requiere ejecucion tecnica: consolida la suma de horas de todas las tareas asignadas a SYS-Infraestructura en Octubre.",Etapa 1 - Plataforma Reportabilidad,E1_Capacidad_Recursos,Backlog,Normal,2026-09-28,2026-10-30,"GESTION_PROYECTO,CAPACIDAD",178,CAP-SYS-M10,SYS,Etapa 1,R1,,Baja,Bajo,Infraestructura,0,S18,Septiembre,Por etapa
SYS-Infraestructura — Carga Noviembre 2026 (100.0%),"PANEL DE CAPACIDAD MENSUAL
Recurso: SYS-Infraestructura
Mes: Noviembre 2026
Horas planificadas: 178.5h de 178.5h disponibles (neto feriados Peru, 8.5h/dia)
Carga: 100.0% — Estado: OPTIMO
Meta del proyecto: 90%+ promedio en 6 meses

Esta tarea es un indicador para dashboard ClickUp. No requiere ejecucion tecnica: consolida la suma de horas de todas las tareas asignadas a SYS-Infraestructura en Noviembre.",Etapa 1 - Plataforma Reportabilidad,E1_Capacidad_Recursos,Backlog,Normal,2026-10-26,2026-11-30,"GESTION_PROYECTO,CAPACIDAD",178,CAP-SYS-M11,SYS,Etapa 1,R1,,Baja,Bajo,Infraestructura,0,S22,Octubre,Por etapa
QA-Calidad (desde mes 2) — Carga Junio 2026 (0.0%),"PANEL DE CAPACIDAD MENSUAL
Recurso: QA-Calidad (desde mes 2)
Mes: Junio 2026
Horas planificadas: 0.0h de 178.5h disponibles (neto feriados Peru, 8.5h/dia)
Carga: 0.0% — Estado: BAJO
Meta del proyecto: 90%+ promedio en 6 meses

Esta tarea es un indicador para dashboard ClickUp. No requiere ejecucion tecnica: consolida la suma de horas de todas las tareas asignadas a QA-Calidad (desde mes 2) en Junio.",Etapa 1 - Plataforma Reportabilidad,E1_Capacidad_Recursos,Backlog,Normal,2026-06-01,2026-07-03,"GESTION_PROYECTO,CAPACIDAD",1,CAP-QA-M06,QA,Etapa 1,R1,,Baja,Bajo,Calidad,0,S1,Junio,Por etapa
QA-Calidad (desde mes 2) — Carga Julio 2026 (95.9%),"PANEL DE CAPACIDAD MENSUAL
Recurso: QA-Calidad (desde mes 2)
Mes: Julio 2026
Horas planificadas: 163.0h de 170.0h disponibles (neto feriados Peru, 8.5h/dia)
Carga: 95.9% — Estado: OPTIMO
Meta del proyecto: 90%+ promedio en 6 meses

Esta tarea es un indicador para dashboard ClickUp. No requiere ejecucion tecnica: consolida la suma de horas de todas las tareas asignadas a QA-Calidad (desde mes 2) en Julio.",Etapa 1 - Plataforma Reportabilidad,E1_Capacidad_Recursos,Backlog,Normal,2026-06-30,2026-07-31,"GESTION_PROYECTO,CAPACIDAD",163,CAP-QA-M07,QA,Etapa 1,R1,,Baja,Bajo,Calidad,0,S5,Junio,Por etapa
QA-Calidad (desde mes 2) — Carga Agosto 2026 (100.0%),"PANEL DE CAPACIDAD MENSUAL
Recurso: QA-Calidad (desde mes 2)
Mes: Agosto 2026
Horas planificadas: 170.0h de 170.0h disponibles (neto feriados Peru, 8.5h/dia)
Carga: 100.0% — Estado: OPTIMO
Meta del proyecto: 90%+ promedio en 6 meses

Esta tarea es un indicador para dashboard ClickUp. No requiere ejecucion tecnica: consolida la suma de horas de todas las tareas asignadas a QA-Calidad (desde mes 2) en Agosto.",Etapa 1 - Plataforma Reportabilidad,E1_Capacidad_Recursos,Backlog,Normal,2026-07-27,2026-09-04,"GESTION_PROYECTO,CAPACIDAD",170,CAP-QA-M08,QA,Etapa 1,R1,,Baja,Bajo,Calidad,0,S9,Julio,Por etapa
QA-Calidad (desde mes 2) — Carga Septiembre 2026 (95.0%),"PANEL DE CAPACIDAD MENSUAL
Recurso: QA-Calidad (desde mes 2)
Mes: Septiembre 2026
Horas planificadas: 177.7h de 187.0h disponibles (neto feriados Peru, 8.5h/dia)
Carga: 95.0% — Estado: OPTIMO
Meta del proyecto: 90%+ promedio en 6 meses

Esta tarea es un indicador para dashboard ClickUp. No requiere ejecucion tecnica: consolida la suma de horas de todas las tareas asignadas a QA-Calidad (desde mes 2) en Septiembre.",Etapa 1 - Plataforma Reportabilidad,E1_Capacidad_Recursos,Backlog,Normal,2026-08-31,2026-10-02,"GESTION_PROYECTO,CAPACIDAD",177,CAP-QA-M09,QA,Etapa 1,R1,,Baja,Bajo,Calidad,0,S14,Agosto,Por etapa
QA-Calidad (desde mes 2) — Carga Octubre 2026 (99.8%),"PANEL DE CAPACIDAD MENSUAL
Recurso: QA-Calidad (desde mes 2)
Mes: Octubre 2026
Horas planificadas: 178.2h de 178.5h disponibles (neto feriados Peru, 8.5h/dia)
Carga: 99.8% — Estado: OPTIMO
Meta del proyecto: 90%+ promedio en 6 meses

Esta tarea es un indicador para dashboard ClickUp. No requiere ejecucion tecnica: consolida la suma de horas de todas las tareas asignadas a QA-Calidad (desde mes 2) en Octubre.",Etapa 1 - Plataforma Reportabilidad,E1_Capacidad_Recursos,Backlog,Normal,2026-09-28,2026-10-30,"GESTION_PROYECTO,CAPACIDAD",178,CAP-QA-M10,QA,Etapa 1,R1,,Baja,Bajo,Calidad,0,S18,Septiembre,Por etapa
QA-Calidad (desde mes 2) — Carga Noviembre 2026 (100.0%),"PANEL DE CAPACIDAD MENSUAL
Recurso: QA-Calidad (desde mes 2)
Mes: Noviembre 2026
Horas planificadas: 178.5h de 178.5h disponibles (neto feriados Peru, 8.5h/dia)
Carga: 100.0% — Estado: OPTIMO
Meta del proyecto: 90%+ promedio en 6 meses

Esta tarea es un indicador para dashboard ClickUp. No requiere ejecucion tecnica: consolida la suma de horas de todas las tareas asignadas a QA-Calidad (desde mes 2) en Noviembre.",Etapa 1 - Plataforma Reportabilidad,E1_Capacidad_Recursos,Backlog,Normal,2026-10-26,2026-11-30,"GESTION_PROYECTO,CAPACIDAD",178,CAP-QA-M11,QA,Etapa 1,R1,,Baja,Bajo,Calidad,0,S22,Octubre,Por etapa
IA-ML — Modelos e Inteligencia Artificial (desde mes 2) — Carga Junio 2026 (0.0%),"PANEL DE CAPACIDAD MENSUAL
Recurso: IA-ML — Modelos e Inteligencia Artificial (desde mes 2)
Mes: Junio 2026
Horas planificadas: 0.0h de 178.5h disponibles (neto feriados Peru, 8.5h/dia)
Carga: 0.0% — Estado: BAJO
Meta del proyecto: 90%+ promedio en 6 meses

Esta tarea es un indicador para dashboard ClickUp. No requiere ejecucion tecnica: consolida la suma de horas de todas las tareas asignadas a IA-ML — Modelos e Inteligencia Artificial (desde mes 2) en Junio.",Etapa 1 - Plataforma Reportabilidad,E1_Capacidad_Recursos,Backlog,Normal,2026-06-01,2026-07-03,"GESTION_PROYECTO,CAPACIDAD",1,CAP-IA-M06,IA-ML,Etapa 1,R1,,Baja,Bajo,IA y Automatización,0,S1,Junio,Por etapa
IA-ML — Modelos e Inteligencia Artificial (desde mes 2) — Carga Julio 2026 (100.0%),"PANEL DE CAPACIDAD MENSUAL
Recurso: IA-ML — Modelos e Inteligencia Artificial (desde mes 2)
Mes: Julio 2026
Horas planificadas: 170.0h de 170.0h disponibles (neto feriados Peru, 8.5h/dia)
Carga: 100.0% — Estado: OPTIMO
Meta del proyecto: 90%+ promedio en 6 meses

Esta tarea es un indicador para dashboard ClickUp. No requiere ejecucion tecnica: consolida la suma de horas de todas las tareas asignadas a IA-ML — Modelos e Inteligencia Artificial (desde mes 2) en Julio.",Etapa 1 - Plataforma Reportabilidad,E1_Capacidad_Recursos,Backlog,Normal,2026-06-30,2026-07-31,"GESTION_PROYECTO,CAPACIDAD",170,CAP-IA-M07,IA-ML,Etapa 1,R1,,Baja,Bajo,IA y Automatización,0,S5,Junio,Por etapa
IA-ML — Modelos e Inteligencia Artificial (desde mes 2) — Carga Agosto 2026 (97.1%),"PANEL DE CAPACIDAD MENSUAL
Recurso: IA-ML — Modelos e Inteligencia Artificial (desde mes 2)
Mes: Agosto 2026
Horas planificadas: 165.0h de 170.0h disponibles (neto feriados Peru, 8.5h/dia)
Carga: 97.1% — Estado: OPTIMO
Meta del proyecto: 90%+ promedio en 6 meses

Esta tarea es un indicador para dashboard ClickUp. No requiere ejecucion tecnica: consolida la suma de horas de todas las tareas asignadas a IA-ML — Modelos e Inteligencia Artificial (desde mes 2) en Agosto.",Etapa 1 - Plataforma Reportabilidad,E1_Capacidad_Recursos,Backlog,Normal,2026-07-27,2026-09-04,"GESTION_PROYECTO,CAPACIDAD",165,CAP-IA-M08,IA-ML,Etapa 1,R1,,Baja,Bajo,IA y Automatización,0,S9,Julio,Por etapa
IA-ML — Modelos e Inteligencia Artificial (desde mes 2) — Carga Septiembre 2026 (96.6%),"PANEL DE CAPACIDAD MENSUAL
Recurso: IA-ML — Modelos e Inteligencia Artificial (desde mes 2)
Mes: Septiembre 2026
Horas planificadas: 180.7h de 187.0h disponibles (neto feriados Peru, 8.5h/dia)
Carga: 96.6% — Estado: OPTIMO
Meta del proyecto: 90%+ promedio en 6 meses

Esta tarea es un indicador para dashboard ClickUp. No requiere ejecucion tecnica: consolida la suma de horas de todas las tareas asignadas a IA-ML — Modelos e Inteligencia Artificial (desde mes 2) en Septiembre.",Etapa 1 - Plataforma Reportabilidad,E1_Capacidad_Recursos,Backlog,Normal,2026-08-31,2026-10-02,"GESTION_PROYECTO,CAPACIDAD",180,CAP-IA-M09,IA-ML,Etapa 1,R1,,Baja,Bajo,IA y Automatización,0,S14,Agosto,Por etapa
IA-ML — Modelos e Inteligencia Artificial (desde mes 2) — Carga Octubre 2026 (100.0%),"PANEL DE CAPACIDAD MENSUAL
Recurso: IA-ML — Modelos e Inteligencia Artificial (desde mes 2)
Mes: Octubre 2026
Horas planificadas: 178.5h de 178.5h disponibles (neto feriados Peru, 8.5h/dia)
Carga: 100.0% — Estado: OPTIMO
Meta del proyecto: 90%+ promedio en 6 meses

Esta tarea es un indicador para dashboard ClickUp. No requiere ejecucion tecnica: consolida la suma de horas de todas las tareas asignadas a IA-ML — Modelos e Inteligencia Artificial (desde mes 2) en Octubre.",Etapa 1 - Plataforma Reportabilidad,E1_Capacidad_Recursos,Backlog,Normal,2026-09-28,2026-10-30,"GESTION_PROYECTO,CAPACIDAD",178,CAP-IA-M10,IA-ML,Etapa 1,R1,,Baja,Bajo,IA y Automatización,0,S18,Septiembre,Por etapa
IA-ML — Modelos e Inteligencia Artificial (desde mes 2) — Carga Noviembre 2026 (100.0%),"PANEL DE CAPACIDAD MENSUAL
Recurso: IA-ML — Modelos e Inteligencia Artificial (desde mes 2)
Mes: Noviembre 2026
Horas planificadas: 178.5h de 178.5h disponibles (neto feriados Peru, 8.5h/dia)
Carga: 100.0% — Estado: OPTIMO
Meta del proyecto: 90%+ promedio en 6 meses

Esta tarea es un indicador para dashboard ClickUp. No requiere ejecucion tecnica: consolida la suma de horas de todas las tareas asignadas a IA-ML — Modelos e Inteligencia Artificial (desde mes 2) en Noviembre.",Etapa 1 - Plataforma Reportabilidad,E1_Capacidad_Recursos,Backlog,Normal,2026-10-26,2026-11-30,"GESTION_PROYECTO,CAPACIDAD",178,CAP-IA-M11,IA-ML,Etapa 1,R1,,Baja,Bajo,IA y Automatización,0,S22,Octubre,Por etapa
Soporte PMO — Analista Funcional y Documentador — Carga Junio 2026 (94.0%),"PANEL DE CAPACIDAD MENSUAL
Recurso: Soporte PMO — Analista Funcional y Documentador
Mes: Junio 2026
Horas planificadas: 167.8h de 178.5h disponibles (neto feriados Peru, 8.5h/dia)
Carga: 94.0% — Estado: OPTIMO
Meta del proyecto: 90%+ promedio en 6 meses

Esta tarea es un indicador para dashboard ClickUp. No requiere ejecucion tecnica: consolida la suma de horas de todas las tareas asignadas a Soporte PMO — Analista Funcional y Documentador en Junio.",Etapa 1 - Plataforma Reportabilidad,E1_Capacidad_Recursos,Backlog,Normal,2026-06-01,2026-07-03,"GESTION_PROYECTO,CAPACIDAD",167,CAP-PAF-M06,ARQ-Arquitecto TI / PMO,Etapa 1,R1,,Baja,Bajo,PMO Soporte,0,S1,Junio,Por etapa
Soporte PMO — Analista Funcional y Documentador — Carga Julio 2026 (93.5%),"PANEL DE CAPACIDAD MENSUAL
Recurso: Soporte PMO — Analista Funcional y Documentador
Mes: Julio 2026
Horas planificadas: 159.0h de 170.0h disponibles (neto feriados Peru, 8.5h/dia)
Carga: 93.5% — Estado: OPTIMO
Meta del proyecto: 90%+ promedio en 6 meses

Esta tarea es un indicador para dashboard ClickUp. No requiere ejecucion tecnica: consolida la suma de horas de todas las tareas asignadas a Soporte PMO — Analista Funcional y Documentador en Julio.",Etapa 1 - Plataforma Reportabilidad,E1_Capacidad_Recursos,Backlog,Normal,2026-06-30,2026-07-31,"GESTION_PROYECTO,CAPACIDAD",159,CAP-PAF-M07,ARQ-Arquitecto TI / PMO,Etapa 1,R1,,Baja,Bajo,PMO Soporte,0,S5,Junio,Por etapa
Soporte PMO — Analista Funcional y Documentador — Carga Agosto 2026 (90.0%),"PANEL DE CAPACIDAD MENSUAL
Recurso: Soporte PMO — Analista Funcional y Documentador
Mes: Agosto 2026
Horas planificadas: 153.0h de 170.0h disponibles (neto feriados Peru, 8.5h/dia)
Carga: 90.0% — Estado: OPTIMO
Meta del proyecto: 90%+ promedio en 6 meses

Esta tarea es un indicador para dashboard ClickUp. No requiere ejecucion tecnica: consolida la suma de horas de todas las tareas asignadas a Soporte PMO — Analista Funcional y Documentador en Agosto.",Etapa 1 - Plataforma Reportabilidad,E1_Capacidad_Recursos,Backlog,Normal,2026-07-27,2026-09-04,"GESTION_PROYECTO,CAPACIDAD",153,CAP-PAF-M08,ARQ-Arquitecto TI / PMO,Etapa 1,R1,,Baja,Bajo,PMO Soporte,0,S9,Julio,Por etapa
Soporte PMO — Analista Funcional y Documentador — Carga Septiembre 2026 (90.0%),"PANEL DE CAPACIDAD MENSUAL
Recurso: Soporte PMO — Analista Funcional y Documentador
Mes: Septiembre 2026
Horas planificadas: 168.3h de 187.0h disponibles (neto feriados Peru, 8.5h/dia)
Carga: 90.0% — Estado: OPTIMO
Meta del proyecto: 90%+ promedio en 6 meses

Esta tarea es un indicador para dashboard ClickUp. No requiere ejecucion tecnica: consolida la suma de horas de todas las tareas asignadas a Soporte PMO — Analista Funcional y Documentador en Septiembre.",Etapa 1 - Plataforma Reportabilidad,E1_Capacidad_Recursos,Backlog,Normal,2026-08-31,2026-10-02,"GESTION_PROYECTO,CAPACIDAD",168,CAP-PAF-M09,ARQ-Arquitecto TI / PMO,Etapa 1,R1,,Baja,Bajo,PMO Soporte,0,S14,Agosto,Por etapa
Soporte PMO — Analista Funcional y Documentador — Carga Octubre 2026 (98.3%),"PANEL DE CAPACIDAD MENSUAL
Recurso: Soporte PMO — Analista Funcional y Documentador
Mes: Octubre 2026
Horas planificadas: 175.5h de 178.5h disponibles (neto feriados Peru, 8.5h/dia)
Carga: 98.3% — Estado: OPTIMO
Meta del proyecto: 90%+ promedio en 6 meses

Esta tarea es un indicador para dashboard ClickUp. No requiere ejecucion tecnica: consolida la suma de horas de todas las tareas asignadas a Soporte PMO — Analista Funcional y Documentador en Octubre.",Etapa 1 - Plataforma Reportabilidad,E1_Capacidad_Recursos,Backlog,Normal,2026-09-28,2026-10-30,"GESTION_PROYECTO,CAPACIDAD",175,CAP-PAF-M10,ARQ-Arquitecto TI / PMO,Etapa 1,R1,,Baja,Bajo,PMO Soporte,0,S18,Septiembre,Por etapa
Soporte PMO — Analista Funcional y Documentador — Carga Noviembre 2026 (99.0%),"PANEL DE CAPACIDAD MENSUAL
Recurso: Soporte PMO — Analista Funcional y Documentador
Mes: Noviembre 2026
Horas planificadas: 176.7h de 178.5h disponibles (neto feriados Peru, 8.5h/dia)
Carga: 99.0% — Estado: OPTIMO
Meta del proyecto: 90%+ promedio en 6 meses

Esta tarea es un indicador para dashboard ClickUp. No requiere ejecucion tecnica: consolida la suma de horas de todas las tareas asignadas a Soporte PMO — Analista Funcional y Documentador en Noviembre.",Etapa 1 - Plataforma Reportabilidad,E1_Capacidad_Recursos,Backlog,Normal,2026-10-26,2026-11-30,"GESTION_PROYECTO,CAPACIDAD",176,CAP-PAF-M11,ARQ-Arquitecto TI / PMO,Etapa 1,R1,,Baja,Bajo,PMO Soporte,0,S22,Octubre,Por etapa
"Etapa 2: Multiempresa: minas, clientes y perfiles de uso — Planificar integración y diseño","CAPACIDAD A INTEGRAR:
Multiempresa: minas, clientes y perfiles de uso

DESCRIPCIÓN: Permitir que varias minas o contratistas usen la plataforma con datos separados y límites de uso.

TRABAJO EN ESTA TAREA: Planificar integración y diseño.

CONTEXTO: complementa lo validado en Etapa 0 (PoC prototipo) y lo industrializado en Etapa 1 (Reportabilidad). Referencia: plataforma IoT ThingsBoard CE.
Periodo: diciembre 2026 – abril 2027.",Etapa 2 - Plataforma minera adicional,E2_THINGSBOARD_EXTENSION,Backlog,High,2026-12-01,2026-12-21,"ARQUITECTURA,DATOS,INTEGRACION",16,E2-D01-AN,"ARQ-Arquitecto TI / PMO, BACKEND 1",Etapa 2,E2,,Alta,Alto,Arquitectura,0,S1,Diciembre,Por etapa
"Etapa 2: Multiempresa: minas, clientes y perfiles de uso — Desarrollar servicios del servidor","CAPACIDAD A INTEGRAR:
Multiempresa: minas, clientes y perfiles de uso

DESCRIPCIÓN: Permitir que varias minas o contratistas usen la plataforma con datos separados y límites de uso.

TRABAJO EN ESTA TAREA: Desarrollar servicios del servidor.

CONTEXTO: complementa lo validado en Etapa 0 (PoC prototipo) y lo industrializado en Etapa 1 (Reportabilidad). Referencia: plataforma IoT ThingsBoard CE.
Periodo: diciembre 2026 – abril 2027.",Etapa 2 - Plataforma minera adicional,E2_THINGSBOARD_EXTENSION,Backlog,High,2026-12-01,2026-12-21,"ARQUITECTURA,DATOS,INTEGRACION",42,E2-D01-BE,"BACKEND 1, BACKEND 2",Etapa 2,E2,,Alta,Alto,Backend,0,S1,Diciembre,Por etapa
"Etapa 2: Multiempresa: minas, clientes y perfiles de uso — Construir pantallas y controles","CAPACIDAD A INTEGRAR:
Multiempresa: minas, clientes y perfiles de uso

DESCRIPCIÓN: Permitir que varias minas o contratistas usen la plataforma con datos separados y límites de uso.

TRABAJO EN ESTA TAREA: Construir pantallas y controles.

CONTEXTO: complementa lo validado en Etapa 0 (PoC prototipo) y lo industrializado en Etapa 1 (Reportabilidad). Referencia: plataforma IoT ThingsBoard CE.
Periodo: diciembre 2026 – abril 2027.",Etapa 2 - Plataforma minera adicional,E2_THINGSBOARD_EXTENSION,Backlog,High,2026-12-01,2026-12-21,"ARQUITECTURA,DATOS,INTEGRACION",24,E2-D01-FE,"FRONTEND 1, FRONTEND 2",Etapa 2,E2,,Alta,Medio,Frontend,0,S1,Diciembre,Por etapa
"Etapa 2: Multiempresa: minas, clientes y perfiles de uso — Probar en escenarios de mina","CAPACIDAD A INTEGRAR:
Multiempresa: minas, clientes y perfiles de uso

DESCRIPCIÓN: Permitir que varias minas o contratistas usen la plataforma con datos separados y límites de uso.

TRABAJO EN ESTA TAREA: Probar en escenarios de mina.

CONTEXTO: complementa lo validado en Etapa 0 (PoC prototipo) y lo industrializado en Etapa 1 (Reportabilidad). Referencia: plataforma IoT ThingsBoard CE.
Periodo: diciembre 2026 – abril 2027.",Etapa 2 - Plataforma minera adicional,E2_THINGSBOARD_EXTENSION,Backlog,Normal,2026-12-01,2026-12-21,"ARQUITECTURA,DATOS,INTEGRACION",16,E2-D01-QA,"QA, BACKEND 2",Etapa 2,E2,,Media,Medio,Calidad,0,S1,Diciembre,Por etapa
"Etapa 2: Multiempresa: minas, clientes y perfiles de uso — Documentar operación y soporte","CAPACIDAD A INTEGRAR:
Multiempresa: minas, clientes y perfiles de uso

DESCRIPCIÓN: Permitir que varias minas o contratistas usen la plataforma con datos separados y límites de uso.

TRABAJO EN ESTA TAREA: Documentar operación y soporte.

CONTEXTO: complementa lo validado en Etapa 0 (PoC prototipo) y lo industrializado en Etapa 1 (Reportabilidad). Referencia: plataforma IoT ThingsBoard CE.
Periodo: diciembre 2026 – abril 2027.",Etapa 2 - Plataforma minera adicional,E2_THINGSBOARD_EXTENSION,Backlog,Normal,2026-12-01,2026-12-21,"ARQUITECTURA,DATOS,INTEGRACION",8,E2-D01-DOC,"ARQ-Arquitecto TI / PMO, BACKEND 1",Etapa 2,E2,,Baja,Medio,Arquitectura,0,S1,Diciembre,Por etapa
"Etapa 2: Conexión de sensores y equipos (MQTT, HTTP, gateways) — Planificar integración y diseño","CAPACIDAD A INTEGRAR:
Conexión de sensores y equipos (MQTT, HTTP, gateways)

DESCRIPCIÓN: Registrar dispositivos, credenciales y protocolos para telemetría desde faena.

TRABAJO EN ESTA TAREA: Planificar integración y diseño.

CONTEXTO: complementa lo validado en Etapa 0 (PoC prototipo) y lo industrializado en Etapa 1 (Reportabilidad). Referencia: plataforma IoT ThingsBoard CE.
Periodo: diciembre 2026 – abril 2027.",Etapa 2 - Plataforma minera adicional,E2_THINGSBOARD_EXTENSION,Backlog,High,2026-12-15,2027-01-11,"SENSORES,INTEGRACION,INTEGRACION",16,E2-D02-AN,"ARQ-Arquitecto TI / PMO, BACKEND 1",Etapa 2,E2,,Alta,Alto,Arquitectura,0,S3,Diciembre,Por etapa
"Etapa 2: Conexión de sensores y equipos (MQTT, HTTP, gateways) — Desarrollar servicios del servidor","CAPACIDAD A INTEGRAR:
Conexión de sensores y equipos (MQTT, HTTP, gateways)

DESCRIPCIÓN: Registrar dispositivos, credenciales y protocolos para telemetría desde faena.

TRABAJO EN ESTA TAREA: Desarrollar servicios del servidor.

CONTEXTO: complementa lo validado en Etapa 0 (PoC prototipo) y lo industrializado en Etapa 1 (Reportabilidad). Referencia: plataforma IoT ThingsBoard CE.
Periodo: diciembre 2026 – abril 2027.",Etapa 2 - Plataforma minera adicional,E2_THINGSBOARD_EXTENSION,Backlog,High,2026-12-15,2027-01-11,"SENSORES,INTEGRACION,INTEGRACION",44,E2-D02-BE,"BACKEND 1, BACKEND 3, SYS",Etapa 2,E2,,Alta,Alto,Backend,0,S3,Diciembre,Por etapa
"Etapa 2: Conexión de sensores y equipos (MQTT, HTTP, gateways) — Construir pantallas y controles","CAPACIDAD A INTEGRAR:
Conexión de sensores y equipos (MQTT, HTTP, gateways)

DESCRIPCIÓN: Registrar dispositivos, credenciales y protocolos para telemetría desde faena.

TRABAJO EN ESTA TAREA: Construir pantallas y controles.

CONTEXTO: complementa lo validado en Etapa 0 (PoC prototipo) y lo industrializado en Etapa 1 (Reportabilidad). Referencia: plataforma IoT ThingsBoard CE.
Periodo: diciembre 2026 – abril 2027.",Etapa 2 - Plataforma minera adicional,E2_THINGSBOARD_EXTENSION,Backlog,High,2026-12-15,2027-01-11,"SENSORES,INTEGRACION,INTEGRACION",24,E2-D02-FE,"FRONTEND 1, FRONTEND 2",Etapa 2,E2,,Alta,Medio,Frontend,0,S3,Diciembre,Por etapa
"Etapa 2: Conexión de sensores y equipos (MQTT, HTTP, gateways) — Probar en escenarios de mina","CAPACIDAD A INTEGRAR:
Conexión de sensores y equipos (MQTT, HTTP, gateways)

DESCRIPCIÓN: Registrar dispositivos, credenciales y protocolos para telemetría desde faena.

TRABAJO EN ESTA TAREA: Probar en escenarios de mina.

CONTEXTO: complementa lo validado en Etapa 0 (PoC prototipo) y lo industrializado en Etapa 1 (Reportabilidad). Referencia: plataforma IoT ThingsBoard CE.
Periodo: diciembre 2026 – abril 2027.",Etapa 2 - Plataforma minera adicional,E2_THINGSBOARD_EXTENSION,Backlog,Normal,2026-12-15,2027-01-11,"SENSORES,INTEGRACION,INTEGRACION",16,E2-D02-QA,"QA, BACKEND 2",Etapa 2,E2,,Media,Medio,Calidad,0,S3,Diciembre,Por etapa
"Etapa 2: Conexión de sensores y equipos (MQTT, HTTP, gateways) — Documentar operación y soporte","CAPACIDAD A INTEGRAR:
Conexión de sensores y equipos (MQTT, HTTP, gateways)

DESCRIPCIÓN: Registrar dispositivos, credenciales y protocolos para telemetría desde faena.

TRABAJO EN ESTA TAREA: Documentar operación y soporte.

CONTEXTO: complementa lo validado en Etapa 0 (PoC prototipo) y lo industrializado en Etapa 1 (Reportabilidad). Referencia: plataforma IoT ThingsBoard CE.
Periodo: diciembre 2026 – abril 2027.",Etapa 2 - Plataforma minera adicional,E2_THINGSBOARD_EXTENSION,Backlog,Normal,2026-12-15,2027-01-11,"SENSORES,INTEGRACION,INTEGRACION",8,E2-D02-DOC,"ARQ-Arquitecto TI / PMO, BACKEND 1",Etapa 2,E2,,Baja,Medio,Arquitectura,0,S3,Diciembre,Por etapa
Etapa 2: Jerarquía mina - zona - equipo - sensor — Planificar integración y diseño,"CAPACIDAD A INTEGRAR:
Jerarquía mina - zona - equipo - sensor

DESCRIPCIÓN: Organizar activos y relaciones para navegar la operación como árbol.

TRABAJO EN ESTA TAREA: Planificar integración y diseño.

CONTEXTO: complementa lo validado en Etapa 0 (PoC prototipo) y lo industrializado en Etapa 1 (Reportabilidad). Referencia: plataforma IoT ThingsBoard CE.
Periodo: diciembre 2026 – abril 2027.",Etapa 2 - Plataforma minera adicional,E2_THINGSBOARD_EXTENSION,Backlog,High,2026-12-29,2027-01-18,"DATOS,MAPAS,INTEGRACION",16,E2-D03-AN,"ARQ-Arquitecto TI / PMO, BACKEND 1",Etapa 2,E2,,Alta,Alto,Arquitectura,0,S5,Diciembre,Por etapa
Etapa 2: Jerarquía mina - zona - equipo - sensor — Desarrollar servicios del servidor,"CAPACIDAD A INTEGRAR:
Jerarquía mina - zona - equipo - sensor

DESCRIPCIÓN: Organizar activos y relaciones para navegar la operación como árbol.

TRABAJO EN ESTA TAREA: Desarrollar servicios del servidor.

CONTEXTO: complementa lo validado en Etapa 0 (PoC prototipo) y lo industrializado en Etapa 1 (Reportabilidad). Referencia: plataforma IoT ThingsBoard CE.
Periodo: diciembre 2026 – abril 2027.",Etapa 2 - Plataforma minera adicional,E2_THINGSBOARD_EXTENSION,Backlog,High,2026-12-29,2027-01-18,"DATOS,MAPAS,INTEGRACION",40,E2-D03-BE,"BACKEND 1, FRONTEND 1",Etapa 2,E2,,Alta,Alto,Backend,0,S5,Diciembre,Por etapa
Etapa 2: Jerarquía mina - zona - equipo - sensor — Construir pantallas y controles,"CAPACIDAD A INTEGRAR:
Jerarquía mina - zona - equipo - sensor

DESCRIPCIÓN: Organizar activos y relaciones para navegar la operación como árbol.

TRABAJO EN ESTA TAREA: Construir pantallas y controles.

CONTEXTO: complementa lo validado en Etapa 0 (PoC prototipo) y lo industrializado en Etapa 1 (Reportabilidad). Referencia: plataforma IoT ThingsBoard CE.
Periodo: diciembre 2026 – abril 2027.",Etapa 2 - Plataforma minera adicional,E2_THINGSBOARD_EXTENSION,Backlog,High,2026-12-29,2027-01-18,"DATOS,MAPAS,INTEGRACION",24,E2-D03-FE,"FRONTEND 1, FRONTEND 2",Etapa 2,E2,,Alta,Medio,Frontend,0,S5,Diciembre,Por etapa
Etapa 2: Jerarquía mina - zona - equipo - sensor — Probar en escenarios de mina,"CAPACIDAD A INTEGRAR:
Jerarquía mina - zona - equipo - sensor

DESCRIPCIÓN: Organizar activos y relaciones para navegar la operación como árbol.

TRABAJO EN ESTA TAREA: Probar en escenarios de mina.

CONTEXTO: complementa lo validado en Etapa 0 (PoC prototipo) y lo industrializado en Etapa 1 (Reportabilidad). Referencia: plataforma IoT ThingsBoard CE.
Periodo: diciembre 2026 – abril 2027.",Etapa 2 - Plataforma minera adicional,E2_THINGSBOARD_EXTENSION,Backlog,Normal,2026-12-29,2027-01-18,"DATOS,MAPAS,INTEGRACION",16,E2-D03-QA,"QA, BACKEND 2",Etapa 2,E2,,Media,Medio,Calidad,0,S5,Diciembre,Por etapa
Etapa 2: Jerarquía mina - zona - equipo - sensor — Documentar operación y soporte,"CAPACIDAD A INTEGRAR:
Jerarquía mina - zona - equipo - sensor

DESCRIPCIÓN: Organizar activos y relaciones para navegar la operación como árbol.

TRABAJO EN ESTA TAREA: Documentar operación y soporte.

CONTEXTO: complementa lo validado en Etapa 0 (PoC prototipo) y lo industrializado en Etapa 1 (Reportabilidad). Referencia: plataforma IoT ThingsBoard CE.
Periodo: diciembre 2026 – abril 2027.",Etapa 2 - Plataforma minera adicional,E2_THINGSBOARD_EXTENSION,Backlog,Normal,2026-12-29,2027-01-18,"DATOS,MAPAS,INTEGRACION",8,E2-D03-DOC,"ARQ-Arquitecto TI / PMO, BACKEND 1",Etapa 2,E2,,Baja,Medio,Arquitectura,0,S5,Diciembre,Por etapa
Etapa 2: Motor de reglas visuales para eventos IoT — Planificar integración y diseño,"CAPACIDAD A INTEGRAR:
Motor de reglas visuales para eventos IoT

DESCRIPCIÓN: Diseñar flujos automáticos: filtrar datos, enriquecer, disparar acciones e integraciones.

TRABAJO EN ESTA TAREA: Planificar integración y diseño.

CONTEXTO: complementa lo validado en Etapa 0 (PoC prototipo) y lo industrializado en Etapa 1 (Reportabilidad). Referencia: plataforma IoT ThingsBoard CE.
Periodo: diciembre 2026 – abril 2027.",Etapa 2 - Plataforma minera adicional,E2_THINGSBOARD_EXTENSION,Backlog,High,2027-01-12,2027-02-08,"INTEGRACION,INTELIGENCIA_ARTIFICIAL,INTEGRACION",16,E2-D04-AN,"ARQ-Arquitecto TI / PMO, BACKEND 1",Etapa 2,E2,,Alta,Alto,Arquitectura,0,S7,Enero,Por etapa
Etapa 2: Motor de reglas visuales para eventos IoT — Desarrollar servicios del servidor,"CAPACIDAD A INTEGRAR:
Motor de reglas visuales para eventos IoT

DESCRIPCIÓN: Diseñar flujos automáticos: filtrar datos, enriquecer, disparar acciones e integraciones.

TRABAJO EN ESTA TAREA: Desarrollar servicios del servidor.

CONTEXTO: complementa lo validado en Etapa 0 (PoC prototipo) y lo industrializado en Etapa 1 (Reportabilidad). Referencia: plataforma IoT ThingsBoard CE.
Periodo: diciembre 2026 – abril 2027.",Etapa 2 - Plataforma minera adicional,E2_THINGSBOARD_EXTENSION,Backlog,High,2027-01-12,2027-02-08,"INTEGRACION,INTELIGENCIA_ARTIFICIAL,INTEGRACION",44,E2-D04-BE,"BACKEND 1, BACKEND 3, IA-ML",Etapa 2,E2,,Alta,Alto,Backend,0,S7,Enero,Por etapa
Etapa 2: Motor de reglas visuales para eventos IoT — Construir pantallas y controles,"CAPACIDAD A INTEGRAR:
Motor de reglas visuales para eventos IoT

DESCRIPCIÓN: Diseñar flujos automáticos: filtrar datos, enriquecer, disparar acciones e integraciones.

TRABAJO EN ESTA TAREA: Construir pantallas y controles.

CONTEXTO: complementa lo validado en Etapa 0 (PoC prototipo) y lo industrializado en Etapa 1 (Reportabilidad). Referencia: plataforma IoT ThingsBoard CE.
Periodo: diciembre 2026 – abril 2027.",Etapa 2 - Plataforma minera adicional,E2_THINGSBOARD_EXTENSION,Backlog,High,2027-01-12,2027-02-08,"INTEGRACION,INTELIGENCIA_ARTIFICIAL,INTEGRACION",24,E2-D04-FE,"FRONTEND 1, FRONTEND 2",Etapa 2,E2,,Alta,Medio,Frontend,0,S7,Enero,Por etapa
Etapa 2: Motor de reglas visuales para eventos IoT — Probar en escenarios de mina,"CAPACIDAD A INTEGRAR:
Motor de reglas visuales para eventos IoT

DESCRIPCIÓN: Diseñar flujos automáticos: filtrar datos, enriquecer, disparar acciones e integraciones.

TRABAJO EN ESTA TAREA: Probar en escenarios de mina.

CONTEXTO: complementa lo validado en Etapa 0 (PoC prototipo) y lo industrializado en Etapa 1 (Reportabilidad). Referencia: plataforma IoT ThingsBoard CE.
Periodo: diciembre 2026 – abril 2027.",Etapa 2 - Plataforma minera adicional,E2_THINGSBOARD_EXTENSION,Backlog,Normal,2027-01-12,2027-02-08,"INTEGRACION,INTELIGENCIA_ARTIFICIAL,INTEGRACION",16,E2-D04-QA,"QA, BACKEND 2",Etapa 2,E2,,Media,Medio,Calidad,0,S7,Enero,Por etapa
Etapa 2: Motor de reglas visuales para eventos IoT — Documentar operación y soporte,"CAPACIDAD A INTEGRAR:
Motor de reglas visuales para eventos IoT

DESCRIPCIÓN: Diseñar flujos automáticos: filtrar datos, enriquecer, disparar acciones e integraciones.

TRABAJO EN ESTA TAREA: Documentar operación y soporte.

CONTEXTO: complementa lo validado en Etapa 0 (PoC prototipo) y lo industrializado en Etapa 1 (Reportabilidad). Referencia: plataforma IoT ThingsBoard CE.
Periodo: diciembre 2026 – abril 2027.",Etapa 2 - Plataforma minera adicional,E2_THINGSBOARD_EXTENSION,Backlog,Normal,2027-01-12,2027-02-08,"INTEGRACION,INTELIGENCIA_ARTIFICIAL,INTEGRACION",8,E2-D04-DOC,"ARQ-Arquitecto TI / PMO, BACKEND 1",Etapa 2,E2,,Baja,Medio,Arquitectura,0,S7,Enero,Por etapa
"Etapa 2: Campos calculados, geocercas y agregaciones — Planificar integración y diseño","CAPACIDAD A INTEGRAR:
Campos calculados, geocercas y agregaciones

DESCRIPCIÓN: Reglas sobre telemetría: sumas, promedios, alertas por ubicación geográfica.

TRABAJO EN ESTA TAREA: Planificar integración y diseño.

CONTEXTO: complementa lo validado en Etapa 0 (PoC prototipo) y lo industrializado en Etapa 1 (Reportabilidad). Referencia: plataforma IoT ThingsBoard CE.
Periodo: diciembre 2026 – abril 2027.",Etapa 2 - Plataforma minera adicional,E2_THINGSBOARD_EXTENSION,Backlog,High,2027-01-26,2027-02-15,"SENSORES,INTELIGENCIA_ARTIFICIAL,INTEGRACION",16,E2-D05-AN,"ARQ-Arquitecto TI / PMO, BACKEND 1",Etapa 2,E2,,Alta,Alto,Arquitectura,0,S9,Enero,Por etapa
"Etapa 2: Campos calculados, geocercas y agregaciones — Desarrollar servicios del servidor","CAPACIDAD A INTEGRAR:
Campos calculados, geocercas y agregaciones

DESCRIPCIÓN: Reglas sobre telemetría: sumas, promedios, alertas por ubicación geográfica.

TRABAJO EN ESTA TAREA: Desarrollar servicios del servidor.

CONTEXTO: complementa lo validado en Etapa 0 (PoC prototipo) y lo industrializado en Etapa 1 (Reportabilidad). Referencia: plataforma IoT ThingsBoard CE.
Periodo: diciembre 2026 – abril 2027.",Etapa 2 - Plataforma minera adicional,E2_THINGSBOARD_EXTENSION,Backlog,High,2027-01-26,2027-02-15,"SENSORES,INTELIGENCIA_ARTIFICIAL,INTEGRACION",42,E2-D05-BE,"BACKEND 1, IA-ML",Etapa 2,E2,,Alta,Alto,Backend,0,S9,Enero,Por etapa
"Etapa 2: Campos calculados, geocercas y agregaciones — Construir pantallas y controles","CAPACIDAD A INTEGRAR:
Campos calculados, geocercas y agregaciones

DESCRIPCIÓN: Reglas sobre telemetría: sumas, promedios, alertas por ubicación geográfica.

TRABAJO EN ESTA TAREA: Construir pantallas y controles.

CONTEXTO: complementa lo validado en Etapa 0 (PoC prototipo) y lo industrializado en Etapa 1 (Reportabilidad). Referencia: plataforma IoT ThingsBoard CE.
Periodo: diciembre 2026 – abril 2027.",Etapa 2 - Plataforma minera adicional,E2_THINGSBOARD_EXTENSION,Backlog,High,2027-01-26,2027-02-15,"SENSORES,INTELIGENCIA_ARTIFICIAL,INTEGRACION",24,E2-D05-FE,"FRONTEND 1, FRONTEND 2",Etapa 2,E2,,Alta,Medio,Frontend,0,S9,Enero,Por etapa
"Etapa 2: Campos calculados, geocercas y agregaciones — Probar en escenarios de mina","CAPACIDAD A INTEGRAR:
Campos calculados, geocercas y agregaciones

DESCRIPCIÓN: Reglas sobre telemetría: sumas, promedios, alertas por ubicación geográfica.

TRABAJO EN ESTA TAREA: Probar en escenarios de mina.

CONTEXTO: complementa lo validado en Etapa 0 (PoC prototipo) y lo industrializado en Etapa 1 (Reportabilidad). Referencia: plataforma IoT ThingsBoard CE.
Periodo: diciembre 2026 – abril 2027.",Etapa 2 - Plataforma minera adicional,E2_THINGSBOARD_EXTENSION,Backlog,Normal,2027-01-26,2027-02-15,"SENSORES,INTELIGENCIA_ARTIFICIAL,INTEGRACION",16,E2-D05-QA,"QA, BACKEND 2",Etapa 2,E2,,Media,Medio,Calidad,0,S9,Enero,Por etapa
"Etapa 2: Campos calculados, geocercas y agregaciones — Documentar operación y soporte","CAPACIDAD A INTEGRAR:
Campos calculados, geocercas y agregaciones

DESCRIPCIÓN: Reglas sobre telemetría: sumas, promedios, alertas por ubicación geográfica.

TRABAJO EN ESTA TAREA: Documentar operación y soporte.

CONTEXTO: complementa lo validado en Etapa 0 (PoC prototipo) y lo industrializado en Etapa 1 (Reportabilidad). Referencia: plataforma IoT ThingsBoard CE.
Periodo: diciembre 2026 – abril 2027.",Etapa 2 - Plataforma minera adicional,E2_THINGSBOARD_EXTENSION,Backlog,Normal,2027-01-26,2027-02-15,"SENSORES,INTELIGENCIA_ARTIFICIAL,INTEGRACION",8,E2-D05-DOC,"ARQ-Arquitecto TI / PMO, BACKEND 1",Etapa 2,E2,,Baja,Medio,Arquitectura,0,S9,Enero,Por etapa
Etapa 2: Vistas filtradas y consultas avanzadas por rol — Planificar integración y diseño,"CAPACIDAD A INTEGRAR:
Vistas filtradas y consultas avanzadas por rol

DESCRIPCIÓN: Cada perfil ve solo lo que le corresponde; consultas complejas para tableros.

TRABAJO EN ESTA TAREA: Planificar integración y diseño.

CONTEXTO: complementa lo validado en Etapa 0 (PoC prototipo) y lo industrializado en Etapa 1 (Reportabilidad). Referencia: plataforma IoT ThingsBoard CE.
Periodo: diciembre 2026 – abril 2027.",Etapa 2 - Plataforma minera adicional,E2_THINGSBOARD_EXTENSION,Backlog,High,2027-02-09,2027-03-01,"DATOS,GERENCIA,INTEGRACION",16,E2-D06-AN,"ARQ-Arquitecto TI / PMO, BACKEND 1",Etapa 2,E2,,Alta,Alto,Arquitectura,0,S11,Febrero,Por etapa
Etapa 2: Vistas filtradas y consultas avanzadas por rol — Desarrollar servicios del servidor,"CAPACIDAD A INTEGRAR:
Vistas filtradas y consultas avanzadas por rol

DESCRIPCIÓN: Cada perfil ve solo lo que le corresponde; consultas complejas para tableros.

TRABAJO EN ESTA TAREA: Desarrollar servicios del servidor.

CONTEXTO: complementa lo validado en Etapa 0 (PoC prototipo) y lo industrializado en Etapa 1 (Reportabilidad). Referencia: plataforma IoT ThingsBoard CE.
Periodo: diciembre 2026 – abril 2027.",Etapa 2 - Plataforma minera adicional,E2_THINGSBOARD_EXTENSION,Backlog,High,2027-02-09,2027-03-01,"DATOS,GERENCIA,INTEGRACION",40,E2-D06-BE,"BACKEND 1, FRONTEND 1",Etapa 2,E2,,Alta,Alto,Backend,0,S11,Febrero,Por etapa
Etapa 2: Vistas filtradas y consultas avanzadas por rol — Construir pantallas y controles,"CAPACIDAD A INTEGRAR:
Vistas filtradas y consultas avanzadas por rol

DESCRIPCIÓN: Cada perfil ve solo lo que le corresponde; consultas complejas para tableros.

TRABAJO EN ESTA TAREA: Construir pantallas y controles.

CONTEXTO: complementa lo validado en Etapa 0 (PoC prototipo) y lo industrializado en Etapa 1 (Reportabilidad). Referencia: plataforma IoT ThingsBoard CE.
Periodo: diciembre 2026 – abril 2027.",Etapa 2 - Plataforma minera adicional,E2_THINGSBOARD_EXTENSION,Backlog,High,2027-02-09,2027-03-01,"DATOS,GERENCIA,INTEGRACION",24,E2-D06-FE,"FRONTEND 1, FRONTEND 2",Etapa 2,E2,,Alta,Medio,Frontend,0,S11,Febrero,Por etapa
Etapa 2: Vistas filtradas y consultas avanzadas por rol — Probar en escenarios de mina,"CAPACIDAD A INTEGRAR:
Vistas filtradas y consultas avanzadas por rol

DESCRIPCIÓN: Cada perfil ve solo lo que le corresponde; consultas complejas para tableros.

TRABAJO EN ESTA TAREA: Probar en escenarios de mina.

CONTEXTO: complementa lo validado en Etapa 0 (PoC prototipo) y lo industrializado en Etapa 1 (Reportabilidad). Referencia: plataforma IoT ThingsBoard CE.
Periodo: diciembre 2026 – abril 2027.",Etapa 2 - Plataforma minera adicional,E2_THINGSBOARD_EXTENSION,Backlog,Normal,2027-02-09,2027-03-01,"DATOS,GERENCIA,INTEGRACION",16,E2-D06-QA,"QA, BACKEND 2",Etapa 2,E2,,Media,Medio,Calidad,0,S11,Febrero,Por etapa
Etapa 2: Vistas filtradas y consultas avanzadas por rol — Documentar operación y soporte,"CAPACIDAD A INTEGRAR:
Vistas filtradas y consultas avanzadas por rol

DESCRIPCIÓN: Cada perfil ve solo lo que le corresponde; consultas complejas para tableros.

TRABAJO EN ESTA TAREA: Documentar operación y soporte.

CONTEXTO: complementa lo validado en Etapa 0 (PoC prototipo) y lo industrializado en Etapa 1 (Reportabilidad). Referencia: plataforma IoT ThingsBoard CE.
Periodo: diciembre 2026 – abril 2027.",Etapa 2 - Plataforma minera adicional,E2_THINGSBOARD_EXTENSION,Backlog,Normal,2027-02-09,2027-03-01,"DATOS,GERENCIA,INTEGRACION",8,E2-D06-DOC,"ARQ-Arquitecto TI / PMO, BACKEND 1",Etapa 2,E2,,Baja,Medio,Arquitectura,0,S11,Febrero,Por etapa
Etapa 2: Comandos remotos a equipos en faena — Planificar integración y diseño,"CAPACIDAD A INTEGRAR:
Comandos remotos a equipos en faena

DESCRIPCIÓN: Enviar órdenes a actuadores o PLCs y confirmar ejecución bidireccional.

TRABAJO EN ESTA TAREA: Planificar integración y diseño.

CONTEXTO: complementa lo validado en Etapa 0 (PoC prototipo) y lo industrializado en Etapa 1 (Reportabilidad). Referencia: plataforma IoT ThingsBoard CE.
Periodo: diciembre 2026 – abril 2027.",Etapa 2 - Plataforma minera adicional,E2_THINGSBOARD_EXTENSION,Backlog,High,2027-02-23,2027-03-15,"SENSORES,INTEGRACION,INTEGRACION",16,E2-D07-AN,"ARQ-Arquitecto TI / PMO, BACKEND 1",Etapa 2,E2,,Alta,Alto,Arquitectura,0,S13,Febrero,Por etapa
Etapa 2: Comandos remotos a equipos en faena — Desarrollar servicios del servidor,"CAPACIDAD A INTEGRAR:
Comandos remotos a equipos en faena

DESCRIPCIÓN: Enviar órdenes a actuadores o PLCs y confirmar ejecución bidireccional.

TRABAJO EN ESTA TAREA: Desarrollar servicios del servidor.

CONTEXTO: complementa lo validado en Etapa 0 (PoC prototipo) y lo industrializado en Etapa 1 (Reportabilidad). Referencia: plataforma IoT ThingsBoard CE.
Periodo: diciembre 2026 – abril 2027.",Etapa 2 - Plataforma minera adicional,E2_THINGSBOARD_EXTENSION,Backlog,High,2027-02-23,2027-03-15,"SENSORES,INTEGRACION,INTEGRACION",40,E2-D07-BE,"BACKEND 1, BACKEND 3",Etapa 2,E2,,Alta,Alto,Backend,0,S13,Febrero,Por etapa
Etapa 2: Comandos remotos a equipos en faena — Construir pantallas y controles,"CAPACIDAD A INTEGRAR:
Comandos remotos a equipos en faena

DESCRIPCIÓN: Enviar órdenes a actuadores o PLCs y confirmar ejecución bidireccional.

TRABAJO EN ESTA TAREA: Construir pantallas y controles.

CONTEXTO: complementa lo validado en Etapa 0 (PoC prototipo) y lo industrializado en Etapa 1 (Reportabilidad). Referencia: plataforma IoT ThingsBoard CE.
Periodo: diciembre 2026 – abril 2027.",Etapa 2 - Plataforma minera adicional,E2_THINGSBOARD_EXTENSION,Backlog,High,2027-02-23,2027-03-15,"SENSORES,INTEGRACION,INTEGRACION",24,E2-D07-FE,"FRONTEND 1, FRONTEND 2",Etapa 2,E2,,Alta,Medio,Frontend,0,S13,Febrero,Por etapa
Etapa 2: Comandos remotos a equipos en faena — Probar en escenarios de mina,"CAPACIDAD A INTEGRAR:
Comandos remotos a equipos en faena

DESCRIPCIÓN: Enviar órdenes a actuadores o PLCs y confirmar ejecución bidireccional.

TRABAJO EN ESTA TAREA: Probar en escenarios de mina.

CONTEXTO: complementa lo validado en Etapa 0 (PoC prototipo) y lo industrializado en Etapa 1 (Reportabilidad). Referencia: plataforma IoT ThingsBoard CE.
Periodo: diciembre 2026 – abril 2027.",Etapa 2 - Plataforma minera adicional,E2_THINGSBOARD_EXTENSION,Backlog,Normal,2027-02-23,2027-03-15,"SENSORES,INTEGRACION,INTEGRACION",16,E2-D07-QA,"QA, BACKEND 2",Etapa 2,E2,,Media,Medio,Calidad,0,S13,Febrero,Por etapa
Etapa 2: Comandos remotos a equipos en faena — Documentar operación y soporte,"CAPACIDAD A INTEGRAR:
Comandos remotos a equipos en faena

DESCRIPCIÓN: Enviar órdenes a actuadores o PLCs y confirmar ejecución bidireccional.

TRABAJO EN ESTA TAREA: Documentar operación y soporte.

CONTEXTO: complementa lo validado en Etapa 0 (PoC prototipo) y lo industrializado en Etapa 1 (Reportabilidad). Referencia: plataforma IoT ThingsBoard CE.
Periodo: diciembre 2026 – abril 2027.",Etapa 2 - Plataforma minera adicional,E2_THINGSBOARD_EXTENSION,Backlog,Normal,2027-02-23,2027-03-15,"SENSORES,INTEGRACION,INTEGRACION",8,E2-D07-DOC,"ARQ-Arquitecto TI / PMO, BACKEND 1",Etapa 2,E2,,Baja,Medio,Arquitectura,0,S13,Febrero,Por etapa
Etapa 2: Actualización remota de firmware (OTA) — Planificar integración y diseño,"CAPACIDAD A INTEGRAR:
Actualización remota de firmware (OTA)

DESCRIPCIÓN: Distribuir y monitorear actualizaciones de software en dispositivos y gateways.

TRABAJO EN ESTA TAREA: Planificar integración y diseño.

CONTEXTO: complementa lo validado en Etapa 0 (PoC prototipo) y lo industrializado en Etapa 1 (Reportabilidad). Referencia: plataforma IoT ThingsBoard CE.
Periodo: diciembre 2026 – abril 2027.",Etapa 2 - Plataforma minera adicional,E2_THINGSBOARD_EXTENSION,Backlog,High,2027-03-09,2027-03-29,"INFRAESTRUCTURA,SENSORES,INTEGRACION",16,E2-D08-AN,"ARQ-Arquitecto TI / PMO, BACKEND 1",Etapa 2,E2,,Alta,Alto,Arquitectura,0,S15,Marzo,Por etapa
Etapa 2: Actualización remota de firmware (OTA) — Desarrollar servicios del servidor,"CAPACIDAD A INTEGRAR:
Actualización remota de firmware (OTA)

DESCRIPCIÓN: Distribuir y monitorear actualizaciones de software en dispositivos y gateways.

TRABAJO EN ESTA TAREA: Desarrollar servicios del servidor.

CONTEXTO: complementa lo validado en Etapa 0 (PoC prototipo) y lo industrializado en Etapa 1 (Reportabilidad). Referencia: plataforma IoT ThingsBoard CE.
Periodo: diciembre 2026 – abril 2027.",Etapa 2 - Plataforma minera adicional,E2_THINGSBOARD_EXTENSION,Backlog,High,2027-03-09,2027-03-29,"INFRAESTRUCTURA,SENSORES,INTEGRACION",40,E2-D08-BE,"SYS, BACKEND 3",Etapa 2,E2,,Alta,Alto,Backend,0,S15,Marzo,Por etapa
Etapa 2: Actualización remota de firmware (OTA) — Construir pantallas y controles,"CAPACIDAD A INTEGRAR:
Actualización remota de firmware (OTA)

DESCRIPCIÓN: Distribuir y monitorear actualizaciones de software en dispositivos y gateways.

TRABAJO EN ESTA TAREA: Construir pantallas y controles.

CONTEXTO: complementa lo validado en Etapa 0 (PoC prototipo) y lo industrializado en Etapa 1 (Reportabilidad). Referencia: plataforma IoT ThingsBoard CE.
Periodo: diciembre 2026 – abril 2027.",Etapa 2 - Plataforma minera adicional,E2_THINGSBOARD_EXTENSION,Backlog,High,2027-03-09,2027-03-29,"INFRAESTRUCTURA,SENSORES,INTEGRACION",24,E2-D08-FE,"FRONTEND 1, FRONTEND 2",Etapa 2,E2,,Alta,Medio,Frontend,0,S15,Marzo,Por etapa
Etapa 2: Actualización remota de firmware (OTA) — Probar en escenarios de mina,"CAPACIDAD A INTEGRAR:
Actualización remota de firmware (OTA)

DESCRIPCIÓN: Distribuir y monitorear actualizaciones de software en dispositivos y gateways.

TRABAJO EN ESTA TAREA: Probar en escenarios de mina.

CONTEXTO: complementa lo validado en Etapa 0 (PoC prototipo) y lo industrializado en Etapa 1 (Reportabilidad). Referencia: plataforma IoT ThingsBoard CE.
Periodo: diciembre 2026 – abril 2027.",Etapa 2 - Plataforma minera adicional,E2_THINGSBOARD_EXTENSION,Backlog,Normal,2027-03-09,2027-03-29,"INFRAESTRUCTURA,SENSORES,INTEGRACION",16,E2-D08-QA,"QA, BACKEND 2",Etapa 2,E2,,Media,Medio,Calidad,0,S15,Marzo,Por etapa
Etapa 2: Actualización remota de firmware (OTA) — Documentar operación y soporte,"CAPACIDAD A INTEGRAR:
Actualización remota de firmware (OTA)

DESCRIPCIÓN: Distribuir y monitorear actualizaciones de software en dispositivos y gateways.

TRABAJO EN ESTA TAREA: Documentar operación y soporte.

CONTEXTO: complementa lo validado en Etapa 0 (PoC prototipo) y lo industrializado en Etapa 1 (Reportabilidad). Referencia: plataforma IoT ThingsBoard CE.
Periodo: diciembre 2026 – abril 2027.",Etapa 2 - Plataforma minera adicional,E2_THINGSBOARD_EXTENSION,Backlog,Normal,2027-03-09,2027-03-29,"INFRAESTRUCTURA,SENSORES,INTEGRACION",8,E2-D08-DOC,"ARQ-Arquitecto TI / PMO, BACKEND 1",Etapa 2,E2,,Baja,Medio,Arquitectura,0,S15,Marzo,Por etapa
Etapa 2: Operación en sitios desconectados (Edge) — Planificar integración y diseño,"CAPACIDAD A INTEGRAR:
Operación en sitios desconectados (Edge)

DESCRIPCIÓN: Sincronizar datos cuando la faena pierde conectividad y volver a la nube después.

TRABAJO EN ESTA TAREA: Planificar integración y diseño.

CONTEXTO: complementa lo validado en Etapa 0 (PoC prototipo) y lo industrializado en Etapa 1 (Reportabilidad). Referencia: plataforma IoT ThingsBoard CE.
Periodo: diciembre 2026 – abril 2027.",Etapa 2 - Plataforma minera adicional,E2_THINGSBOARD_EXTENSION,Backlog,High,2027-03-23,2027-04-12,"INFRAESTRUCTURA,INTEGRACION,INTEGRACION",16,E2-D09-AN,"ARQ-Arquitecto TI / PMO, BACKEND 1",Etapa 2,E2,,Alta,Alto,Arquitectura,0,S17,Marzo,Por etapa
Etapa 2: Operación en sitios desconectados (Edge) — Desarrollar servicios del servidor,"CAPACIDAD A INTEGRAR:
Operación en sitios desconectados (Edge)

DESCRIPCIÓN: Sincronizar datos cuando la faena pierde conectividad y volver a la nube después.

TRABAJO EN ESTA TAREA: Desarrollar servicios del servidor.

CONTEXTO: complementa lo validado en Etapa 0 (PoC prototipo) y lo industrializado en Etapa 1 (Reportabilidad). Referencia: plataforma IoT ThingsBoard CE.
Periodo: diciembre 2026 – abril 2027.",Etapa 2 - Plataforma minera adicional,E2_THINGSBOARD_EXTENSION,Backlog,High,2027-03-23,2027-04-12,"INFRAESTRUCTURA,INTEGRACION,INTEGRACION",42,E2-D09-BE,"SYS, BACKEND 3, ARQ-Arquitecto TI / PMO",Etapa 2,E2,,Alta,Alto,Backend,0,S17,Marzo,Por etapa
Etapa 2: Operación en sitios desconectados (Edge) — Construir pantallas y controles,"CAPACIDAD A INTEGRAR:
Operación en sitios desconectados (Edge)

DESCRIPCIÓN: Sincronizar datos cuando la faena pierde conectividad y volver a la nube después.

TRABAJO EN ESTA TAREA: Construir pantallas y controles.

CONTEXTO: complementa lo validado en Etapa 0 (PoC prototipo) y lo industrializado en Etapa 1 (Reportabilidad). Referencia: plataforma IoT ThingsBoard CE.
Periodo: diciembre 2026 – abril 2027.",Etapa 2 - Plataforma minera adicional,E2_THINGSBOARD_EXTENSION,Backlog,High,2027-03-23,2027-04-12,"INFRAESTRUCTURA,INTEGRACION,INTEGRACION",24,E2-D09-FE,"FRONTEND 1, FRONTEND 2",Etapa 2,E2,,Alta,Medio,Frontend,0,S17,Marzo,Por etapa
Etapa 2: Operación en sitios desconectados (Edge) — Probar en escenarios de mina,"CAPACIDAD A INTEGRAR:
Operación en sitios desconectados (Edge)

DESCRIPCIÓN: Sincronizar datos cuando la faena pierde conectividad y volver a la nube después.

TRABAJO EN ESTA TAREA: Probar en escenarios de mina.

CONTEXTO: complementa lo validado en Etapa 0 (PoC prototipo) y lo industrializado en Etapa 1 (Reportabilidad). Referencia: plataforma IoT ThingsBoard CE.
Periodo: diciembre 2026 – abril 2027.",Etapa 2 - Plataforma minera adicional,E2_THINGSBOARD_EXTENSION,Backlog,Normal,2027-03-23,2027-04-12,"INFRAESTRUCTURA,INTEGRACION,INTEGRACION",16,E2-D09-QA,"QA, BACKEND 2",Etapa 2,E2,,Media,Medio,Calidad,0,S17,Marzo,Por etapa
Etapa 2: Operación en sitios desconectados (Edge) — Documentar operación y soporte,"CAPACIDAD A INTEGRAR:
Operación en sitios desconectados (Edge)

DESCRIPCIÓN: Sincronizar datos cuando la faena pierde conectividad y volver a la nube después.

TRABAJO EN ESTA TAREA: Documentar operación y soporte.

CONTEXTO: complementa lo validado en Etapa 0 (PoC prototipo) y lo industrializado en Etapa 1 (Reportabilidad). Referencia: plataforma IoT ThingsBoard CE.
Periodo: diciembre 2026 – abril 2027.",Etapa 2 - Plataforma minera adicional,E2_THINGSBOARD_EXTENSION,Backlog,Normal,2027-03-23,2027-04-12,"INFRAESTRUCTURA,INTEGRACION,INTEGRACION",8,E2-D09-DOC,"ARQ-Arquitecto TI / PMO, BACKEND 1",Etapa 2,E2,,Baja,Medio,Arquitectura,0,S17,Marzo,Por etapa
Etapa 2: Centro de notificaciones y escalamiento — Planificar integración y diseño,"CAPACIDAD A INTEGRAR:
Centro de notificaciones y escalamiento

DESCRIPCIÓN: Plantillas SMS, correo y chat; reglas de escalamiento por severidad.

TRABAJO EN ESTA TAREA: Planificar integración y diseño.

CONTEXTO: complementa lo validado en Etapa 0 (PoC prototipo) y lo industrializado en Etapa 1 (Reportabilidad). Referencia: plataforma IoT ThingsBoard CE.
Periodo: diciembre 2026 – abril 2027.",Etapa 2 - Plataforma minera adicional,E2_THINGSBOARD_EXTENSION,Backlog,High,2027-04-06,2027-04-26,"NOTIFICACIONES,INTEGRACION",16,E2-D10-AN,"ARQ-Arquitecto TI / PMO, BACKEND 1",Etapa 2,E2,,Alta,Alto,Arquitectura,0,S19,Abril,Por etapa
Etapa 2: Centro de notificaciones y escalamiento — Desarrollar servicios del servidor,"CAPACIDAD A INTEGRAR:
Centro de notificaciones y escalamiento

DESCRIPCIÓN: Plantillas SMS, correo y chat; reglas de escalamiento por severidad.

TRABAJO EN ESTA TAREA: Desarrollar servicios del servidor.

CONTEXTO: complementa lo validado en Etapa 0 (PoC prototipo) y lo industrializado en Etapa 1 (Reportabilidad). Referencia: plataforma IoT ThingsBoard CE.
Periodo: diciembre 2026 – abril 2027.",Etapa 2 - Plataforma minera adicional,E2_THINGSBOARD_EXTENSION,Backlog,High,2027-04-06,2027-04-26,"NOTIFICACIONES,INTEGRACION",40,E2-D10-BE,"BACKEND 3, FRONTEND 2",Etapa 2,E2,,Alta,Alto,Backend,0,S19,Abril,Por etapa
Etapa 2: Centro de notificaciones y escalamiento — Construir pantallas y controles,"CAPACIDAD A INTEGRAR:
Centro de notificaciones y escalamiento

DESCRIPCIÓN: Plantillas SMS, correo y chat; reglas de escalamiento por severidad.

TRABAJO EN ESTA TAREA: Construir pantallas y controles.

CONTEXTO: complementa lo validado en Etapa 0 (PoC prototipo) y lo industrializado en Etapa 1 (Reportabilidad). Referencia: plataforma IoT ThingsBoard CE.
Periodo: diciembre 2026 – abril 2027.",Etapa 2 - Plataforma minera adicional,E2_THINGSBOARD_EXTENSION,Backlog,High,2027-04-06,2027-04-26,"NOTIFICACIONES,INTEGRACION",24,E2-D10-FE,"FRONTEND 1, FRONTEND 2",Etapa 2,E2,,Alta,Medio,Frontend,0,S19,Abril,Por etapa
Etapa 2: Centro de notificaciones y escalamiento — Probar en escenarios de mina,"CAPACIDAD A INTEGRAR:
Centro de notificaciones y escalamiento

DESCRIPCIÓN: Plantillas SMS, correo y chat; reglas de escalamiento por severidad.

TRABAJO EN ESTA TAREA: Probar en escenarios de mina.

CONTEXTO: complementa lo validado en Etapa 0 (PoC prototipo) y lo industrializado en Etapa 1 (Reportabilidad). Referencia: plataforma IoT ThingsBoard CE.
Periodo: diciembre 2026 – abril 2027.",Etapa 2 - Plataforma minera adicional,E2_THINGSBOARD_EXTENSION,Backlog,Normal,2027-04-06,2027-04-26,"NOTIFICACIONES,INTEGRACION",16,E2-D10-QA,"QA, BACKEND 2",Etapa 2,E2,,Media,Medio,Calidad,0,S19,Abril,Por etapa
Etapa 2: Centro de notificaciones y escalamiento — Documentar operación y soporte,"CAPACIDAD A INTEGRAR:
Centro de notificaciones y escalamiento

DESCRIPCIÓN: Plantillas SMS, correo y chat; reglas de escalamiento por severidad.

TRABAJO EN ESTA TAREA: Documentar operación y soporte.

CONTEXTO: complementa lo validado en Etapa 0 (PoC prototipo) y lo industrializado en Etapa 1 (Reportabilidad). Referencia: plataforma IoT ThingsBoard CE.
Periodo: diciembre 2026 – abril 2027.",Etapa 2 - Plataforma minera adicional,E2_THINGSBOARD_EXTENSION,Backlog,Normal,2027-04-06,2027-04-26,"NOTIFICACIONES,INTEGRACION",8,E2-D10-DOC,"ARQ-Arquitecto TI / PMO, BACKEND 1",Etapa 2,E2,,Baja,Medio,Arquitectura,0,S19,Abril,Por etapa
Etapa 2: Biblioteca de widgets para tableros operativos — Planificar integración y diseño,"CAPACIDAD A INTEGRAR:
Biblioteca de widgets para tableros operativos

DESCRIPCIÓN: Gráficos, medidores, mapas, símbolos SCADA y tablas reutilizables.

TRABAJO EN ESTA TAREA: Planificar integración y diseño.

CONTEXTO: complementa lo validado en Etapa 0 (PoC prototipo) y lo industrializado en Etapa 1 (Reportabilidad). Referencia: plataforma IoT ThingsBoard CE.
Periodo: diciembre 2026 – abril 2027.",Etapa 2 - Plataforma minera adicional,E2_THINGSBOARD_EXTENSION,Backlog,High,2027-04-20,2027-04-30,"GERENCIA,EXPERIENCIA_USUARIO,INTEGRACION",16,E2-D11-AN,"ARQ-Arquitecto TI / PMO, BACKEND 1",Etapa 2,E2,,Alta,Alto,Arquitectura,0,S21,Abril,Por etapa
Etapa 2: Biblioteca de widgets para tableros operativos — Desarrollar servicios del servidor,"CAPACIDAD A INTEGRAR:
Biblioteca de widgets para tableros operativos

DESCRIPCIÓN: Gráficos, medidores, mapas, símbolos SCADA y tablas reutilizables.

TRABAJO EN ESTA TAREA: Desarrollar servicios del servidor.

CONTEXTO: complementa lo validado en Etapa 0 (PoC prototipo) y lo industrializado en Etapa 1 (Reportabilidad). Referencia: plataforma IoT ThingsBoard CE.
Periodo: diciembre 2026 – abril 2027.",Etapa 2 - Plataforma minera adicional,E2_THINGSBOARD_EXTENSION,Backlog,High,2027-04-20,2027-04-30,"GERENCIA,EXPERIENCIA_USUARIO,INTEGRACION",44,E2-D11-BE,"FRONTEND 1, FRONTEND 2, IA-ML",Etapa 2,E2,,Alta,Alto,Backend,0,S21,Abril,Por etapa
Etapa 2: Biblioteca de widgets para tableros operativos — Construir pantallas y controles,"CAPACIDAD A INTEGRAR:
Biblioteca de widgets para tableros operativos

DESCRIPCIÓN: Gráficos, medidores, mapas, símbolos SCADA y tablas reutilizables.

TRABAJO EN ESTA TAREA: Construir pantallas y controles.

CONTEXTO: complementa lo validado en Etapa 0 (PoC prototipo) y lo industrializado en Etapa 1 (Reportabilidad). Referencia: plataforma IoT ThingsBoard CE.
Periodo: diciembre 2026 – abril 2027.",Etapa 2 - Plataforma minera adicional,E2_THINGSBOARD_EXTENSION,Backlog,High,2027-04-20,2027-04-30,"GERENCIA,EXPERIENCIA_USUARIO,INTEGRACION",24,E2-D11-FE,"FRONTEND 1, FRONTEND 2",Etapa 2,E2,,Alta,Medio,Frontend,0,S21,Abril,Por etapa
Etapa 2: Biblioteca de widgets para tableros operativos — Probar en escenarios de mina,"CAPACIDAD A INTEGRAR:
Biblioteca de widgets para tableros operativos

DESCRIPCIÓN: Gráficos, medidores, mapas, símbolos SCADA y tablas reutilizables.

TRABAJO EN ESTA TAREA: Probar en escenarios de mina.

CONTEXTO: complementa lo validado en Etapa 0 (PoC prototipo) y lo industrializado en Etapa 1 (Reportabilidad). Referencia: plataforma IoT ThingsBoard CE.
Periodo: diciembre 2026 – abril 2027.",Etapa 2 - Plataforma minera adicional,E2_THINGSBOARD_EXTENSION,Backlog,Normal,2027-04-20,2027-04-30,"GERENCIA,EXPERIENCIA_USUARIO,INTEGRACION",16,E2-D11-QA,"QA, BACKEND 2",Etapa 2,E2,,Media,Medio,Calidad,0,S21,Abril,Por etapa
Etapa 2: Biblioteca de widgets para tableros operativos — Documentar operación y soporte,"CAPACIDAD A INTEGRAR:
Biblioteca de widgets para tableros operativos

DESCRIPCIÓN: Gráficos, medidores, mapas, símbolos SCADA y tablas reutilizables.

TRABAJO EN ESTA TAREA: Documentar operación y soporte.

CONTEXTO: complementa lo validado en Etapa 0 (PoC prototipo) y lo industrializado en Etapa 1 (Reportabilidad). Referencia: plataforma IoT ThingsBoard CE.
Periodo: diciembre 2026 – abril 2027.",Etapa 2 - Plataforma minera adicional,E2_THINGSBOARD_EXTENSION,Backlog,Normal,2027-04-20,2027-04-30,"GERENCIA,EXPERIENCIA_USUARIO,INTEGRACION",8,E2-D11-DOC,"ARQ-Arquitecto TI / PMO, BACKEND 1",Etapa 2,E2,,Baja,Medio,Arquitectura,0,S21,Abril,Por etapa
Etapa 2: Control de versiones de configuraciones — Planificar integración y diseño,"CAPACIDAD A INTEGRAR:
Control de versiones de configuraciones

DESCRIPCIÓN: Exportar, importar y versionar tableros y reglas como en un repositorio Git.

TRABAJO EN ESTA TAREA: Planificar integración y diseño.

CONTEXTO: complementa lo validado en Etapa 0 (PoC prototipo) y lo industrializado en Etapa 1 (Reportabilidad). Referencia: plataforma IoT ThingsBoard CE.
Periodo: diciembre 2026 – abril 2027.",Etapa 2 - Plataforma minera adicional,E2_THINGSBOARD_EXTENSION,Backlog,High,2027-04-20,2027-04-30,"INFRAESTRUCTURA,DOCUMENTACION,INTEGRACION",16,E2-D12-AN,"ARQ-Arquitecto TI / PMO, BACKEND 1",Etapa 2,E2,,Alta,Alto,Arquitectura,0,S21,Abril,Por etapa
Etapa 2: Control de versiones de configuraciones — Desarrollar servicios del servidor,"CAPACIDAD A INTEGRAR:
Control de versiones de configuraciones

DESCRIPCIÓN: Exportar, importar y versionar tableros y reglas como en un repositorio Git.

TRABAJO EN ESTA TAREA: Desarrollar servicios del servidor.

CONTEXTO: complementa lo validado en Etapa 0 (PoC prototipo) y lo industrializado en Etapa 1 (Reportabilidad). Referencia: plataforma IoT ThingsBoard CE.
Periodo: diciembre 2026 – abril 2027.",Etapa 2 - Plataforma minera adicional,E2_THINGSBOARD_EXTENSION,Backlog,High,2027-04-20,2027-04-30,"INFRAESTRUCTURA,DOCUMENTACION,INTEGRACION",38,E2-D12-BE,"SYS, ARQ-Arquitecto TI / PMO",Etapa 2,E2,,Alta,Alto,Backend,0,S21,Abril,Por etapa
Etapa 2: Control de versiones de configuraciones — Construir pantallas y controles,"CAPACIDAD A INTEGRAR:
Control de versiones de configuraciones

DESCRIPCIÓN: Exportar, importar y versionar tableros y reglas como en un repositorio Git.

TRABAJO EN ESTA TAREA: Construir pantallas y controles.

CONTEXTO: complementa lo validado en Etapa 0 (PoC prototipo) y lo industrializado en Etapa 1 (Reportabilidad). Referencia: plataforma IoT ThingsBoard CE.
Periodo: diciembre 2026 – abril 2027.",Etapa 2 - Plataforma minera adicional,E2_THINGSBOARD_EXTENSION,Backlog,High,2027-04-20,2027-04-30,"INFRAESTRUCTURA,DOCUMENTACION,INTEGRACION",24,E2-D12-FE,"FRONTEND 1, FRONTEND 2",Etapa 2,E2,,Alta,Medio,Frontend,0,S21,Abril,Por etapa
Etapa 2: Control de versiones de configuraciones — Probar en escenarios de mina,"CAPACIDAD A INTEGRAR:
Control de versiones de configuraciones

DESCRIPCIÓN: Exportar, importar y versionar tableros y reglas como en un repositorio Git.

TRABAJO EN ESTA TAREA: Probar en escenarios de mina.

CONTEXTO: complementa lo validado en Etapa 0 (PoC prototipo) y lo industrializado en Etapa 1 (Reportabilidad). Referencia: plataforma IoT ThingsBoard CE.
Periodo: diciembre 2026 – abril 2027.",Etapa 2 - Plataforma minera adicional,E2_THINGSBOARD_EXTENSION,Backlog,Normal,2027-04-20,2027-04-30,"INFRAESTRUCTURA,DOCUMENTACION,INTEGRACION",16,E2-D12-QA,"QA, BACKEND 2",Etapa 2,E2,,Media,Medio,Calidad,0,S21,Abril,Por etapa
Etapa 2: Control de versiones de configuraciones — Documentar operación y soporte,"CAPACIDAD A INTEGRAR:
Control de versiones de configuraciones

DESCRIPCIÓN: Exportar, importar y versionar tableros y reglas como en un repositorio Git.

TRABAJO EN ESTA TAREA: Documentar operación y soporte.

CONTEXTO: complementa lo validado en Etapa 0 (PoC prototipo) y lo industrializado en Etapa 1 (Reportabilidad). Referencia: plataforma IoT ThingsBoard CE.
Periodo: diciembre 2026 – abril 2027.",Etapa 2 - Plataforma minera adicional,E2_THINGSBOARD_EXTENSION,Backlog,Normal,2027-04-20,2027-04-30,"INFRAESTRUCTURA,DOCUMENTACION,INTEGRACION",8,E2-D12-DOC,"ARQ-Arquitecto TI / PMO, BACKEND 1",Etapa 2,E2,,Baja,Medio,Arquitectura,0,S21,Abril,Por etapa
"Etapa 2: Cuotas de API, límites y auditoría enterprise — Planificar integración y diseño","CAPACIDAD A INTEGRAR:
Cuotas de API, límites y auditoría enterprise

DESCRIPCIÓN: Control de uso por tenant, trazabilidad de cambios para cumplimiento.

TRABAJO EN ESTA TAREA: Planificar integración y diseño.

CONTEXTO: complementa lo validado en Etapa 0 (PoC prototipo) y lo industrializado en Etapa 1 (Reportabilidad). Referencia: plataforma IoT ThingsBoard CE.
Periodo: diciembre 2026 – abril 2027.",Etapa 2 - Plataforma minera adicional,E2_THINGSBOARD_EXTENSION,Backlog,High,2027-04-20,2027-04-30,"SEGURIDAD,DOCUMENTACION,INTEGRACION",16,E2-D13-AN,"ARQ-Arquitecto TI / PMO, BACKEND 1",Etapa 2,E2,,Alta,Alto,Arquitectura,0,S21,Abril,Por etapa
"Etapa 2: Cuotas de API, límites y auditoría enterprise — Desarrollar servicios del servidor","CAPACIDAD A INTEGRAR:
Cuotas de API, límites y auditoría enterprise

DESCRIPCIÓN: Control de uso por tenant, trazabilidad de cambios para cumplimiento.

TRABAJO EN ESTA TAREA: Desarrollar servicios del servidor.

CONTEXTO: complementa lo validado en Etapa 0 (PoC prototipo) y lo industrializado en Etapa 1 (Reportabilidad). Referencia: plataforma IoT ThingsBoard CE.
Periodo: diciembre 2026 – abril 2027.",Etapa 2 - Plataforma minera adicional,E2_THINGSBOARD_EXTENSION,Backlog,High,2027-04-20,2027-04-30,"SEGURIDAD,DOCUMENTACION,INTEGRACION",40,E2-D13-BE,"BACKEND 2, ARQ-Arquitecto TI / PMO",Etapa 2,E2,,Alta,Alto,Backend,0,S21,Abril,Por etapa
"Etapa 2: Cuotas de API, límites y auditoría enterprise — Construir pantallas y controles","CAPACIDAD A INTEGRAR:
Cuotas de API, límites y auditoría enterprise

DESCRIPCIÓN: Control de uso por tenant, trazabilidad de cambios para cumplimiento.

TRABAJO EN ESTA TAREA: Construir pantallas y controles.

CONTEXTO: complementa lo validado en Etapa 0 (PoC prototipo) y lo industrializado en Etapa 1 (Reportabilidad). Referencia: plataforma IoT ThingsBoard CE.
Periodo: diciembre 2026 – abril 2027.",Etapa 2 - Plataforma minera adicional,E2_THINGSBOARD_EXTENSION,Backlog,High,2027-04-20,2027-04-30,"SEGURIDAD,DOCUMENTACION,INTEGRACION",24,E2-D13-FE,"FRONTEND 1, FRONTEND 2",Etapa 2,E2,,Alta,Medio,Frontend,0,S21,Abril,Por etapa
"Etapa 2: Cuotas de API, límites y auditoría enterprise — Probar en escenarios de mina","CAPACIDAD A INTEGRAR:
Cuotas de API, límites y auditoría enterprise

DESCRIPCIÓN: Control de uso por tenant, trazabilidad de cambios para cumplimiento.

TRABAJO EN ESTA TAREA: Probar en escenarios de mina.

CONTEXTO: complementa lo validado en Etapa 0 (PoC prototipo) y lo industrializado en Etapa 1 (Reportabilidad). Referencia: plataforma IoT ThingsBoard CE.
Periodo: diciembre 2026 – abril 2027.",Etapa 2 - Plataforma minera adicional,E2_THINGSBOARD_EXTENSION,Backlog,Normal,2027-04-20,2027-04-30,"SEGURIDAD,DOCUMENTACION,INTEGRACION",16,E2-D13-QA,"QA, BACKEND 2",Etapa 2,E2,,Media,Medio,Calidad,0,S21,Abril,Por etapa
"Etapa 2: Cuotas de API, límites y auditoría enterprise — Documentar operación y soporte","CAPACIDAD A INTEGRAR:
Cuotas de API, límites y auditoría enterprise

DESCRIPCIÓN: Control de uso por tenant, trazabilidad de cambios para cumplimiento.

TRABAJO EN ESTA TAREA: Documentar operación y soporte.

CONTEXTO: complementa lo validado en Etapa 0 (PoC prototipo) y lo industrializado en Etapa 1 (Reportabilidad). Referencia: plataforma IoT ThingsBoard CE.
Periodo: diciembre 2026 – abril 2027.",Etapa 2 - Plataforma minera adicional,E2_THINGSBOARD_EXTENSION,Backlog,Normal,2027-04-20,2027-04-30,"SEGURIDAD,DOCUMENTACION,INTEGRACION",8,E2-D13-DOC,"ARQ-Arquitecto TI / PMO, BACKEND 1",Etapa 2,E2,,Baja,Medio,Arquitectura,0,S21,Abril,Por etapa
Etapa 2: Reglas con inteligencia artificial en el flujo IoT — Planificar integración y diseño,"CAPACIDAD A INTEGRAR:
Reglas con inteligencia artificial en el flujo IoT

DESCRIPCIÓN: Nodos de IA que analizan eventos en tiempo real e integran modelos AURIXA.

TRABAJO EN ESTA TAREA: Planificar integración y diseño.

CONTEXTO: complementa lo validado en Etapa 0 (PoC prototipo) y lo industrializado en Etapa 1 (Reportabilidad). Referencia: plataforma IoT ThingsBoard CE.
Periodo: diciembre 2026 – abril 2027.",Etapa 2 - Plataforma minera adicional,E2_THINGSBOARD_EXTENSION,Backlog,High,2027-04-20,2027-04-30,"INTELIGENCIA_ARTIFICIAL,INTEGRACION",16,E2-D14-AN,"ARQ-Arquitecto TI / PMO, BACKEND 1",Etapa 2,E2,,Alta,Alto,Arquitectura,0,S21,Abril,Por etapa
Etapa 2: Reglas con inteligencia artificial en el flujo IoT — Desarrollar servicios del servidor,"CAPACIDAD A INTEGRAR:
Reglas con inteligencia artificial en el flujo IoT

DESCRIPCIÓN: Nodos de IA que analizan eventos en tiempo real e integran modelos AURIXA.

TRABAJO EN ESTA TAREA: Desarrollar servicios del servidor.

CONTEXTO: complementa lo validado en Etapa 0 (PoC prototipo) y lo industrializado en Etapa 1 (Reportabilidad). Referencia: plataforma IoT ThingsBoard CE.
Periodo: diciembre 2026 – abril 2027.",Etapa 2 - Plataforma minera adicional,E2_THINGSBOARD_EXTENSION,Backlog,High,2027-04-20,2027-04-30,"INTELIGENCIA_ARTIFICIAL,INTEGRACION",40,E2-D14-BE,"IA-ML, BACKEND 2",Etapa 2,E2,,Alta,Alto,Backend,0,S21,Abril,Por etapa
Etapa 2: Reglas con inteligencia artificial en el flujo IoT — Construir pantallas y controles,"CAPACIDAD A INTEGRAR:
Reglas con inteligencia artificial en el flujo IoT

DESCRIPCIÓN: Nodos de IA que analizan eventos en tiempo real e integran modelos AURIXA.

TRABAJO EN ESTA TAREA: Construir pantallas y controles.

CONTEXTO: complementa lo validado en Etapa 0 (PoC prototipo) y lo industrializado en Etapa 1 (Reportabilidad). Referencia: plataforma IoT ThingsBoard CE.
Periodo: diciembre 2026 – abril 2027.",Etapa 2 - Plataforma minera adicional,E2_THINGSBOARD_EXTENSION,Backlog,High,2027-04-20,2027-04-30,"INTELIGENCIA_ARTIFICIAL,INTEGRACION",24,E2-D14-FE,"FRONTEND 1, FRONTEND 2",Etapa 2,E2,,Alta,Medio,Frontend,0,S21,Abril,Por etapa
Etapa 2: Reglas con inteligencia artificial en el flujo IoT — Probar en escenarios de mina,"CAPACIDAD A INTEGRAR:
Reglas con inteligencia artificial en el flujo IoT

DESCRIPCIÓN: Nodos de IA que analizan eventos en tiempo real e integran modelos AURIXA.

TRABAJO EN ESTA TAREA: Probar en escenarios de mina.

CONTEXTO: complementa lo validado en Etapa 0 (PoC prototipo) y lo industrializado en Etapa 1 (Reportabilidad). Referencia: plataforma IoT ThingsBoard CE.
Periodo: diciembre 2026 – abril 2027.",Etapa 2 - Plataforma minera adicional,E2_THINGSBOARD_EXTENSION,Backlog,Normal,2027-04-20,2027-04-30,"INTELIGENCIA_ARTIFICIAL,INTEGRACION",16,E2-D14-QA,"QA, BACKEND 2",Etapa 2,E2,,Media,Medio,Calidad,0,S21,Abril,Por etapa
Etapa 2: Reglas con inteligencia artificial en el flujo IoT — Documentar operación y soporte,"CAPACIDAD A INTEGRAR:
Reglas con inteligencia artificial en el flujo IoT

DESCRIPCIÓN: Nodos de IA que analizan eventos en tiempo real e integran modelos AURIXA.

TRABAJO EN ESTA TAREA: Documentar operación y soporte.

CONTEXTO: complementa lo validado en Etapa 0 (PoC prototipo) y lo industrializado en Etapa 1 (Reportabilidad). Referencia: plataforma IoT ThingsBoard CE.
Periodo: diciembre 2026 – abril 2027.",Etapa 2 - Plataforma minera adicional,E2_THINGSBOARD_EXTENSION,Backlog,Normal,2027-04-20,2027-04-30,"INTELIGENCIA_ARTIFICIAL,INTEGRACION",8,E2-D14-DOC,"ARQ-Arquitecto TI / PMO, BACKEND 1",Etapa 2,E2,,Baja,Medio,Arquitectura,0,S21,Abril,Por etapa
Etapa 2: Apps móviles de campo y onboarding por QR — Planificar integración y diseño,"CAPACIDAD A INTEGRAR:
Apps móviles de campo y onboarding por QR

DESCRIPCIÓN: Operadores en terreno con tablet; registro rápido de equipos escaneando código.

TRABAJO EN ESTA TAREA: Planificar integración y diseño.

CONTEXTO: complementa lo validado en Etapa 0 (PoC prototipo) y lo industrializado en Etapa 1 (Reportabilidad). Referencia: plataforma IoT ThingsBoard CE.
Periodo: diciembre 2026 – abril 2027.",Etapa 2 - Plataforma minera adicional,E2_THINGSBOARD_EXTENSION,Backlog,High,2027-04-20,2027-04-30,"EXPERIENCIA_USUARIO,SOPORTE,INTEGRACION",16,E2-D15-AN,"ARQ-Arquitecto TI / PMO, BACKEND 1",Etapa 2,E2,,Alta,Alto,Arquitectura,0,S21,Abril,Por etapa
Etapa 2: Apps móviles de campo y onboarding por QR — Desarrollar servicios del servidor,"CAPACIDAD A INTEGRAR:
Apps móviles de campo y onboarding por QR

DESCRIPCIÓN: Operadores en terreno con tablet; registro rápido de equipos escaneando código.

TRABAJO EN ESTA TAREA: Desarrollar servicios del servidor.

CONTEXTO: complementa lo validado en Etapa 0 (PoC prototipo) y lo industrializado en Etapa 1 (Reportabilidad). Referencia: plataforma IoT ThingsBoard CE.
Periodo: diciembre 2026 – abril 2027.",Etapa 2 - Plataforma minera adicional,E2_THINGSBOARD_EXTENSION,Backlog,High,2027-04-20,2027-04-30,"EXPERIENCIA_USUARIO,SOPORTE,INTEGRACION",38,E2-D15-BE,"FRONTEND 2, BACKEND 3",Etapa 2,E2,,Alta,Alto,Backend,0,S21,Abril,Por etapa
Etapa 2: Apps móviles de campo y onboarding por QR — Construir pantallas y controles,"CAPACIDAD A INTEGRAR:
Apps móviles de campo y onboarding por QR

DESCRIPCIÓN: Operadores en terreno con tablet; registro rápido de equipos escaneando código.

TRABAJO EN ESTA TAREA: Construir pantallas y controles.

CONTEXTO: complementa lo validado en Etapa 0 (PoC prototipo) y lo industrializado en Etapa 1 (Reportabilidad). Referencia: plataforma IoT ThingsBoard CE.
Periodo: diciembre 2026 – abril 2027.",Etapa 2 - Plataforma minera adicional,E2_THINGSBOARD_EXTENSION,Backlog,High,2027-04-20,2027-04-30,"EXPERIENCIA_USUARIO,SOPORTE,INTEGRACION",24,E2-D15-FE,"FRONTEND 1, FRONTEND 2",Etapa 2,E2,,Alta,Medio,Frontend,0,S21,Abril,Por etapa
Etapa 2: Apps móviles de campo y onboarding por QR — Probar en escenarios de mina,"CAPACIDAD A INTEGRAR:
Apps móviles de campo y onboarding por QR

DESCRIPCIÓN: Operadores en terreno con tablet; registro rápido de equipos escaneando código.

TRABAJO EN ESTA TAREA: Probar en escenarios de mina.

CONTEXTO: complementa lo validado en Etapa 0 (PoC prototipo) y lo industrializado en Etapa 1 (Reportabilidad). Referencia: plataforma IoT ThingsBoard CE.
Periodo: diciembre 2026 – abril 2027.",Etapa 2 - Plataforma minera adicional,E2_THINGSBOARD_EXTENSION,Backlog,Normal,2027-04-20,2027-04-30,"EXPERIENCIA_USUARIO,SOPORTE,INTEGRACION",16,E2-D15-QA,"QA, BACKEND 2",Etapa 2,E2,,Media,Medio,Calidad,0,S21,Abril,Por etapa
Etapa 2: Apps móviles de campo y onboarding por QR — Documentar operación y soporte,"CAPACIDAD A INTEGRAR:
Apps móviles de campo y onboarding por QR

DESCRIPCIÓN: Operadores en terreno con tablet; registro rápido de equipos escaneando código.

TRABAJO EN ESTA TAREA: Documentar operación y soporte.

CONTEXTO: complementa lo validado en Etapa 0 (PoC prototipo) y lo industrializado en Etapa 1 (Reportabilidad). Referencia: plataforma IoT ThingsBoard CE.
Periodo: diciembre 2026 – abril 2027.",Etapa 2 - Plataforma minera adicional,E2_THINGSBOARD_EXTENSION,Backlog,Normal,2027-04-20,2027-04-30,"EXPERIENCIA_USUARIO,SOPORTE,INTEGRACION",8,E2-D15-DOC,"ARQ-Arquitecto TI / PMO, BACKEND 1",Etapa 2,E2,,Baja,Medio,Arquitectura,0,S21,Abril,Por etapa
