Task Name,Task Description,List Name,Status,Priority,Start Date,Due Date,Tags,Time Estimate,Task ID,Recurso,Release,Depends On,Complejidad,Riesgo,Stream,Ambiente,Sprint,Mes Calendario,Carga Mes Porcentaje,Tipo Metodologia
Revisión semanal de arquitectura con equipo técnico,"Sesión semanal donde el Arquitecto TI revisa avance técnico, resuelve impedimentos de diseño, valida decisiones técnicas y asegura alineación del equipo con la arquitectura aprobada. 1h semanal × 26 semanas.",PMO_Seguimiento,Backlog,High,2026-06-01,2026-06-30,"ARQUITECTURA,GESTION_PROYECTO",52,ARQ-G01,"ARQ-Arquitecto TI / PMO, Soporte PMO — Analista Funcional y Documentador",R1,,Baja,Bajo,Arquitectura,Desarrollo,S1-S3,Transversal,97.9,PMO — Gobierno
Reportes semanales de avance a Gerencia General,"Elaboración y presentación del reporte semanal de avance del proyecto: porcentaje de completitud por fase, riesgos activos, presupuesto ejecutado, hitos alcanzados. Formato ejecutivo de 1 página para Directorio.",PMO_Seguimiento,Backlog,High,2026-07-01,2026-07-31,"GESTION_PROYECTO,GERENCIA,DOCUMENTACION",26,ARQ-G02,"Soporte PMO — Analista Funcional y Documentador, ARQ-Arquitecto TI / PMO",R1,,Baja,Medio,Arquitectura,Desarrollo,S3-S5,Transversal,93.6,PMO — Gobierno
Actualización quincenal del cronograma maestro en ClickUp,"Cada 2 semanas, el Arquitecto TI actualiza el cronograma en ClickUp: re-estima tareas, ajusta dependencias, rebalancea carga de recursos, actualiza fechas de milestones según avance real.",PMO_Seguimiento,Backlog,High,2026-08-03,2026-08-31,"GESTION_PROYECTO,DOCUMENTACION",26,ARQ-G03,Soporte PMO — Analista Funcional y Documentador,R1,,Media,Medio,Arquitectura,Desarrollo,S5-S7,Transversal,96.9,PMO — Gobierno
Gestión de stakeholders y comunicación ejecutiva,"Coordinación continua con Gerencia Minera, Gerencia de TI y Directorio: gestión de expectativas, resolución de conflictos de prioridades, aprobaciones pendientes, comunicación de cambios de alcance.",PMO_Seguimiento,Backlog,High,2026-08-03,2026-09-30,"GESTION_PROYECTO,GERENCIA",40,ARQ-G04,"Soporte PMO — Analista Funcional y Documentador, ARQ-Arquitecto TI / PMO",R1,,Media,Alto,Arquitectura,Desarrollo,S5-S9,Transversal,96.9,PMO — Gobierno
Architecture Decision Records (ADR) por sprint,"Documentación formal de cada decisión arquitectónica importante: problema, alternativas evaluadas, decisión tomada, consecuencias. Un ADR por sprint mínimo. Registro vivo consultable por todo el equipo.",PMO_Seguimiento,Backlog,Normal,2026-06-01,2026-09-30,"ARQUITECTURA,DOCUMENTACION",26,ARQ-G05,"ARQ-Arquitecto TI / PMO, BACKEND 2 — Ciberseguridad Backend (JWT/RBAC/OWASP)",R1,,Media,Bajo,Arquitectura,Desarrollo,S1-S9,Transversal,97.9,PMO — Gobierno
Revisiones de Production Readiness por release,"Antes de cada release (R1-R6), el Arquitecto TI lidera la revisión de preparación: checklist de calidad, seguridad, rendimiento, documentación, plan de rollback. Gate de aprobación obligatorio.",PMO_Seguimiento,Backlog,Urgent,2026-10-01,2026-11-02,"ARQUITECTURA,CRITICO,GESTION_PROYECTO",24,ARQ-G06,ARQ-Arquitecto TI / PMO,R1,,Media,Alto,Arquitectura,Desarrollo,S9-S12,Transversal,91.6,PMO — Gobierno
Control presupuestal y tracking de costos del proyecto,"Seguimiento mensual del presupuesto: costos reales vs estimados por recurso, costos de infraestructura, licencias, equipamiento. Alerta temprana de desviaciones >10%. Reporte a Gerencia Financiera.",PMO_Seguimiento,Backlog,Normal,2026-10-01,2026-11-02,"GESTION_PROYECTO,DOCUMENTACION",26,ARQ-G07,Soporte PMO — Analista Funcional y Documentador,R1,,Baja,Medio,Arquitectura,Desarrollo,S9-S12,Transversal,96.0,PMO — Gobierno
Proceso de gestión de cambios (Change Management),"Establecer y operar el proceso formal de gestión de cambios: solicitud, evaluación de impacto, aprobación, implementación. Todo cambio de alcance, tecnología o timeline pasa por este proceso.",PMO_Seguimiento,Backlog,High,2026-11-02,2026-11-30,"GESTION_PROYECTO,DOCUMENTACION",24,ARQ-G08,"Soporte PMO — Analista Funcional y Documentador, ARQ-Arquitecto TI / PMO",R1,,Media,Alto,Arquitectura,Desarrollo,S12-S13,Transversal,90.0,PMO — Gobierno
Mentoring técnico y transferencia de conocimiento al equipo,"Sesiones de mentoría del Arquitecto TI hacia el equipo: buenas prácticas C++, patrones de diseño, revisión de código arquitectónico, pair programming en problemas complejos. 2h/semana.",PMO_Seguimiento,Backlog,Normal,2026-07-01,2026-11-30,"ARQUITECTURA,DOCUMENTACION",46,ARQ-G09,"ARQ-Arquitecto TI / PMO, IA-ML — Modelos e Inteligencia Artificial (desde mes 2), Soporte PMO — Analista Funcional y Documentador",R1,,Baja,Bajo,Arquitectura,Desarrollo,S3-S13,Transversal,94.3,PMO — Gobierno
Gestión de proveedores datacenter Lima y licencias,"Coordinación con proveedores del datacenter en Lima: contratos, SLAs, escalamientos, gestión de licencias de software, negociación de condiciones técnicas.",PMO_Seguimiento,Backlog,Normal,2026-07-01,2026-09-30,"GESTION_PROYECTO,INFRAESTRUCTURA",24,ARQ-G10,"Soporte PMO — Analista Funcional y Documentador, ARQ-Arquitecto TI / PMO",R2,,Media,Medio,Arquitectura,Desarrollo,S3-S9,Transversal,93.6,PMO — Gobierno
Auditoría final de cumplimiento arquitectura vs SOW y requisitos mineros,"Revisión formal de que la plataforma cumple arquitectura aprobada, requisitos del SOW, normativa minera y OWASP. Matriz de trazabilidad requisito→entregable. QA valida evidencias.",MES6_NOVIEMBRE_GoLive,Backlog,High,2026-11-02,2026-11-30,"ARQUITECTURA,DOCUMENTACION,CRITICO",31,ARQ-G12,"ARQ-Arquitecto TI / PMO, QA-Calidad (desde mes 2)",R6,ARQ-G06,Media,Alto,Arquitectura,Desarrollo,S12-S13,Noviembre,90.1,Agile — Desarrollo por Sprint
Auditoría de seguridad por sprint (revisión quincenal),"Revisión de seguridad recurrente cada sprint: nuevo código, nuevos endpoints, nuevas dependencias. Checklist OWASP, análisis de dependencias (CVE), revisión de secrets, validación de permisos.",MES2_JULIO_Core_Seguridad,Backlog,High,2026-07-01,2026-07-31,"SEGURIDAD,PRUEBAS_CALIDAD",49,BE2-S01,"BACKEND 2 — Ciberseguridad Backend (JWT/RBAC/OWASP), SYS-Infraestructura, BACKEND 1 — DBA / Arq. Datos y Core",R2,,Media,Alto,Backend,Desarrollo,S3-S5,Julio,90.0,Agile — Desarrollo por Sprint
Escaneo automatizado de vulnerabilidades en dependencias,"Configuración de escaneo automático de vulnerabilidades en dependencias C++ (vcpkg), Python (pip), JavaScript (npm). Integración en CI/CD. Alerta y bloqueo de builds con CVEs críticos.",MES2_JULIO_Core_Seguridad,Backlog,High,2026-07-01,2026-07-31,"SEGURIDAD,INFRAESTRUCTURA",31,BE2-S02,BACKEND 2 — Ciberseguridad Backend (JWT/RBAC/OWASP),R2,,Alta,Alto,Backend,Desarrollo,S3-S5,Julio,90.0,Agile — Desarrollo por Sprint
Proteccion contra ataques: filtro de datos maliciosos en formularios y editor,"Sistema centralizado que filtra y bloquea datos peligrosos que un atacante podria enviar al sistema: inyeccion de codigo en formularios, scripts maliciosos en el editor de informes, manipulacion de peticiones. Cada dato que entra al sistema pasa por este filtro antes de procesarse.",MES3_AGOSTO_UX_Sensores,Backlog,Urgent,2026-08-03,2026-08-31,"SEGURIDAD,DATOS,EDITOR_INFORMES",31,BE2-S05,BACKEND 2 — Ciberseguridad Backend (JWT/RBAC/OWASP),R3,,Alta,Alto,Backend,Desarrollo,S5-S7,Agosto,90.0,Agile — Desarrollo por Sprint
"Configuración de headers de seguridad HTTP (CORS, CSP, HSTS)","Implementación de todos los headers de seguridad: Content-Security-Policy, Strict-Transport-Security, X-Content-Type-Options, X-Frame-Options, CORS restrictivo. Configuración por ambiente.",MES3_AGOSTO_UX_Sensores,Backlog,High,2026-08-03,2026-08-31,"SEGURIDAD,INFRAESTRUCTURA",16,BE2-S06,BACKEND 2 — Ciberseguridad Backend (JWT/RBAC/OWASP),R3,,Media,Medio,Backend,Desarrollo,S5-S7,Agosto,90.0,Agile — Desarrollo por Sprint
Documentación de compliance minero y protección de datos personales,"Documentación de cumplimiento: política de privacidad, tratamiento de datos biométricos (ley de protección de datos Perú), retención de datos, acceso a información, derecho al olvido. Requerido por legal.",MES4_SEPTIEMBRE_Integracion_QA,Backlog,High,2026-09-01,2026-09-30,"SEGURIDAD,DOCUMENTACION",32,BE2-S07,"BACKEND 2 — Ciberseguridad Backend (JWT/RBAC/OWASP), ARQ-Arquitecto TI / PMO",R4,,Media,Alto,Backend,Desarrollo,S7-S9,Septiembre,96.1,Agile — Desarrollo por Sprint
Monitoreo de seguridad y alertas (SIEM básico),"Stack básico de SIEM: recolección de logs de seguridad, correlación de eventos, alertas de anomalías (múltiples intentos de login fallidos, acceso desde IP inusual, escalación de privilegios). Dashboard de seguridad.",MES5_OCTUBRE_Optimizacion,Backlog,High,2026-10-01,2026-11-02,"SEGURIDAD,INFRAESTRUCTURA",39,BE2-S09,BACKEND 2 — Ciberseguridad Backend (JWT/RBAC/OWASP),R5,,Alta,Alto,Backend,Desarrollo,S9-S12,Octubre,92.1,Agile — Desarrollo por Sprint
Hardening de contenedores Docker (security scanning),"Seguridad de contenedores: imagen base mínima (distroless), escaneo de imágenes (Trivy), no root, read-only filesystem, seccomp profiles, network policies. Checklist de seguridad por contenedor.",MES5_OCTUBRE_Optimizacion,Backlog,High,2026-11-02,2026-11-16,"SEGURIDAD,INFRAESTRUCTURA",31,BE2-S10,BACKEND 2 — Ciberseguridad Backend (JWT/RBAC/OWASP),R5,,Alta,Alto,Backend,Desarrollo,S12-S13,Octubre,90.0,Agile — Desarrollo por Sprint
Playbook de respuesta a incidentes de seguridad,"Documento operativo: qué hacer en caso de brecha de seguridad, acceso no autorizado, ransomware, DDoS. Roles, contactos, pasos de contención, comunicación, evidencia forense. Simulacro incluido.",MES5_OCTUBRE_Optimizacion,Backlog,High,2026-09-21,2026-09-30,"SEGURIDAD,INFRAESTRUCTURA,DOCUMENTACION",24,BE2-S11,"BACKEND 2 — Ciberseguridad Backend (JWT/RBAC/OWASP), ARQ-Arquitecto TI / PMO",R5,,Media,Alto,Backend,Desarrollo,S9,Octubre,96.1,Agile — Desarrollo por Sprint
Encriptación de backups y verificación de integridad,Todos los backups se encriptan con AES-256-GCM antes del almacenamiento. Verificación de integridad con SHA-256 checksums. Testing mensual de restauración desde backup encriptado. Chain of custody documentada.,MES5_OCTUBRE_Optimizacion,Backlog,High,2026-09-21,2026-11-16,"SEGURIDAD,INFRAESTRUCTURA",19,BE2-S12,"BACKEND 1 — DBA / Arq. Datos y Core, BACKEND 2 — Ciberseguridad Backend (JWT/RBAC/OWASP)",R5,,Alta,Alto,Backend,Desarrollo,S9-S13,Octubre,90.0,Agile — Desarrollo por Sprint
Capacitación de seguridad al equipo de desarrollo,"Sesión de capacitación sobre desarrollo seguro: OWASP Top 10, manejo seguro de secrets, revisión de código seguro, principio de mínimo privilegio. 2 sesiones de 4h para todo el equipo.",MES5_OCTUBRE_Optimizacion,Backlog,Normal,2026-11-02,2026-11-16,"SEGURIDAD,DOCUMENTACION",16,BE2-S13,BACKEND 2 — Ciberseguridad Backend (JWT/RBAC/OWASP),R5,,Baja,Bajo,Backend,Desarrollo,S12-S13,Octubre,90.0,Agile — Desarrollo por Sprint
Testing de recuperación ante ataques simulados,"Simulacros controlados de seguridad: ataque de saturacion simulado (verificar proteccion contra sobrecarga), intento de inyeccion de codigo (verificar filtros de seguridad), intento de acceso no autorizado (verificar permisos por rol), acceso con credenciales comprometidas (verificar bloqueo automatico).",MES6_NOVIEMBRE_GoLive,Backlog,High,2026-11-02,2026-11-30,"SEGURIDAD,PRUEBAS_CALIDAD",31,BE2-S14,"BACKEND 2 — Ciberseguridad Backend (JWT/RBAC/OWASP), QA-Calidad (desde mes 2)",R6,BE2-S11,Alta,Alto,Backend,Desarrollo,S12-S13,Noviembre,90.0,Agile — Desarrollo por Sprint
Auditoría de seguridad final pre-GoLive,"Auditoría de seguridad completa antes del lanzamiento: pentesting externo, revisión de configuraciones, verificación de encriptación, validación de permisos, escaneo de vulnerabilidades final. Go/NoGo de seguridad.",MES6_NOVIEMBRE_GoLive,Backlog,Urgent,2026-11-02,2026-11-30,"SEGURIDAD,CRITICO",32,BE2-S15,"BACKEND 2 — Ciberseguridad Backend (JWT/RBAC/OWASP), ARQ-Arquitecto TI / PMO",R6,,Alta,Alto,Backend,Desarrollo,S12-S13,Noviembre,90.0,Agile — Desarrollo por Sprint
Gestión segura de secretos y credenciales (HashiCorp Vault),"Implementación de vault para gestión centralizada de secretos: API keys, contraseñas de BD, certificados. Acceso por políticas, rotación automática, auditoría de accesos. Eliminación de secrets en código/configs.",MES3_AGOSTO_UX_Sensores,Backlog,High,2026-07-27,2026-08-03,"SEGURIDAD,INFRAESTRUCTURA",31,BE2-S16,BACKEND 2 — Ciberseguridad Backend (JWT/RBAC/OWASP),R3,,Alta,Alto,Backend,Desarrollo,S5,Agosto,90.0,Agile — Desarrollo por Sprint
Revision de seguridad de servicios de terceros integrados,"Auditoria de seguridad de cada servicio externo integrado (SMS gateway, servicios de correo, APIs de notificacion): verificar autenticacion, cifrado en transito, validacion de certificados, manejo de tokens, tiempos de espera. Documentar riesgos de cada integracion.",MES4_SEPTIEMBRE_Integracion_QA,Backlog,High,2026-08-24,2026-09-30,"SEGURIDAD,INTEGRACION",32,BE2-S17,"BACKEND 2 — Ciberseguridad Backend (JWT/RBAC/OWASP), BACKEND 3 — Integraciones",R4,,Alta,Alto,Backend,Desarrollo,S7-S9,Septiembre,90.0,Agile — Desarrollo por Sprint
Testing de penetración interno (preparación pre-auditoría),"Pentesting interno usando herramientas automatizadas (OWASP ZAP, Burp Suite): escaneo de endpoints, fuzzing de inputs, testing de autenticación/autorización, análisis de cookies/tokens. Reporte con hallazgos.",MES5_OCTUBRE_Optimizacion,Backlog,High,2026-09-21,2026-09-30,"SEGURIDAD,PRUEBAS_CALIDAD",39,BE2-S18,BACKEND 2 — Ciberseguridad Backend (JWT/RBAC/OWASP),R5,,Alta,Alto,Backend,Desarrollo,S9,Octubre,96.1,Agile — Desarrollo por Sprint
Monitoreo de seguridad en producción durante marcha blanca,"Vigilancia activa de seguridad durante las primeras semanas en produccion: revision de registros de acceso, deteccion de patrones anomalos, verificacion de limites de peticiones, validacion de controles de acceso activos.",MES6_NOVIEMBRE_GoLive,Backlog,Urgent,2026-11-02,2026-11-30,"SEGURIDAD,PRODUCCION",46,BE2-S19,"BACKEND 2 — Ciberseguridad Backend (JWT/RBAC/OWASP), SYS-Infraestructura, QA-Calidad (desde mes 2)",R6,,Media,Alto,Backend,Desarrollo,S12-S13,Noviembre,90.0,Agile — Desarrollo por Sprint
Monitoreo de salud de integraciones (health dashboard),"Dashboard de monitoreo que muestra el estado de cada integración: API legacy (up/down/degraded), Kafka (lag, throughput), ETL (última ejecución, errores), WebSocket (conexiones activas). Alertas automáticas.",MES3_AGOSTO_UX_Sensores,Backlog,High,2026-07-27,2026-08-03,"INTEGRACION,INFRAESTRUCTURA",32,BE3-I02,BACKEND 3 — Integraciones,R3,,Alta,Medio,Backend,Desarrollo,S5,Agosto,98.9,Agile — Desarrollo por Sprint
Sistema centralizado de deteccion y alerta de errores del sistema,"Herramienta que captura automaticamente cualquier error que ocurra en el servidor o en la pantalla de los usuarios. Los errores se agrupan por tipo, se muestra donde ocurrieron, y se envia alerta automatica al equipo de desarrollo. Panel de control con lista de errores ordenados por gravedad.",MES3_AGOSTO_UX_Sensores,Backlog,High,2026-08-03,2026-08-31,"INTEGRACION,INFRAESTRUCTURA",32,BE3-I03,BACKEND 3 — Integraciones,R3,,Alta,Medio,Backend,Desarrollo,S5-S7,Agosto,91.6,Agile — Desarrollo por Sprint
Agregación centralizada de logs (ELK/Loki),"Stack de logs centralizado: recolección de logs de todos los servicios (backend, frontend, DB, Kafka), almacenamiento centralizado, búsqueda, correlación por request-id. Retención 30 días. Dashboard en Grafana.",MES3_AGOSTO_UX_Sensores,Backlog,High,2026-07-27,2026-08-31,"INTEGRACION,INFRAESTRUCTURA",39,BE3-I04,"BACKEND 3 — Integraciones, SYS-Infraestructura",R3,,Alta,Medio,Backend,Desarrollo,S5-S7,Agosto,98.9,Agile — Desarrollo por Sprint
Proteccion contra fallas de servicios externos: reintento automatico y desconexion temporal,"Cuando un servicio externo falla (SMS, email, sistema antiguo), el sistema reintenta automaticamente con tiempos de espera crecientes. Si el servicio sigue fallando, el sistema se desconecta temporalmente para no bloquearse y sigue funcionando con el resto de funcionalidades.",MES4_SEPTIEMBRE_Integracion_QA,Backlog,High,2026-09-01,2026-09-30,"INTEGRACION,DATOS",24,BE3-I09,BACKEND 3 — Integraciones,R4,,Alta,Alto,Backend,Desarrollo,S7-S9,Septiembre,93.1,Agile — Desarrollo por Sprint
Testing de integraciones end-to-end con datos reales,"Pruebas completas de cada integracion con datos reales del ambiente de pruebas: proceso completo de carga de datos, sincronizacion con sistema antiguo ida y vuelta, notificaciones, exportacion de informes. Verificacion de integridad de datos.",MES5_OCTUBRE_Optimizacion,Backlog,High,2026-09-21,2026-11-02,"INTEGRACION,PRUEBAS_CALIDAD",31,BE3-I10,"BACKEND 3 — Integraciones, QA-Calidad (desde mes 2)",R5,,Alta,Alto,Backend,Desarrollo,S9-S12,Octubre,93.1,Agile — Desarrollo por Sprint
"Monitoreo de Kafka/Redpanda: lag, throughput, particiones","Dashboard de monitoreo del message broker: consumer lag por topic, throughput (msgs/s), estado de particiones, disk usage, replication status. Alertas por lag excesivo (>1000 msgs).",MES5_OCTUBRE_Optimizacion,Backlog,Normal,2026-11-02,2026-11-16,"INTEGRACION,SENSORES,INFRAESTRUCTURA",24,BE3-I11,BACKEND 3 — Integraciones,R5,,Media,Medio,Backend,Desarrollo,S12-S13,Octubre,90.0,Agile — Desarrollo por Sprint
Verificación de integridad de sincronización de datos,"Proceso automatizado de verificación: comparar datos entre sistema legacy y plataforma nueva, detectar discrepancias, generar reporte de diferencias. Ejecutar antes de cada release y durante marcha blanca.",MES5_OCTUBRE_Optimizacion,Backlog,High,2026-10-01,2026-11-16,"INTEGRACION,PRUEBAS_CALIDAD,DATOS",31,BE3-I12,"BACKEND 3 — Integraciones, QA-Calidad (desde mes 2)",R5,,Alta,Alto,Backend,Desarrollo,S9-S13,Octubre,98.1,Agile — Desarrollo por Sprint
Servicio de rate limiting por tenant y por endpoint,"Control de tráfico por API: límites de peticiones por tenant (1000 req/min), por endpoint (100 req/min para exportaciones), por usuario. Respuesta 429 con retry-after. Dashboard de consumo de API.",MES5_OCTUBRE_Optimizacion,Backlog,High,2026-09-21,2026-09-30,"INTEGRACION,SEGURIDAD,DATOS",32,BE3-I13,BACKEND 3 — Integraciones,R5,,Alta,Medio,Backend,Desarrollo,S9,Octubre,93.1,Agile — Desarrollo por Sprint
ARQ-Arquitecto TI / PMO — Carga Junio 2026 (97.9%),"PANEL DE CAPACIDAD MENSUAL
Recurso: ARQ-Arquitecto TI / PMO
Mes: Junio 2026
Horas planificadas: 174.8h de 178.5h disponibles (neto feriados Peru, 8.5h/dia)
Carga: 97.9% — Estado: OPTIMO
Meta del proyecto: 90%+ promedio en 6 meses

Esta tarea es un indicador para dashboard ClickUp. No requiere ejecucion tecnica: consolida la suma de horas de todas las tareas asignadas a ARQ-Arquitecto TI / PMO en Junio.",Capacidad_Recursos,Backlog,Normal,2026-06-01,2026-06-30,"GESTION_PROYECTO,CAPACIDAD",174,CAP-ARQ-M06,ARQ-Arquitecto TI / PMO,R1,,Baja,Bajo,Arquitectura,Desarrollo,S1-S3,Junio,97.9,PMO — Capacidad
ARQ-Arquitecto TI / PMO — Carga Julio 2026 (94.3%),"PANEL DE CAPACIDAD MENSUAL
Recurso: ARQ-Arquitecto TI / PMO
Mes: Julio 2026
Horas planificadas: 160.3h de 170.0h disponibles (neto feriados Peru, 8.5h/dia)
Carga: 94.3% — Estado: OPTIMO
Meta del proyecto: 90%+ promedio en 6 meses

Esta tarea es un indicador para dashboard ClickUp. No requiere ejecucion tecnica: consolida la suma de horas de todas las tareas asignadas a ARQ-Arquitecto TI / PMO en Julio.",Capacidad_Recursos,Backlog,Normal,2026-07-01,2026-07-31,"GESTION_PROYECTO,CAPACIDAD",160,CAP-ARQ-M07,ARQ-Arquitecto TI / PMO,R1,,Baja,Bajo,Arquitectura,Desarrollo,S3-S5,Julio,94.3,PMO — Capacidad
ARQ-Arquitecto TI / PMO — Carga Agosto 2026 (91.6%),"PANEL DE CAPACIDAD MENSUAL
Recurso: ARQ-Arquitecto TI / PMO
Mes: Agosto 2026
Horas planificadas: 155.7h de 170.0h disponibles (neto feriados Peru, 8.5h/dia)
Carga: 91.6% — Estado: OPTIMO
Meta del proyecto: 90%+ promedio en 6 meses

Esta tarea es un indicador para dashboard ClickUp. No requiere ejecucion tecnica: consolida la suma de horas de todas las tareas asignadas a ARQ-Arquitecto TI / PMO en Agosto.",Capacidad_Recursos,Backlog,Normal,2026-08-03,2026-08-31,"GESTION_PROYECTO,CAPACIDAD",155,CAP-ARQ-M08,ARQ-Arquitecto TI / PMO,R1,,Baja,Bajo,Arquitectura,Desarrollo,S5-S7,Agosto,91.6,PMO — Capacidad
ARQ-Arquitecto TI / PMO — Carga Septiembre 2026 (96.1%),"PANEL DE CAPACIDAD MENSUAL
Recurso: ARQ-Arquitecto TI / PMO
Mes: Septiembre 2026
Horas planificadas: 179.8h de 187.0h disponibles (neto feriados Peru, 8.5h/dia)
Carga: 96.1% — Estado: OPTIMO
Meta del proyecto: 90%+ promedio en 6 meses

Esta tarea es un indicador para dashboard ClickUp. No requiere ejecucion tecnica: consolida la suma de horas de todas las tareas asignadas a ARQ-Arquitecto TI / PMO en Septiembre.",Capacidad_Recursos,Backlog,Normal,2026-09-01,2026-09-30,"GESTION_PROYECTO,CAPACIDAD",179,CAP-ARQ-M09,ARQ-Arquitecto TI / PMO,R1,,Baja,Bajo,Arquitectura,Desarrollo,S7-S9,Septiembre,96.1,PMO — Capacidad
ARQ-Arquitecto TI / PMO — Carga Octubre 2026 (91.6%),"PANEL DE CAPACIDAD MENSUAL
Recurso: ARQ-Arquitecto TI / PMO
Mes: Octubre 2026
Horas planificadas: 163.5h de 178.5h disponibles (neto feriados Peru, 8.5h/dia)
Carga: 91.6% — Estado: OPTIMO
Meta del proyecto: 90%+ promedio en 6 meses

Esta tarea es un indicador para dashboard ClickUp. No requiere ejecucion tecnica: consolida la suma de horas de todas las tareas asignadas a ARQ-Arquitecto TI / PMO en Octubre.",Capacidad_Recursos,Backlog,Normal,2026-10-01,2026-11-02,"GESTION_PROYECTO,CAPACIDAD",163,CAP-ARQ-M10,ARQ-Arquitecto TI / PMO,R1,,Baja,Bajo,Arquitectura,Desarrollo,S9-S12,Octubre,91.6,PMO — Capacidad
ARQ-Arquitecto TI / PMO — Carga Noviembre 2026 (90.1%),"PANEL DE CAPACIDAD MENSUAL
Recurso: ARQ-Arquitecto TI / PMO
Mes: Noviembre 2026
Horas planificadas: 160.9h de 178.5h disponibles (neto feriados Peru, 8.5h/dia)
Carga: 90.1% — Estado: OPTIMO
Meta del proyecto: 90%+ promedio en 6 meses

Esta tarea es un indicador para dashboard ClickUp. No requiere ejecucion tecnica: consolida la suma de horas de todas las tareas asignadas a ARQ-Arquitecto TI / PMO en Noviembre.",Capacidad_Recursos,Backlog,Normal,2026-11-02,2026-11-30,"GESTION_PROYECTO,CAPACIDAD",160,CAP-ARQ-M11,ARQ-Arquitecto TI / PMO,R1,,Baja,Bajo,Arquitectura,Desarrollo,S12-S13,Noviembre,90.1,PMO — Capacidad
BACKEND 1 — DBA / Arq. Datos y Core — Carga Junio 2026 (99.7%),"PANEL DE CAPACIDAD MENSUAL
Recurso: BACKEND 1 — DBA / Arq. Datos y Core
Mes: Junio 2026
Horas planificadas: 178.0h de 178.5h disponibles (neto feriados Peru, 8.5h/dia)
Carga: 99.7% — Estado: OPTIMO
Meta del proyecto: 90%+ promedio en 6 meses

Esta tarea es un indicador para dashboard ClickUp. No requiere ejecucion tecnica: consolida la suma de horas de todas las tareas asignadas a BACKEND 1 — DBA / Arq. Datos y Core en Junio.",Capacidad_Recursos,Backlog,Normal,2026-06-01,2026-06-30,"GESTION_PROYECTO,CAPACIDAD",178,CAP-BE1-M06,BACKEND 1 — DBA / Arq. Datos y Core,R1,,Baja,Bajo,Backend Core,Desarrollo,S1-S3,Junio,99.7,PMO — Capacidad
BACKEND 1 — DBA / Arq. Datos y Core — Carga Julio 2026 (100.0%),"PANEL DE CAPACIDAD MENSUAL
Recurso: BACKEND 1 — DBA / Arq. Datos y Core
Mes: Julio 2026
Horas planificadas: 170.0h de 170.0h disponibles (neto feriados Peru, 8.5h/dia)
Carga: 100.0% — Estado: OPTIMO
Meta del proyecto: 90%+ promedio en 6 meses

Esta tarea es un indicador para dashboard ClickUp. No requiere ejecucion tecnica: consolida la suma de horas de todas las tareas asignadas a BACKEND 1 — DBA / Arq. Datos y Core en Julio.",Capacidad_Recursos,Backlog,Normal,2026-07-01,2026-07-31,"GESTION_PROYECTO,CAPACIDAD",170,CAP-BE1-M07,BACKEND 1 — DBA / Arq. Datos y Core,R1,,Baja,Bajo,Backend Core,Desarrollo,S3-S5,Julio,100.0,PMO — Capacidad
BACKEND 1 — DBA / Arq. Datos y Core — Carga Agosto 2026 (99.3%),"PANEL DE CAPACIDAD MENSUAL
Recurso: BACKEND 1 — DBA / Arq. Datos y Core
Mes: Agosto 2026
Horas planificadas: 168.8h de 170.0h disponibles (neto feriados Peru, 8.5h/dia)
Carga: 99.3% — Estado: OPTIMO
Meta del proyecto: 90%+ promedio en 6 meses

Esta tarea es un indicador para dashboard ClickUp. No requiere ejecucion tecnica: consolida la suma de horas de todas las tareas asignadas a BACKEND 1 — DBA / Arq. Datos y Core en Agosto.",Capacidad_Recursos,Backlog,Normal,2026-08-03,2026-08-31,"GESTION_PROYECTO,CAPACIDAD",168,CAP-BE1-M08,BACKEND 1 — DBA / Arq. Datos y Core,R1,,Baja,Bajo,Backend Core,Desarrollo,S5-S7,Agosto,99.3,PMO — Capacidad
BACKEND 1 — DBA / Arq. Datos y Core — Carga Septiembre 2026 (90.0%),"PANEL DE CAPACIDAD MENSUAL
Recurso: BACKEND 1 — DBA / Arq. Datos y Core
Mes: Septiembre 2026
Horas planificadas: 168.3h de 187.0h disponibles (neto feriados Peru, 8.5h/dia)
Carga: 90.0% — Estado: OPTIMO
Meta del proyecto: 90%+ promedio en 6 meses

Esta tarea es un indicador para dashboard ClickUp. No requiere ejecucion tecnica: consolida la suma de horas de todas las tareas asignadas a BACKEND 1 — DBA / Arq. Datos y Core en Septiembre.",Capacidad_Recursos,Backlog,Normal,2026-09-01,2026-09-30,"GESTION_PROYECTO,CAPACIDAD",168,CAP-BE1-M09,BACKEND 1 — DBA / Arq. Datos y Core,R1,,Baja,Bajo,Backend Core,Desarrollo,S7-S9,Septiembre,90.0,PMO — Capacidad
BACKEND 1 — DBA / Arq. Datos y Core — Carga Octubre 2026 (90.2%),"PANEL DE CAPACIDAD MENSUAL
Recurso: BACKEND 1 — DBA / Arq. Datos y Core
Mes: Octubre 2026
Horas planificadas: 161.0h de 178.5h disponibles (neto feriados Peru, 8.5h/dia)
Carga: 90.2% — Estado: OPTIMO
Meta del proyecto: 90%+ promedio en 6 meses

Esta tarea es un indicador para dashboard ClickUp. No requiere ejecucion tecnica: consolida la suma de horas de todas las tareas asignadas a BACKEND 1 — DBA / Arq. Datos y Core en Octubre.",Capacidad_Recursos,Backlog,Normal,2026-10-01,2026-11-02,"GESTION_PROYECTO,CAPACIDAD",161,CAP-BE1-M10,BACKEND 1 — DBA / Arq. Datos y Core,R1,,Baja,Bajo,Backend Core,Desarrollo,S9-S12,Octubre,90.2,PMO — Capacidad
BACKEND 1 — DBA / Arq. Datos y Core — Carga Noviembre 2026 (90.0%),"PANEL DE CAPACIDAD MENSUAL
Recurso: BACKEND 1 — DBA / Arq. Datos y Core
Mes: Noviembre 2026
Horas planificadas: 160.7h de 178.5h disponibles (neto feriados Peru, 8.5h/dia)
Carga: 90.0% — Estado: OPTIMO
Meta del proyecto: 90%+ promedio en 6 meses

Esta tarea es un indicador para dashboard ClickUp. No requiere ejecucion tecnica: consolida la suma de horas de todas las tareas asignadas a BACKEND 1 — DBA / Arq. Datos y Core en Noviembre.",Capacidad_Recursos,Backlog,Normal,2026-11-02,2026-11-30,"GESTION_PROYECTO,CAPACIDAD",160,CAP-BE1-M11,BACKEND 1 — DBA / Arq. Datos y Core,R1,,Baja,Bajo,Backend Core,Desarrollo,S12-S13,Noviembre,90.0,PMO — Capacidad
BACKEND 2 — Ciberseguridad Backend (JWT/RBAC/OWASP) — Carga Junio 2026 (90.0%),"PANEL DE CAPACIDAD MENSUAL
Recurso: BACKEND 2 — Ciberseguridad Backend (JWT/RBAC/OWASP)
Mes: Junio 2026
Horas planificadas: 160.7h de 178.5h disponibles (neto feriados Peru, 8.5h/dia)
Carga: 90.0% — Estado: OPTIMO
Meta del proyecto: 90%+ promedio en 6 meses

Esta tarea es un indicador para dashboard ClickUp. No requiere ejecucion tecnica: consolida la suma de horas de todas las tareas asignadas a BACKEND 2 — Ciberseguridad Backend (JWT/RBAC/OWASP) en Junio.",Capacidad_Recursos,Backlog,Normal,2026-06-01,2026-06-30,"GESTION_PROYECTO,CAPACIDAD",160,CAP-BE2-M06,BACKEND 2 — Ciberseguridad Backend (JWT/RBAC/OWASP),R1,,Baja,Bajo,Ciberseguridad Backend,Desarrollo,S1-S3,Junio,90.0,PMO — Capacidad
BACKEND 2 — Ciberseguridad Backend (JWT/RBAC/OWASP) — Carga Julio 2026 (90.0%),"PANEL DE CAPACIDAD MENSUAL
Recurso: BACKEND 2 — Ciberseguridad Backend (JWT/RBAC/OWASP)
Mes: Julio 2026
Horas planificadas: 153.0h de 170.0h disponibles (neto feriados Peru, 8.5h/dia)
Carga: 90.0% — Estado: OPTIMO
Meta del proyecto: 90%+ promedio en 6 meses

Esta tarea es un indicador para dashboard ClickUp. No requiere ejecucion tecnica: consolida la suma de horas de todas las tareas asignadas a BACKEND 2 — Ciberseguridad Backend (JWT/RBAC/OWASP) en Julio.",Capacidad_Recursos,Backlog,Normal,2026-07-01,2026-07-31,"GESTION_PROYECTO,CAPACIDAD",153,CAP-BE2-M07,BACKEND 2 — Ciberseguridad Backend (JWT/RBAC/OWASP),R1,,Baja,Bajo,Ciberseguridad Backend,Desarrollo,S3-S5,Julio,90.0,PMO — Capacidad
BACKEND 2 — Ciberseguridad Backend (JWT/RBAC/OWASP) — Carga Agosto 2026 (90.0%),"PANEL DE CAPACIDAD MENSUAL
Recurso: BACKEND 2 — Ciberseguridad Backend (JWT/RBAC/OWASP)
Mes: Agosto 2026
Horas planificadas: 153.0h de 170.0h disponibles (neto feriados Peru, 8.5h/dia)
Carga: 90.0% — Estado: OPTIMO
Meta del proyecto: 90%+ promedio en 6 meses

Esta tarea es un indicador para dashboard ClickUp. No requiere ejecucion tecnica: consolida la suma de horas de todas las tareas asignadas a BACKEND 2 — Ciberseguridad Backend (JWT/RBAC/OWASP) en Agosto.",Capacidad_Recursos,Backlog,Normal,2026-08-03,2026-08-31,"GESTION_PROYECTO,CAPACIDAD",153,CAP-BE2-M08,BACKEND 2 — Ciberseguridad Backend (JWT/RBAC/OWASP),R1,,Baja,Bajo,Ciberseguridad Backend,Desarrollo,S5-S7,Agosto,90.0,PMO — Capacidad
BACKEND 2 — Ciberseguridad Backend (JWT/RBAC/OWASP) — Carga Septiembre 2026 (96.1%),"PANEL DE CAPACIDAD MENSUAL
Recurso: BACKEND 2 — Ciberseguridad Backend (JWT/RBAC/OWASP)
Mes: Septiembre 2026
Horas planificadas: 179.8h de 187.0h disponibles (neto feriados Peru, 8.5h/dia)
Carga: 96.1% — Estado: OPTIMO
Meta del proyecto: 90%+ promedio en 6 meses

Esta tarea es un indicador para dashboard ClickUp. No requiere ejecucion tecnica: consolida la suma de horas de todas las tareas asignadas a BACKEND 2 — Ciberseguridad Backend (JWT/RBAC/OWASP) en Septiembre.",Capacidad_Recursos,Backlog,Normal,2026-09-01,2026-09-30,"GESTION_PROYECTO,CAPACIDAD",179,CAP-BE2-M09,BACKEND 2 — Ciberseguridad Backend (JWT/RBAC/OWASP),R1,,Baja,Bajo,Ciberseguridad Backend,Desarrollo,S7-S9,Septiembre,96.1,PMO — Capacidad
BACKEND 2 — Ciberseguridad Backend (JWT/RBAC/OWASP) — Carga Octubre 2026 (92.0%),"PANEL DE CAPACIDAD MENSUAL
Recurso: BACKEND 2 — Ciberseguridad Backend (JWT/RBAC/OWASP)
Mes: Octubre 2026
Horas planificadas: 164.3h de 178.5h disponibles (neto feriados Peru, 8.5h/dia)
Carga: 92.0% — Estado: OPTIMO
Meta del proyecto: 90%+ promedio en 6 meses

Esta tarea es un indicador para dashboard ClickUp. No requiere ejecucion tecnica: consolida la suma de horas de todas las tareas asignadas a BACKEND 2 — Ciberseguridad Backend (JWT/RBAC/OWASP) en Octubre.",Capacidad_Recursos,Backlog,Normal,2026-10-01,2026-11-02,"GESTION_PROYECTO,CAPACIDAD",164,CAP-BE2-M10,BACKEND 2 — Ciberseguridad Backend (JWT/RBAC/OWASP),R1,,Baja,Bajo,Ciberseguridad Backend,Desarrollo,S9-S12,Octubre,92.1,PMO — Capacidad
BACKEND 2 — Ciberseguridad Backend (JWT/RBAC/OWASP) — Carga Noviembre 2026 (90.0%),"PANEL DE CAPACIDAD MENSUAL
Recurso: BACKEND 2 — Ciberseguridad Backend (JWT/RBAC/OWASP)
Mes: Noviembre 2026
Horas planificadas: 160.7h de 178.5h disponibles (neto feriados Peru, 8.5h/dia)
Carga: 90.0% — Estado: OPTIMO
Meta del proyecto: 90%+ promedio en 6 meses

Esta tarea es un indicador para dashboard ClickUp. No requiere ejecucion tecnica: consolida la suma de horas de todas las tareas asignadas a BACKEND 2 — Ciberseguridad Backend (JWT/RBAC/OWASP) en Noviembre.",Capacidad_Recursos,Backlog,Normal,2026-11-02,2026-11-30,"GESTION_PROYECTO,CAPACIDAD",160,CAP-BE2-M11,BACKEND 2 — Ciberseguridad Backend (JWT/RBAC/OWASP),R1,,Baja,Bajo,Ciberseguridad Backend,Desarrollo,S12-S13,Noviembre,90.0,PMO — Capacidad
BACKEND 3 — Integraciones — Carga Junio 2026 (90.0%),"PANEL DE CAPACIDAD MENSUAL
Recurso: BACKEND 3 — Integraciones
Mes: Junio 2026
Horas planificadas: 160.7h de 178.5h disponibles (neto feriados Peru, 8.5h/dia)
Carga: 90.0% — Estado: OPTIMO
Meta del proyecto: 90%+ promedio en 6 meses

Esta tarea es un indicador para dashboard ClickUp. No requiere ejecucion tecnica: consolida la suma de horas de todas las tareas asignadas a BACKEND 3 — Integraciones en Junio.",Capacidad_Recursos,Backlog,Normal,2026-06-01,2026-06-30,"GESTION_PROYECTO,CAPACIDAD",160,CAP-BE3-M06,BACKEND 3 — Integraciones,R1,,Baja,Bajo,Integraciones,Desarrollo,S1-S3,Junio,90.0,PMO — Capacidad
BACKEND 3 — Integraciones — Carga Julio 2026 (98.9%),"PANEL DE CAPACIDAD MENSUAL
Recurso: BACKEND 3 — Integraciones
Mes: Julio 2026
Horas planificadas: 168.2h de 170.0h disponibles (neto feriados Peru, 8.5h/dia)
Carga: 98.9% — Estado: OPTIMO
Meta del proyecto: 90%+ promedio en 6 meses

Esta tarea es un indicador para dashboard ClickUp. No requiere ejecucion tecnica: consolida la suma de horas de todas las tareas asignadas a BACKEND 3 — Integraciones en Julio.",Capacidad_Recursos,Backlog,Normal,2026-07-01,2026-07-31,"GESTION_PROYECTO,CAPACIDAD",168,CAP-BE3-M07,BACKEND 3 — Integraciones,R1,,Baja,Bajo,Integraciones,Desarrollo,S3-S5,Julio,98.9,PMO — Capacidad
BACKEND 3 — Integraciones — Carga Agosto 2026 (91.6%),"PANEL DE CAPACIDAD MENSUAL
Recurso: BACKEND 3 — Integraciones
Mes: Agosto 2026
Horas planificadas: 155.7h de 170.0h disponibles (neto feriados Peru, 8.5h/dia)
Carga: 91.6% — Estado: OPTIMO
Meta del proyecto: 90%+ promedio en 6 meses

Esta tarea es un indicador para dashboard ClickUp. No requiere ejecucion tecnica: consolida la suma de horas de todas las tareas asignadas a BACKEND 3 — Integraciones en Agosto.",Capacidad_Recursos,Backlog,Normal,2026-08-03,2026-08-31,"GESTION_PROYECTO,CAPACIDAD",155,CAP-BE3-M08,BACKEND 3 — Integraciones,R1,,Baja,Bajo,Integraciones,Desarrollo,S5-S7,Agosto,91.6,PMO — Capacidad
BACKEND 3 — Integraciones — Carga Septiembre 2026 (93.2%),"PANEL DE CAPACIDAD MENSUAL
Recurso: BACKEND 3 — Integraciones
Mes: Septiembre 2026
Horas planificadas: 174.2h de 187.0h disponibles (neto feriados Peru, 8.5h/dia)
Carga: 93.2% — Estado: OPTIMO
Meta del proyecto: 90%+ promedio en 6 meses

Esta tarea es un indicador para dashboard ClickUp. No requiere ejecucion tecnica: consolida la suma de horas de todas las tareas asignadas a BACKEND 3 — Integraciones en Septiembre.",Capacidad_Recursos,Backlog,Normal,2026-09-01,2026-09-30,"GESTION_PROYECTO,CAPACIDAD",174,CAP-BE3-M09,BACKEND 3 — Integraciones,R1,,Baja,Bajo,Integraciones,Desarrollo,S7-S9,Septiembre,93.1,PMO — Capacidad
BACKEND 3 — Integraciones — Carga Octubre 2026 (98.2%),"PANEL DE CAPACIDAD MENSUAL
Recurso: BACKEND 3 — Integraciones
Mes: Octubre 2026
Horas planificadas: 175.2h de 178.5h disponibles (neto feriados Peru, 8.5h/dia)
Carga: 98.2% — Estado: OPTIMO
Meta del proyecto: 90%+ promedio en 6 meses

Esta tarea es un indicador para dashboard ClickUp. No requiere ejecucion tecnica: consolida la suma de horas de todas las tareas asignadas a BACKEND 3 — Integraciones en Octubre.",Capacidad_Recursos,Backlog,Normal,2026-10-01,2026-11-02,"GESTION_PROYECTO,CAPACIDAD",175,CAP-BE3-M10,BACKEND 3 — Integraciones,R1,,Baja,Bajo,Integraciones,Desarrollo,S9-S12,Octubre,98.1,PMO — Capacidad
BACKEND 3 — Integraciones — Carga Noviembre 2026 (90.0%),"PANEL DE CAPACIDAD MENSUAL
Recurso: BACKEND 3 — Integraciones
Mes: Noviembre 2026
Horas planificadas: 160.7h de 178.5h disponibles (neto feriados Peru, 8.5h/dia)
Carga: 90.0% — Estado: OPTIMO
Meta del proyecto: 90%+ promedio en 6 meses

Esta tarea es un indicador para dashboard ClickUp. No requiere ejecucion tecnica: consolida la suma de horas de todas las tareas asignadas a BACKEND 3 — Integraciones en Noviembre.",Capacidad_Recursos,Backlog,Normal,2026-11-02,2026-11-30,"GESTION_PROYECTO,CAPACIDAD",160,CAP-BE3-M11,BACKEND 3 — Integraciones,R1,,Baja,Bajo,Integraciones,Desarrollo,S12-S13,Noviembre,90.0,PMO — Capacidad
FRONTEND 1 — Interfaces (mes 1 al 6) — Carga Junio 2026 (90.0%),"PANEL DE CAPACIDAD MENSUAL
Recurso: FRONTEND 1 — Interfaces (mes 1 al 6)
Mes: Junio 2026
Horas planificadas: 160.7h de 178.5h disponibles (neto feriados Peru, 8.5h/dia)
Carga: 90.0% — Estado: OPTIMO
Meta del proyecto: 90%+ promedio en 6 meses

Esta tarea es un indicador para dashboard ClickUp. No requiere ejecucion tecnica: consolida la suma de horas de todas las tareas asignadas a FRONTEND 1 — Interfaces (mes 1 al 6) en Junio.",Capacidad_Recursos,Backlog,Normal,2026-06-01,2026-06-30,"GESTION_PROYECTO,CAPACIDAD",160,CAP-FE1-M06,FRONTEND 1 — Interfaces (mes 1 al 6),R1,,Baja,Bajo,Frontend Principal,Desarrollo,S1-S3,Junio,90.0,PMO — Capacidad
FRONTEND 1 — Interfaces (mes 1 al 6) — Carga Julio 2026 (99.1%),"PANEL DE CAPACIDAD MENSUAL
Recurso: FRONTEND 1 — Interfaces (mes 1 al 6)
Mes: Julio 2026
Horas planificadas: 168.5h de 170.0h disponibles (neto feriados Peru, 8.5h/dia)
Carga: 99.1% — Estado: OPTIMO
Meta del proyecto: 90%+ promedio en 6 meses

Esta tarea es un indicador para dashboard ClickUp. No requiere ejecucion tecnica: consolida la suma de horas de todas las tareas asignadas a FRONTEND 1 — Interfaces (mes 1 al 6) en Julio.",Capacidad_Recursos,Backlog,Normal,2026-07-01,2026-07-31,"GESTION_PROYECTO,CAPACIDAD",168,CAP-FE1-M07,FRONTEND 1 — Interfaces (mes 1 al 6),R1,,Baja,Bajo,Frontend Principal,Desarrollo,S3-S5,Julio,99.1,PMO — Capacidad
FRONTEND 1 — Interfaces (mes 1 al 6) — Carga Agosto 2026 (98.4%),"PANEL DE CAPACIDAD MENSUAL
Recurso: FRONTEND 1 — Interfaces (mes 1 al 6)
Mes: Agosto 2026
Horas planificadas: 167.2h de 170.0h disponibles (neto feriados Peru, 8.5h/dia)
Carga: 98.4% — Estado: OPTIMO
Meta del proyecto: 90%+ promedio en 6 meses

Esta tarea es un indicador para dashboard ClickUp. No requiere ejecucion tecnica: consolida la suma de horas de todas las tareas asignadas a FRONTEND 1 — Interfaces (mes 1 al 6) en Agosto.",Capacidad_Recursos,Backlog,Normal,2026-08-03,2026-08-31,"GESTION_PROYECTO,CAPACIDAD",167,CAP-FE1-M08,FRONTEND 1 — Interfaces (mes 1 al 6),R1,,Baja,Bajo,Frontend Principal,Desarrollo,S5-S7,Agosto,98.3,PMO — Capacidad
FRONTEND 1 — Interfaces (mes 1 al 6) — Carga Septiembre 2026 (99.2%),"PANEL DE CAPACIDAD MENSUAL
Recurso: FRONTEND 1 — Interfaces (mes 1 al 6)
Mes: Septiembre 2026
Horas planificadas: 185.5h de 187.0h disponibles (neto feriados Peru, 8.5h/dia)
Carga: 99.2% — Estado: OPTIMO
Meta del proyecto: 90%+ promedio en 6 meses

Esta tarea es un indicador para dashboard ClickUp. No requiere ejecucion tecnica: consolida la suma de horas de todas las tareas asignadas a FRONTEND 1 — Interfaces (mes 1 al 6) en Septiembre.",Capacidad_Recursos,Backlog,Normal,2026-09-01,2026-09-30,"GESTION_PROYECTO,CAPACIDAD",185,CAP-FE1-M09,FRONTEND 1 — Interfaces (mes 1 al 6),R1,,Baja,Bajo,Frontend Principal,Desarrollo,S7-S9,Septiembre,99.2,PMO — Capacidad
FRONTEND 1 — Interfaces (mes 1 al 6) — Carga Octubre 2026 (100.0%),"PANEL DE CAPACIDAD MENSUAL
Recurso: FRONTEND 1 — Interfaces (mes 1 al 6)
Mes: Octubre 2026
Horas planificadas: 178.5h de 178.5h disponibles (neto feriados Peru, 8.5h/dia)
Carga: 100.0% — Estado: OPTIMO
Meta del proyecto: 90%+ promedio en 6 meses

Esta tarea es un indicador para dashboard ClickUp. No requiere ejecucion tecnica: consolida la suma de horas de todas las tareas asignadas a FRONTEND 1 — Interfaces (mes 1 al 6) en Octubre.",Capacidad_Recursos,Backlog,Normal,2026-10-01,2026-11-02,"GESTION_PROYECTO,CAPACIDAD",178,CAP-FE1-M10,FRONTEND 1 — Interfaces (mes 1 al 6),R1,,Baja,Bajo,Frontend Principal,Desarrollo,S9-S12,Octubre,100.0,PMO — Capacidad
FRONTEND 1 — Interfaces (mes 1 al 6) — Carga Noviembre 2026 (97.9%),"PANEL DE CAPACIDAD MENSUAL
Recurso: FRONTEND 1 — Interfaces (mes 1 al 6)
Mes: Noviembre 2026
Horas planificadas: 174.7h de 178.5h disponibles (neto feriados Peru, 8.5h/dia)
Carga: 97.9% — Estado: OPTIMO
Meta del proyecto: 90%+ promedio en 6 meses

Esta tarea es un indicador para dashboard ClickUp. No requiere ejecucion tecnica: consolida la suma de horas de todas las tareas asignadas a FRONTEND 1 — Interfaces (mes 1 al 6) en Noviembre.",Capacidad_Recursos,Backlog,Normal,2026-11-02,2026-11-30,"GESTION_PROYECTO,CAPACIDAD",174,CAP-FE1-M11,FRONTEND 1 — Interfaces (mes 1 al 6),R1,,Baja,Bajo,Frontend Principal,Desarrollo,S12-S13,Noviembre,97.8,PMO — Capacidad
FRONTEND 2 — UX y Soporte (desde mes 2) — Carga Junio 2026 (0.0%),"PANEL DE CAPACIDAD MENSUAL
Recurso: FRONTEND 2 — UX y Soporte (desde mes 2)
Mes: Junio 2026
Horas planificadas: 0.0h de 178.5h disponibles (neto feriados Peru, 8.5h/dia)
Carga: 0.0% — Estado: BAJO
Meta del proyecto: 90%+ promedio en 6 meses

Esta tarea es un indicador para dashboard ClickUp. No requiere ejecucion tecnica: consolida la suma de horas de todas las tareas asignadas a FRONTEND 2 — UX y Soporte (desde mes 2) en Junio.",Capacidad_Recursos,Backlog,Normal,2026-06-01,2026-06-30,"GESTION_PROYECTO,CAPACIDAD",1,CAP-FE2-M06,FRONTEND 2 — UX y Soporte (desde mes 2),R1,,Baja,Bajo,UX y Soporte,Desarrollo,S1-S3,Junio,0.0,PMO — Capacidad
FRONTEND 2 — UX y Soporte (desde mes 2) — Carga Julio 2026 (90.0%),"PANEL DE CAPACIDAD MENSUAL
Recurso: FRONTEND 2 — UX y Soporte (desde mes 2)
Mes: Julio 2026
Horas planificadas: 153.0h de 170.0h disponibles (neto feriados Peru, 8.5h/dia)
Carga: 90.0% — Estado: OPTIMO
Meta del proyecto: 90%+ promedio en 6 meses

Esta tarea es un indicador para dashboard ClickUp. No requiere ejecucion tecnica: consolida la suma de horas de todas las tareas asignadas a FRONTEND 2 — UX y Soporte (desde mes 2) en Julio.",Capacidad_Recursos,Backlog,Normal,2026-07-01,2026-07-31,"GESTION_PROYECTO,CAPACIDAD",153,CAP-FE2-M07,FRONTEND 2 — UX y Soporte (desde mes 2),R1,,Baja,Bajo,UX y Soporte,Desarrollo,S3-S5,Julio,90.0,PMO — Capacidad
FRONTEND 2 — UX y Soporte (desde mes 2) — Carga Agosto 2026 (90.6%),"PANEL DE CAPACIDAD MENSUAL
Recurso: FRONTEND 2 — UX y Soporte (desde mes 2)
Mes: Agosto 2026
Horas planificadas: 154.0h de 170.0h disponibles (neto feriados Peru, 8.5h/dia)
Carga: 90.6% — Estado: OPTIMO
Meta del proyecto: 90%+ promedio en 6 meses

Esta tarea es un indicador para dashboard ClickUp. No requiere ejecucion tecnica: consolida la suma de horas de todas las tareas asignadas a FRONTEND 2 — UX y Soporte (desde mes 2) en Agosto.",Capacidad_Recursos,Backlog,Normal,2026-08-03,2026-08-31,"GESTION_PROYECTO,CAPACIDAD",154,CAP-FE2-M08,FRONTEND 2 — UX y Soporte (desde mes 2),R1,,Baja,Bajo,UX y Soporte,Desarrollo,S5-S7,Agosto,90.6,PMO — Capacidad
FRONTEND 2 — UX y Soporte (desde mes 2) — Carga Septiembre 2026 (90.0%),"PANEL DE CAPACIDAD MENSUAL
Recurso: FRONTEND 2 — UX y Soporte (desde mes 2)
Mes: Septiembre 2026
Horas planificadas: 168.3h de 187.0h disponibles (neto feriados Peru, 8.5h/dia)
Carga: 90.0% — Estado: OPTIMO
Meta del proyecto: 90%+ promedio en 6 meses

Esta tarea es un indicador para dashboard ClickUp. No requiere ejecucion tecnica: consolida la suma de horas de todas las tareas asignadas a FRONTEND 2 — UX y Soporte (desde mes 2) en Septiembre.",Capacidad_Recursos,Backlog,Normal,2026-09-01,2026-09-30,"GESTION_PROYECTO,CAPACIDAD",168,CAP-FE2-M09,FRONTEND 2 — UX y Soporte (desde mes 2),R1,,Baja,Bajo,UX y Soporte,Desarrollo,S7-S9,Septiembre,90.0,PMO — Capacidad
FRONTEND 2 — UX y Soporte (desde mes 2) — Carga Octubre 2026 (90.0%),"PANEL DE CAPACIDAD MENSUAL
Recurso: FRONTEND 2 — UX y Soporte (desde mes 2)
Mes: Octubre 2026
Horas planificadas: 160.7h de 178.5h disponibles (neto feriados Peru, 8.5h/dia)
Carga: 90.0% — Estado: OPTIMO
Meta del proyecto: 90%+ promedio en 6 meses

Esta tarea es un indicador para dashboard ClickUp. No requiere ejecucion tecnica: consolida la suma de horas de todas las tareas asignadas a FRONTEND 2 — UX y Soporte (desde mes 2) en Octubre.",Capacidad_Recursos,Backlog,Normal,2026-10-01,2026-11-02,"GESTION_PROYECTO,CAPACIDAD",160,CAP-FE2-M10,FRONTEND 2 — UX y Soporte (desde mes 2),R1,,Baja,Bajo,UX y Soporte,Desarrollo,S9-S12,Octubre,90.0,PMO — Capacidad
FRONTEND 2 — UX y Soporte (desde mes 2) — Carga Noviembre 2026 (93.9%),"PANEL DE CAPACIDAD MENSUAL
Recurso: FRONTEND 2 — UX y Soporte (desde mes 2)
Mes: Noviembre 2026
Horas planificadas: 167.7h de 178.5h disponibles (neto feriados Peru, 8.5h/dia)
Carga: 93.9% — Estado: OPTIMO
Meta del proyecto: 90%+ promedio en 6 meses

Esta tarea es un indicador para dashboard ClickUp. No requiere ejecucion tecnica: consolida la suma de horas de todas las tareas asignadas a FRONTEND 2 — UX y Soporte (desde mes 2) en Noviembre.",Capacidad_Recursos,Backlog,Normal,2026-11-02,2026-11-30,"GESTION_PROYECTO,CAPACIDAD",167,CAP-FE2-M11,FRONTEND 2 — UX y Soporte (desde mes 2),R1,,Baja,Bajo,UX y Soporte,Desarrollo,S12-S13,Noviembre,93.9,PMO — Capacidad
IA-ML — Modelos e Inteligencia Artificial (desde mes 2) — Carga Junio 2026 (0.0%),"PANEL DE CAPACIDAD MENSUAL
Recurso: IA-ML — Modelos e Inteligencia Artificial (desde mes 2)
Mes: Junio 2026
Horas planificadas: 0.0h de 178.5h disponibles (neto feriados Peru, 8.5h/dia)
Carga: 0.0% — Estado: BAJO
Meta del proyecto: 90%+ promedio en 6 meses

Esta tarea es un indicador para dashboard ClickUp. No requiere ejecucion tecnica: consolida la suma de horas de todas las tareas asignadas a IA-ML — Modelos e Inteligencia Artificial (desde mes 2) en Junio.",Capacidad_Recursos,Backlog,Normal,2026-06-01,2026-06-30,"GESTION_PROYECTO,CAPACIDAD",1,CAP-IA-M06,IA-ML — Modelos e Inteligencia Artificial (desde mes 2),R1,,Baja,Bajo,IA y Automatización,Desarrollo,S1-S3,Junio,0.0,PMO — Capacidad
IA-ML — Modelos e Inteligencia Artificial (desde mes 2) — Carga Julio 2026 (90.9%),"PANEL DE CAPACIDAD MENSUAL
Recurso: IA-ML — Modelos e Inteligencia Artificial (desde mes 2)
Mes: Julio 2026
Horas planificadas: 154.5h de 170.0h disponibles (neto feriados Peru, 8.5h/dia)
Carga: 90.9% — Estado: OPTIMO
Meta del proyecto: 90%+ promedio en 6 meses

Esta tarea es un indicador para dashboard ClickUp. No requiere ejecucion tecnica: consolida la suma de horas de todas las tareas asignadas a IA-ML — Modelos e Inteligencia Artificial (desde mes 2) en Julio.",Capacidad_Recursos,Backlog,Normal,2026-07-01,2026-07-31,"GESTION_PROYECTO,CAPACIDAD",154,CAP-IA-M07,IA-ML — Modelos e Inteligencia Artificial (desde mes 2),R1,,Baja,Bajo,IA y Automatización,Desarrollo,S3-S5,Julio,90.9,PMO — Capacidad
IA-ML — Modelos e Inteligencia Artificial (desde mes 2) — Carga Agosto 2026 (90.0%),"PANEL DE CAPACIDAD MENSUAL
Recurso: IA-ML — Modelos e Inteligencia Artificial (desde mes 2)
Mes: Agosto 2026
Horas planificadas: 153.0h de 170.0h disponibles (neto feriados Peru, 8.5h/dia)
Carga: 90.0% — Estado: OPTIMO
Meta del proyecto: 90%+ promedio en 6 meses

Esta tarea es un indicador para dashboard ClickUp. No requiere ejecucion tecnica: consolida la suma de horas de todas las tareas asignadas a IA-ML — Modelos e Inteligencia Artificial (desde mes 2) en Agosto.",Capacidad_Recursos,Backlog,Normal,2026-08-03,2026-08-31,"GESTION_PROYECTO,CAPACIDAD",153,CAP-IA-M08,IA-ML — Modelos e Inteligencia Artificial (desde mes 2),R1,,Baja,Bajo,IA y Automatización,Desarrollo,S5-S7,Agosto,90.0,PMO — Capacidad
IA-ML — Modelos e Inteligencia Artificial (desde mes 2) — Carga Septiembre 2026 (90.0%),"PANEL DE CAPACIDAD MENSUAL
Recurso: IA-ML — Modelos e Inteligencia Artificial (desde mes 2)
Mes: Septiembre 2026
Horas planificadas: 168.3h de 187.0h disponibles (neto feriados Peru, 8.5h/dia)
Carga: 90.0% — Estado: OPTIMO
Meta del proyecto: 90%+ promedio en 6 meses

Esta tarea es un indicador para dashboard ClickUp. No requiere ejecucion tecnica: consolida la suma de horas de todas las tareas asignadas a IA-ML — Modelos e Inteligencia Artificial (desde mes 2) en Septiembre.",Capacidad_Recursos,Backlog,Normal,2026-09-01,2026-09-30,"GESTION_PROYECTO,CAPACIDAD",168,CAP-IA-M09,IA-ML — Modelos e Inteligencia Artificial (desde mes 2),R1,,Baja,Bajo,IA y Automatización,Desarrollo,S7-S9,Septiembre,90.0,PMO — Capacidad
IA-ML — Modelos e Inteligencia Artificial (desde mes 2) — Carga Octubre 2026 (99.1%),"PANEL DE CAPACIDAD MENSUAL
Recurso: IA-ML — Modelos e Inteligencia Artificial (desde mes 2)
Mes: Octubre 2026
Horas planificadas: 176.9h de 178.5h disponibles (neto feriados Peru, 8.5h/dia)
Carga: 99.1% — Estado: OPTIMO
Meta del proyecto: 90%+ promedio en 6 meses

Esta tarea es un indicador para dashboard ClickUp. No requiere ejecucion tecnica: consolida la suma de horas de todas las tareas asignadas a IA-ML — Modelos e Inteligencia Artificial (desde mes 2) en Octubre.",Capacidad_Recursos,Backlog,Normal,2026-10-01,2026-11-02,"GESTION_PROYECTO,CAPACIDAD",176,CAP-IA-M10,IA-ML — Modelos e Inteligencia Artificial (desde mes 2),R1,,Baja,Bajo,IA y Automatización,Desarrollo,S9-S12,Octubre,99.1,PMO — Capacidad
IA-ML — Modelos e Inteligencia Artificial (desde mes 2) — Carga Noviembre 2026 (90.0%),"PANEL DE CAPACIDAD MENSUAL
Recurso: IA-ML — Modelos e Inteligencia Artificial (desde mes 2)
Mes: Noviembre 2026
Horas planificadas: 160.7h de 178.5h disponibles (neto feriados Peru, 8.5h/dia)
Carga: 90.0% — Estado: OPTIMO
Meta del proyecto: 90%+ promedio en 6 meses

Esta tarea es un indicador para dashboard ClickUp. No requiere ejecucion tecnica: consolida la suma de horas de todas las tareas asignadas a IA-ML — Modelos e Inteligencia Artificial (desde mes 2) en Noviembre.",Capacidad_Recursos,Backlog,Normal,2026-11-02,2026-11-30,"GESTION_PROYECTO,CAPACIDAD",160,CAP-IA-M11,IA-ML — Modelos e Inteligencia Artificial (desde mes 2),R1,,Baja,Bajo,IA y Automatización,Desarrollo,S12-S13,Noviembre,90.0,PMO — Capacidad
Soporte PMO — Analista Funcional y Documentador — Carga Junio 2026 (90.0%),"PANEL DE CAPACIDAD MENSUAL
Recurso: Soporte PMO — Analista Funcional y Documentador
Mes: Junio 2026
Horas planificadas: 160.7h de 178.5h disponibles (neto feriados Peru, 8.5h/dia)
Carga: 90.0% — Estado: OPTIMO
Meta del proyecto: 90%+ promedio en 6 meses

Esta tarea es un indicador para dashboard ClickUp. No requiere ejecucion tecnica: consolida la suma de horas de todas las tareas asignadas a Soporte PMO — Analista Funcional y Documentador en Junio.",Capacidad_Recursos,Backlog,Normal,2026-06-01,2026-06-30,"GESTION_PROYECTO,CAPACIDAD",160,CAP-PAF-M06,Soporte PMO — Analista Funcional y Documentador,R1,,Baja,Bajo,PMO Soporte,Desarrollo,S1-S3,Junio,90.0,PMO — Capacidad
Soporte PMO — Analista Funcional y Documentador — Carga Julio 2026 (93.6%),"PANEL DE CAPACIDAD MENSUAL
Recurso: Soporte PMO — Analista Funcional y Documentador
Mes: Julio 2026
Horas planificadas: 159.2h de 170.0h disponibles (neto feriados Peru, 8.5h/dia)
Carga: 93.6% — Estado: OPTIMO
Meta del proyecto: 90%+ promedio en 6 meses

Esta tarea es un indicador para dashboard ClickUp. No requiere ejecucion tecnica: consolida la suma de horas de todas las tareas asignadas a Soporte PMO — Analista Funcional y Documentador en Julio.",Capacidad_Recursos,Backlog,Normal,2026-07-01,2026-07-31,"GESTION_PROYECTO,CAPACIDAD",159,CAP-PAF-M07,Soporte PMO — Analista Funcional y Documentador,R1,,Baja,Bajo,PMO Soporte,Desarrollo,S3-S5,Julio,93.6,PMO — Capacidad
Soporte PMO — Analista Funcional y Documentador — Carga Agosto 2026 (96.9%),"PANEL DE CAPACIDAD MENSUAL
Recurso: Soporte PMO — Analista Funcional y Documentador
Mes: Agosto 2026
Horas planificadas: 164.7h de 170.0h disponibles (neto feriados Peru, 8.5h/dia)
Carga: 96.9% — Estado: OPTIMO
Meta del proyecto: 90%+ promedio en 6 meses

Esta tarea es un indicador para dashboard ClickUp. No requiere ejecucion tecnica: consolida la suma de horas de todas las tareas asignadas a Soporte PMO — Analista Funcional y Documentador en Agosto.",Capacidad_Recursos,Backlog,Normal,2026-08-03,2026-08-31,"GESTION_PROYECTO,CAPACIDAD",164,CAP-PAF-M08,Soporte PMO — Analista Funcional y Documentador,R1,,Baja,Bajo,PMO Soporte,Desarrollo,S5-S7,Agosto,96.9,PMO — Capacidad
Soporte PMO — Analista Funcional y Documentador — Carga Septiembre 2026 (90.0%),"PANEL DE CAPACIDAD MENSUAL
Recurso: Soporte PMO — Analista Funcional y Documentador
Mes: Septiembre 2026
Horas planificadas: 168.3h de 187.0h disponibles (neto feriados Peru, 8.5h/dia)
Carga: 90.0% — Estado: OPTIMO
Meta del proyecto: 90%+ promedio en 6 meses

Esta tarea es un indicador para dashboard ClickUp. No requiere ejecucion tecnica: consolida la suma de horas de todas las tareas asignadas a Soporte PMO — Analista Funcional y Documentador en Septiembre.",Capacidad_Recursos,Backlog,Normal,2026-09-01,2026-09-30,"GESTION_PROYECTO,CAPACIDAD",168,CAP-PAF-M09,Soporte PMO — Analista Funcional y Documentador,R1,,Baja,Bajo,PMO Soporte,Desarrollo,S7-S9,Septiembre,90.0,PMO — Capacidad
Soporte PMO — Analista Funcional y Documentador — Carga Octubre 2026 (96.0%),"PANEL DE CAPACIDAD MENSUAL
Recurso: Soporte PMO — Analista Funcional y Documentador
Mes: Octubre 2026
Horas planificadas: 171.3h de 178.5h disponibles (neto feriados Peru, 8.5h/dia)
Carga: 96.0% — Estado: OPTIMO
Meta del proyecto: 90%+ promedio en 6 meses

Esta tarea es un indicador para dashboard ClickUp. No requiere ejecucion tecnica: consolida la suma de horas de todas las tareas asignadas a Soporte PMO — Analista Funcional y Documentador en Octubre.",Capacidad_Recursos,Backlog,Normal,2026-10-01,2026-11-02,"GESTION_PROYECTO,CAPACIDAD",171,CAP-PAF-M10,Soporte PMO — Analista Funcional y Documentador,R1,,Baja,Bajo,PMO Soporte,Desarrollo,S9-S12,Octubre,96.0,PMO — Capacidad
Soporte PMO — Analista Funcional y Documentador — Carga Noviembre 2026 (90.0%),"PANEL DE CAPACIDAD MENSUAL
Recurso: Soporte PMO — Analista Funcional y Documentador
Mes: Noviembre 2026
Horas planificadas: 160.7h de 178.5h disponibles (neto feriados Peru, 8.5h/dia)
Carga: 90.0% — Estado: OPTIMO
Meta del proyecto: 90%+ promedio en 6 meses

Esta tarea es un indicador para dashboard ClickUp. No requiere ejecucion tecnica: consolida la suma de horas de todas las tareas asignadas a Soporte PMO — Analista Funcional y Documentador en Noviembre.",Capacidad_Recursos,Backlog,Normal,2026-11-02,2026-11-30,"GESTION_PROYECTO,CAPACIDAD",160,CAP-PAF-M11,Soporte PMO — Analista Funcional y Documentador,R1,,Baja,Bajo,PMO Soporte,Desarrollo,S12-S13,Noviembre,90.0,PMO — Capacidad
QA-Calidad (desde mes 2) — Carga Junio 2026 (0.0%),"PANEL DE CAPACIDAD MENSUAL
Recurso: QA-Calidad (desde mes 2)
Mes: Junio 2026
Horas planificadas: 0.0h de 178.5h disponibles (neto feriados Peru, 8.5h/dia)
Carga: 0.0% — Estado: BAJO
Meta del proyecto: 90%+ promedio en 6 meses

Esta tarea es un indicador para dashboard ClickUp. No requiere ejecucion tecnica: consolida la suma de horas de todas las tareas asignadas a QA-Calidad (desde mes 2) en Junio.",Capacidad_Recursos,Backlog,Normal,2026-06-01,2026-06-30,"GESTION_PROYECTO,CAPACIDAD",1,CAP-QA-M06,QA-Calidad (desde mes 2),R1,,Baja,Bajo,Calidad,Desarrollo,S1-S3,Junio,0.0,PMO — Capacidad
QA-Calidad (desde mes 2) — Carga Julio 2026 (94.3%),"PANEL DE CAPACIDAD MENSUAL
Recurso: QA-Calidad (desde mes 2)
Mes: Julio 2026
Horas planificadas: 160.3h de 170.0h disponibles (neto feriados Peru, 8.5h/dia)
Carga: 94.3% — Estado: OPTIMO
Meta del proyecto: 90%+ promedio en 6 meses

Esta tarea es un indicador para dashboard ClickUp. No requiere ejecucion tecnica: consolida la suma de horas de todas las tareas asignadas a QA-Calidad (desde mes 2) en Julio.",Capacidad_Recursos,Backlog,Normal,2026-07-01,2026-07-31,"GESTION_PROYECTO,CAPACIDAD",160,CAP-QA-M07,QA-Calidad (desde mes 2),R1,,Baja,Bajo,Calidad,Desarrollo,S3-S5,Julio,94.3,PMO — Capacidad
QA-Calidad (desde mes 2) — Carga Agosto 2026 (92.1%),"PANEL DE CAPACIDAD MENSUAL
Recurso: QA-Calidad (desde mes 2)
Mes: Agosto 2026
Horas planificadas: 156.5h de 170.0h disponibles (neto feriados Peru, 8.5h/dia)
Carga: 92.1% — Estado: OPTIMO
Meta del proyecto: 90%+ promedio en 6 meses

Esta tarea es un indicador para dashboard ClickUp. No requiere ejecucion tecnica: consolida la suma de horas de todas las tareas asignadas a QA-Calidad (desde mes 2) en Agosto.",Capacidad_Recursos,Backlog,Normal,2026-08-03,2026-08-31,"GESTION_PROYECTO,CAPACIDAD",156,CAP-QA-M08,QA-Calidad (desde mes 2),R1,,Baja,Bajo,Calidad,Desarrollo,S5-S7,Agosto,92.1,PMO — Capacidad
QA-Calidad (desde mes 2) — Carga Septiembre 2026 (91.4%),"PANEL DE CAPACIDAD MENSUAL
Recurso: QA-Calidad (desde mes 2)
Mes: Septiembre 2026
Horas planificadas: 170.9h de 187.0h disponibles (neto feriados Peru, 8.5h/dia)
Carga: 91.4% — Estado: OPTIMO
Meta del proyecto: 90%+ promedio en 6 meses

Esta tarea es un indicador para dashboard ClickUp. No requiere ejecucion tecnica: consolida la suma de horas de todas las tareas asignadas a QA-Calidad (desde mes 2) en Septiembre.",Capacidad_Recursos,Backlog,Normal,2026-09-01,2026-09-30,"GESTION_PROYECTO,CAPACIDAD",170,CAP-QA-M09,QA-Calidad (desde mes 2),R1,,Baja,Bajo,Calidad,Desarrollo,S7-S9,Septiembre,91.4,PMO — Capacidad
QA-Calidad (desde mes 2) — Carga Octubre 2026 (100.0%),"PANEL DE CAPACIDAD MENSUAL
Recurso: QA-Calidad (desde mes 2)
Mes: Octubre 2026
Horas planificadas: 178.5h de 178.5h disponibles (neto feriados Peru, 8.5h/dia)
Carga: 100.0% — Estado: OPTIMO
Meta del proyecto: 90%+ promedio en 6 meses

Esta tarea es un indicador para dashboard ClickUp. No requiere ejecucion tecnica: consolida la suma de horas de todas las tareas asignadas a QA-Calidad (desde mes 2) en Octubre.",Capacidad_Recursos,Backlog,Normal,2026-10-01,2026-11-02,"GESTION_PROYECTO,CAPACIDAD",178,CAP-QA-M10,QA-Calidad (desde mes 2),R1,,Baja,Bajo,Calidad,Desarrollo,S9-S12,Octubre,100.0,PMO — Capacidad
QA-Calidad (desde mes 2) — Carga Noviembre 2026 (99.9%),"PANEL DE CAPACIDAD MENSUAL
Recurso: QA-Calidad (desde mes 2)
Mes: Noviembre 2026
Horas planificadas: 178.3h de 178.5h disponibles (neto feriados Peru, 8.5h/dia)
Carga: 99.9% — Estado: OPTIMO
Meta del proyecto: 90%+ promedio en 6 meses

Esta tarea es un indicador para dashboard ClickUp. No requiere ejecucion tecnica: consolida la suma de horas de todas las tareas asignadas a QA-Calidad (desde mes 2) en Noviembre.",Capacidad_Recursos,Backlog,Normal,2026-11-02,2026-11-30,"GESTION_PROYECTO,CAPACIDAD",178,CAP-QA-M11,QA-Calidad (desde mes 2),R1,,Baja,Bajo,Calidad,Desarrollo,S12-S13,Noviembre,99.9,PMO — Capacidad
SYS-Infraestructura — Carga Junio 2026 (0.0%),"PANEL DE CAPACIDAD MENSUAL
Recurso: SYS-Infraestructura
Mes: Junio 2026
Horas planificadas: 0.0h de 178.5h disponibles (neto feriados Peru, 8.5h/dia)
Carga: 0.0% — Estado: BAJO
Meta del proyecto: 90%+ promedio en 6 meses

Esta tarea es un indicador para dashboard ClickUp. No requiere ejecucion tecnica: consolida la suma de horas de todas las tareas asignadas a SYS-Infraestructura en Junio.",Capacidad_Recursos,Backlog,Normal,2026-06-01,2026-06-30,"GESTION_PROYECTO,CAPACIDAD",1,CAP-SYS-M06,SYS-Infraestructura,R1,,Baja,Bajo,Infraestructura,Desarrollo,S1-S3,Junio,0.0,PMO — Capacidad
SYS-Infraestructura — Carga Julio 2026 (92.1%),"PANEL DE CAPACIDAD MENSUAL
Recurso: SYS-Infraestructura
Mes: Julio 2026
Horas planificadas: 156.5h de 170.0h disponibles (neto feriados Peru, 8.5h/dia)
Carga: 92.1% — Estado: OPTIMO
Meta del proyecto: 90%+ promedio en 6 meses

Esta tarea es un indicador para dashboard ClickUp. No requiere ejecucion tecnica: consolida la suma de horas de todas las tareas asignadas a SYS-Infraestructura en Julio.",Capacidad_Recursos,Backlog,Normal,2026-07-01,2026-07-31,"GESTION_PROYECTO,CAPACIDAD",156,CAP-SYS-M07,SYS-Infraestructura,R1,,Baja,Bajo,Infraestructura,Desarrollo,S3-S5,Julio,92.1,PMO — Capacidad
SYS-Infraestructura — Carga Agosto 2026 (90.0%),"PANEL DE CAPACIDAD MENSUAL
Recurso: SYS-Infraestructura
Mes: Agosto 2026
Horas planificadas: 153.0h de 170.0h disponibles (neto feriados Peru, 8.5h/dia)
Carga: 90.0% — Estado: OPTIMO
Meta del proyecto: 90%+ promedio en 6 meses

Esta tarea es un indicador para dashboard ClickUp. No requiere ejecucion tecnica: consolida la suma de horas de todas las tareas asignadas a SYS-Infraestructura en Agosto.",Capacidad_Recursos,Backlog,Normal,2026-08-03,2026-08-31,"GESTION_PROYECTO,CAPACIDAD",153,CAP-SYS-M08,SYS-Infraestructura,R1,,Baja,Bajo,Infraestructura,Desarrollo,S5-S7,Agosto,90.0,PMO — Capacidad
SYS-Infraestructura — Carga Septiembre 2026 (100.0%),"PANEL DE CAPACIDAD MENSUAL
Recurso: SYS-Infraestructura
Mes: Septiembre 2026
Horas planificadas: 187.0h de 187.0h disponibles (neto feriados Peru, 8.5h/dia)
Carga: 100.0% — Estado: OPTIMO
Meta del proyecto: 90%+ promedio en 6 meses

Esta tarea es un indicador para dashboard ClickUp. No requiere ejecucion tecnica: consolida la suma de horas de todas las tareas asignadas a SYS-Infraestructura en Septiembre.",Capacidad_Recursos,Backlog,Normal,2026-09-01,2026-09-30,"GESTION_PROYECTO,CAPACIDAD",187,CAP-SYS-M09,SYS-Infraestructura,R1,,Baja,Bajo,Infraestructura,Desarrollo,S7-S9,Septiembre,100.0,PMO — Capacidad
SYS-Infraestructura — Carga Octubre 2026 (99.6%),"PANEL DE CAPACIDAD MENSUAL
Recurso: SYS-Infraestructura
Mes: Octubre 2026
Horas planificadas: 177.8h de 178.5h disponibles (neto feriados Peru, 8.5h/dia)
Carga: 99.6% — Estado: OPTIMO
Meta del proyecto: 90%+ promedio en 6 meses

Esta tarea es un indicador para dashboard ClickUp. No requiere ejecucion tecnica: consolida la suma de horas de todas las tareas asignadas a SYS-Infraestructura en Octubre.",Capacidad_Recursos,Backlog,Normal,2026-10-01,2026-11-02,"GESTION_PROYECTO,CAPACIDAD",177,CAP-SYS-M10,SYS-Infraestructura,R1,,Baja,Bajo,Infraestructura,Desarrollo,S9-S12,Octubre,99.6,PMO — Capacidad
SYS-Infraestructura — Carga Noviembre 2026 (100.0%),"PANEL DE CAPACIDAD MENSUAL
Recurso: SYS-Infraestructura
Mes: Noviembre 2026
Horas planificadas: 178.5h de 178.5h disponibles (neto feriados Peru, 8.5h/dia)
Carga: 100.0% — Estado: OPTIMO
Meta del proyecto: 90%+ promedio en 6 meses

Esta tarea es un indicador para dashboard ClickUp. No requiere ejecucion tecnica: consolida la suma de horas de todas las tareas asignadas a SYS-Infraestructura en Noviembre.",Capacidad_Recursos,Backlog,Normal,2026-11-02,2026-11-30,"GESTION_PROYECTO,CAPACIDAD",178,CAP-SYS-M11,SYS-Infraestructura,R1,,Baja,Bajo,Infraestructura,Desarrollo,S12-S13,Noviembre,100.0,PMO — Capacidad
Organizar repositorios Git y reglas de trabajo del codigo,"OBJETIVO: Definir donde vive el codigo y como el equipo colabora sin pisarse.

PARA LA MINA: Base ordenada para entregas auditables (quien cambio que, cuando y por que).

ENTREGABLE: Repositorios Git, ramas main/develop/feature, proteccion de ramas, hooks de calidad.

VPS REQUERIDO: Ninguno — se hace en GitHub/GitLab desde julio 2026 (mes 2 del proyecto).

DEPENDE DE: Nada (inicio SYS en mes 2).

EXITO: Todo desarrollador clona el repo y sigue la misma estrategia de ramas.",DevOps_Infra,Backlog,High,2026-07-01,2026-07-31,INFRAESTRUCTURA,14,DEV-001,SYS-Infraestructura,R2,,Baja,Bajo,Infraestructura,Desarrollo,S3-S5,Transversal,92.1,Agile — DevOps
Empaquetar todos los servicios en contenedores Docker,"OBJETIVO: Que backend, frontend, bases de datos y servicios auxiliares corran igual en cualquier maquina.

PARA LA MINA: Misma plataforma en laptop del programador, servidor de desarrollo y produccion en Lima.

ENTREGABLE: Dockerfiles + docker-compose.yml completo (C++, React, PostgreSQL, Redis, MinIO, Kafka, Grafana, etc.).

VPS REQUERIDO: Ninguno al inicio — primero se valida en laptops; luego se despliega en VPS dev (DEV-003).

DEPENDE DE: DEV-001.

EXITO: `docker compose up` levanta la plataforma completa en local.",DevOps_Infra,Backlog,High,2026-07-31,2026-08-28,INFRAESTRUCTURA,29,DEV-002,"BACKEND 1 — DBA / Arq. Datos y Core, SYS-Infraestructura",R2,DEV-001,Alta,Medio,Infraestructura,Desarrollo,S5-S7,Transversal,100.0,Agile — DevOps
Contratar e instalar VPS de DESARROLLO compartido para el equipo,"OBJETIVO: Servidor remoto donde todos los programadores prueban integraciones con datos compartidos.

PARA LA MINA: Primer servidor real en datacenter; permite probar sensores, mapas e informes como en faena.

ENTREGABLE: VPS Linux con Docker, todos los servicios DEV-002, datos de prueba, acceso VPN/SSH por rol.

VPS REQUERIDO: SI — VPS DESARROLLO. Fecha clave: ~20 jul 2026 (semana 8). Tamano inicial: 8 vCPU / 32 GB RAM / 500 GB NVMe.

DEPENDE DE: DEV-002 (imagenes Docker listas).

EXITO: Backend y frontend se conectan al mismo ambiente; deja de depender de laptops aisladas.",DevOps_Infra,Backlog,High,2026-08-28,2026-09-24,INFRAESTRUCTURA,23,DEV-003,"BACKEND 1 — DBA / Arq. Datos y Core, SYS-Infraestructura",R2,DEV-002,Alta,Medio,Infraestructura,Desarrollo,S7-S9,Transversal,99.3,Agile — DevOps
Instalar VPS de PRUEBAS / CERTIFICACION (staging),"OBJETIVO: Replica controlada de produccion exclusiva para QA y aprobaciones.

PARA LA MINA: Ningun cambio llega a operadores sin pasar por este ambiente.

ENTREGABLE: VPS staging identico a prod (mismas versiones), flujo Dev -> Staging -> Prod documentado.

VPS REQUERIDO: SI — VPS STAGING (~agosto 2026, semana 10).

DEPENDE DE: DEV-003.

EXITO: QA certifica releases en staging antes del Go-Live.",DevOps_Infra,Backlog,High,2026-09-24,2026-10-22,"INFRAESTRUCTURA,PRUEBAS_CALIDAD",29,DEV-004,"SYS-Infraestructura, QA-Calidad (desde mes 2)",R3,DEV-003,Alta,Alto,Infraestructura,Desarrollo,S9-S11,Transversal,100.0,Agile — DevOps
Instalar VPS de PRODUCCION en datacenter Lima (usuarios reales),"OBJETIVO: Ambiente definitivo para la mina con alta disponibilidad y seguridad.

PARA LA MINA: Plataforma que usaran operadores, geotecnia y gerencia en faena.

ENTREGABLE: Dos VPS (principal + respaldo), DNS, SSL, firewall, VPN, monitoreo y backups automaticos.

VPS REQUERIDO: SI — VPS PRODUCCION (~octubre 2026, semana 17-18). Tier III Lima.

DEPENDE DE: DEV-004 (staging aprobado) + hitos P2-M5 (infra productiva).

EXITO: Marcha blanca y Go-Live nov 2026 sobre este ambiente.",DevOps_Infra,Backlog,Urgent,2026-10-22,2026-11-20,"INFRAESTRUCTURA,CRITICO",27,DEV-005,"BACKEND 1 — DBA / Arq. Datos y Core, SYS-Infraestructura, ARQ-Arquitecto TI / PMO",R5,DEV-004,Alta,Alto,Infraestructura,Desarrollo,S11-S13,Transversal,90.2,Agile — DevOps
Optimizar velocidad de carga de la plataforma web,"Hacer que la plataforma cargue rapidamente: dividir el codigo en partes que se cargan solo cuando se necesitan (el editor se carga al abrir un informe, el mapa solo al ver el dashboard), comprimir archivos, precargar pantallas principales. La plataforma debe mostrar contenido en menos de 1.5 segundos.",MES3_AGOSTO_UX_Sensores,Backlog,High,2026-07-27,2026-07-31,"EXPERIENCIA_USUARIO,DATOS",13,FE1-O01,FRONTEND 1 — Interfaces (mes 1 al 6),R3,,Alta,Medio,Frontend,Desarrollo,S5,Agosto,99.1,Agile — Desarrollo por Sprint
Convertir la plataforma en aplicacion instalable para uso en campo (modo sin conexion),Transformar la plataforma web para que funcione como una aplicacion que se puede instalar en tablets y computadoras. El usuario puede crear y consultar informes sin conexion a internet (en zonas de la mina sin senal). Los datos se guardan localmente y se sincronizan cuando vuelve la conexion.,MES3_AGOSTO_UX_Sensores,Backlog,High,2026-08-03,2026-08-31,"EXPERIENCIA_USUARIO,SIN_CONEXION",13,FE1-O02,FRONTEND 1 — Interfaces (mes 1 al 6),R3,,Alta,Alto,Frontend,Desarrollo,S5-S7,Agosto,98.3,Agile — Desarrollo por Sprint
Monitoreo de errores frontend (Sentry integration),"Integración de Sentry en React: captura automática de errores JS, source maps para debugging, contexto de usuario/ruta/dispositivo. Dashboard de errores. Alertas por nuevos errores en producción.",MES4_SEPTIEMBRE_Integracion_QA,Backlog,High,2026-08-24,2026-09-30,"EXPERIENCIA_USUARIO,INFRAESTRUCTURA",13,FE1-O03,FRONTEND 1 — Interfaces (mes 1 al 6),R4,,Media,Medio,Frontend,Desarrollo,S7-S9,Septiembre,98.3,Agile — Desarrollo por Sprint
Documentación de componentes React (Storybook),"Catálogo visual de todos los componentes React de la plataforma: botones, inputs, tablas, cards, modales, etc. Cada componente con variantes, estados y código de ejemplo. Referencia para todo el equipo frontend.",MES4_SEPTIEMBRE_Integracion_QA,Backlog,Normal,2026-08-24,2026-09-30,"DOCUMENTACION,EXPERIENCIA_USUARIO",28,FE1-O04,"FRONTEND 1 — Interfaces (mes 1 al 6), Soporte PMO — Analista Funcional y Documentador",R4,,Media,Bajo,Frontend,Desarrollo,S7-S9,Septiembre,98.3,Agile — Desarrollo por Sprint
Optimización de state management (Redux/Zustand),"Refactoring del manejo de estado: normalización de store, selectores memoizados, eliminación de re-renders innecesarios. Reducir renders del editor en >50%. Profiling con React DevTools.",MES4_SEPTIEMBRE_Integracion_QA,Backlog,High,2026-08-24,2026-09-30,"DATOS,EXPERIENCIA_USUARIO",13,FE1-O05,FRONTEND 1 — Interfaces (mes 1 al 6),R4,,Alta,Medio,Frontend,Desarrollo,S7-S9,Septiembre,98.3,Agile — Desarrollo por Sprint
Pantalla de historial de actividades y audit trail visual,"Vista de timeline de actividades del usuario y del sistema: quién editó qué informe, cuándo se aprobó, quién exportó. Filtros por usuario, tipo de acción, rango de fechas. Integración con audit log backend.",MES4_SEPTIEMBRE_Integracion_QA,Backlog,Normal,2026-08-24,2026-08-31,"EXPERIENCIA_USUARIO,SEGURIDAD,GERENCIA",13,FE1-O08,FRONTEND 1 — Interfaces (mes 1 al 6),R4,,Media,Bajo,Frontend,Desarrollo,S7,Septiembre,98.3,Agile — Desarrollo por Sprint
Internacionalización del frontend (i18n framework setup),"Setup del framework de internacionalización: react-intl o i18next, extracción de strings, estructura de archivos de traducción, pluralización, formatos de fecha/número. Base para la traducción de FE2.",MES4_SEPTIEMBRE_Integracion_QA,Backlog,Normal,2026-08-24,2026-09-30,"EXPERIENCIA_USUARIO,INTEGRACION",24,FE1-O09,"FRONTEND 1 — Interfaces (mes 1 al 6), FRONTEND 2 — UX y Soporte (desde mes 2)",R4,,Alta,Medio,Frontend,Desarrollo,S7-S9,Septiembre,98.3,Agile — Desarrollo por Sprint
Testing de compatibilidad cross-browser completo,"Pruebas exhaustivas en todos los navegadores target: Chrome 120+, Firefox 115+, Edge 120+, Safari 17+. Verificar editor, GIS, exportaciones, WebSocket. Fix de incompatibilidades detectadas.",MES5_OCTUBRE_Optimizacion,Backlog,High,2026-10-01,2026-11-16,"PRUEBAS_CALIDAD,EXPERIENCIA_USUARIO",24,FE1-O10,"FRONTEND 1 — Interfaces (mes 1 al 6), QA-Calidad (desde mes 2)",R5,,Alta,Medio,Frontend,Desarrollo,S9-S13,Octubre,100.0,Agile — Desarrollo por Sprint
Optimización de carga del editor para informes grandes (100+ páginas),"Performance tuning del editor TipTap para documentos largos: virtualización de nodos, debounce de operaciones, lazy rendering de páginas no visibles. Target: editor fluido con informes de 100+ páginas.",MES5_OCTUBRE_Optimizacion,Backlog,High,2026-11-02,2026-11-16,"EDITOR_INFORMES,DATOS",13,FE1-O11,FRONTEND 1 — Interfaces (mes 1 al 6),R5,,Alta,Alto,Frontend,Desarrollo,S12-S13,Octubre,97.8,Agile — Desarrollo por Sprint
Correcciones de UX basadas en feedback de marcha blanca,"Sprint dedicado a corregir problemas de usabilidad detectados durante la marcha blanca: ajustes de layout, mejoras en flujos confusos, correcciones de texto, mejoras de rendimiento perceptual.",MES6_NOVIEMBRE_GoLive,Backlog,Urgent,2026-11-02,2026-11-30,"EXPERIENCIA_USUARIO,PRODUCCION,SOPORTE",13,FE1-O12,FRONTEND 1 — Interfaces (mes 1 al 6),R6,,Media,Alto,Frontend,Desarrollo,S12-S13,Noviembre,97.8,Agile — Desarrollo por Sprint
Investigación UX inicial: entrevistas con usuarios de mina,"Sesiones de investigación con ingenieros de mina, supervisores y operadores para entender cómo trabajan hoy, qué problemas tienen con los sistemas actuales, qué necesitan para su trabajo diario. Documentación de user personas y journey maps.",MES1_JUNIO_Analisis_Arquitectura,Backlog,High,2026-06-01,2026-06-30,"EXPERIENCIA_USUARIO,SOPORTE,DOCUMENTACION",13,FE2-U01,FRONTEND 1 — Interfaces (mes 1 al 6),R1,,Media,Medio,Frontend,Desarrollo,S1-S3,Junio,90.0,Agile — Desarrollo por Sprint
Investigación UX continua: sesiones de usabilidad quincenal,"Sesiones de usabilidad con usuarios reales cada 2 semanas durante el desarrollo. Pruebas de prototipos, validación de flujos, detección de problemas de usabilidad. Reporte con hallazgos y recomendaciones priorizadas.",MES3_AGOSTO_UX_Sensores,Backlog,High,2026-07-27,2026-08-31,"EXPERIENCIA_USUARIO,SOPORTE",46,FE2-U02,"FRONTEND 2 — UX y Soporte (desde mes 2), FRONTEND 1 — Interfaces (mes 1 al 6), QA-Calidad (desde mes 2)",R2,FE2-U01,Media,Medio,Frontend,Desarrollo,S5-S7,Agosto,90.0,Agile — Desarrollo por Sprint
"Soporte multi-idioma de la plataforma (espanol, ingles, portugues)","Preparar la plataforma para funcionar en 3 idiomas: espanol, ingles y portugues. El usuario puede cambiar el idioma en cualquier momento y toda la interfaz se traduce: menus, botones, mensajes, formatos de fecha y numeros. Necesario para operaciones mineras en varios paises de Latinoamerica.",MES3_AGOSTO_UX_Sensores,Backlog,Normal,2026-07-27,2026-08-31,"EXPERIENCIA_USUARIO,INTEGRACION",28,FE2-U05,"FRONTEND 2 — UX y Soporte (desde mes 2), FRONTEND 1 — Interfaces (mes 1 al 6)",R3,,Alta,Medio,Frontend,Desarrollo,S5-S7,Agosto,90.0,Agile — Desarrollo por Sprint
Diseño de templates de email para notificaciones del sistema,"Diseño de plantillas HTML responsive para emails transaccionales: aprobación de informe, alerta de sensor, recordatorio de revisión, bienvenida. Branding corporativo minero, compatibilidad con Outlook/Gmail.",MES4_SEPTIEMBRE_Integracion_QA,Backlog,Normal,2026-09-01,2026-09-30,"EXPERIENCIA_USUARIO,NOTIFICACIONES",20,FE2-U06,FRONTEND 2 — UX y Soporte (desde mes 2),R4,,Media,Bajo,Frontend,Desarrollo,S7-S9,Septiembre,90.0,Agile — Desarrollo por Sprint
Guia interactiva de bienvenida para nuevos usuarios de la plataforma,"Cuando un usuario entra por primera vez a la plataforma, se muestra un tour guiado paso a paso: como configurar su perfil, como crear su primer informe, como usar el editor, como aprobar documentos. El objetivo es que el usuario pueda empezar a trabajar sin necesidad de capacitacion externa.",MES4_SEPTIEMBRE_Integracion_QA,Backlog,Normal,2026-08-24,2026-09-30,"EXPERIENCIA_USUARIO,SOPORTE",20,FE2-U08,FRONTEND 2 — UX y Soporte (desde mes 2),R4,,Media,Bajo,Frontend,Desarrollo,S7-S9,Septiembre,90.6,Agile — Desarrollo por Sprint
"Sistema de ayuda contextual (tooltips, guías, FAQ)","Implementación de ayuda contextual en cada módulo: tooltips en iconos/botones, guías paso a paso para flujos complejos (aprobación, exportación, firma), sección de FAQ. Reducir tickets de soporte.",MES4_SEPTIEMBRE_Integracion_QA,Backlog,Normal,2026-08-24,2026-08-31,"EXPERIENCIA_USUARIO,SOPORTE",27,FE2-U09,FRONTEND 2 — UX y Soporte (desde mes 2),R4,,Media,Bajo,Frontend,Desarrollo,S7,Septiembre,90.6,Agile — Desarrollo por Sprint
"Diseño del módulo de administración (usuarios, roles, config)","Pantallas administrativas para el administrador del sistema: gestión de usuarios, asignación de roles, configuración de tenant, logs de auditoría visual, configuración de notificaciones, parámetros del sistema.",MES4_SEPTIEMBRE_Integracion_QA,Backlog,High,2026-09-01,2026-09-30,"EXPERIENCIA_USUARIO,SEGURIDAD,GERENCIA",24,FE2-U10,"FRONTEND 2 — UX y Soporte (desde mes 2), FRONTEND 1 — Interfaces (mes 1 al 6)",R4,,Alta,Medio,Frontend,Desarrollo,S7-S9,Septiembre,90.0,Agile — Desarrollo por Sprint
"Módulo de administración: usuarios, roles, configuración","Implementación funcional del módulo admin: CRUD usuarios, asignación de roles RBAC, configuración por tenant, visualización de audit logs, parámetros del sistema. Solo accesible a rol Administrador.",MES4_SEPTIEMBRE_Integracion_QA,Backlog,High,2026-08-24,2026-09-30,"EXPERIENCIA_USUARIO,SEGURIDAD,GERENCIA",28,FE1-O07,"FRONTEND 1 — Interfaces (mes 1 al 6), Soporte PMO — Analista Funcional y Documentador",R4,FE2-U10,Alta,Medio,Frontend,Desarrollo,S7-S9,Septiembre,98.3,Agile — Desarrollo por Sprint
Auditoría de accesibilidad WCAG completa y correcciones,"Auditoría exhaustiva de accesibilidad en toda la plataforma: contraste, navegación por teclado, ARIA labels, formularios, tablas de datos. Corrección de todos los hallazgos nivel AA.",MES5_OCTUBRE_Optimizacion,Backlog,High,2026-10-01,2026-11-16,"EXPERIENCIA_USUARIO,SEGURIDAD,PRUEBAS_CALIDAD",35,FE2-U12,"FRONTEND 2 — UX y Soporte (desde mes 2), QA-Calidad (desde mes 2), FRONTEND 1 — Interfaces (mes 1 al 6)",R5,,Alta,Medio,Frontend,Desarrollo,S9-S13,Octubre,90.0,Agile — Desarrollo por Sprint
Pruebas de usabilidad en entorno minero real (in-situ),"Visita a la unidad minera para pruebas de usabilidad in-situ: usar la plataforma en condiciones reales (polvo, luz solar, guantes, ruido). Documentar problemas específicos del entorno y ajustar la UX.",MES5_OCTUBRE_Optimizacion,Backlog,High,2026-11-02,2026-11-16,"EXPERIENCIA_USUARIO,SOPORTE",30,FE2-U13,"FRONTEND 2 — UX y Soporte (desde mes 2), ARQ-Arquitecto TI / PMO",R5,,Media,Alto,Frontend,Desarrollo,S12-S13,Octubre,93.9,Agile — Desarrollo por Sprint
Material de capacitación para usuarios finales,"Creación de material de entrenamiento: video-tutoriales (5-10 min cada uno), guía rápida imprimible (2 páginas), manual de usuario completo, guía de troubleshooting. Para supervisores, ingenieros y gerentes.",MES6_NOVIEMBRE_GoLive,Backlog,High,2026-11-02,2026-11-30,"SOPORTE,DOCUMENTACION",45,FE2-U14,"FRONTEND 2 — UX y Soporte (desde mes 2), QA-Calidad (desde mes 2), Soporte PMO — Analista Funcional y Documentador",R6,,Media,Medio,Frontend,Desarrollo,S12-S13,Noviembre,93.9,Agile — Desarrollo por Sprint
Soporte a usuarios durante marcha blanca y GoLive,"Soporte dedicado on-site y remoto durante la marcha blanca: resolver dudas de usuarios, registrar issues, priorizar bugs de UX, ajustes rápidos de interfaz basados en feedback directo.",MES6_NOVIEMBRE_GoLive,Backlog,Urgent,2026-11-02,2026-11-30,"SOPORTE,PRODUCCION",32,FE2-U15,"FRONTEND 2 — UX y Soporte (desde mes 2), FRONTEND 1 — Interfaces (mes 1 al 6)",R6,,Media,Alto,Frontend,Desarrollo,S12-S13,Noviembre,93.9,Agile — Desarrollo por Sprint
Documentación de guías de usuario visuales (screenshots),"Manual de usuario visual con capturas de pantalla anotadas de cada flujo: cómo crear un informe, cómo aprobar, cómo exportar, cómo usar el mapa, cómo configurar alertas. Formato PDF y ayuda online.",MES6_NOVIEMBRE_GoLive,Backlog,High,2026-11-02,2026-11-03,"DOCUMENTACION,SOPORTE",36,FE2-U16,"FRONTEND 2 — UX y Soporte (desde mes 2), Soporte PMO — Analista Funcional y Documentador, FRONTEND 1 — Interfaces (mes 1 al 6)",R6,,Media,Bajo,Frontend,Desarrollo,S12,Noviembre,93.9,Agile — Desarrollo por Sprint
Encuestas NPS y optimización UX post-lanzamiento,"Encuestas de satisfacción a usuarios clave tras GoLive (NPS, SUS), análisis de fricciones reportadas en marcha blanca, ajustes UX de prioridad alta en pantallas críticas y reporte de mejoras para backlog post-proyecto.",MES6_NOVIEMBRE_GoLive,Backlog,High,2026-11-30,2026-11-30,"EXPERIENCIA_USUARIO,SOPORTE,PRODUCCION",27,FE2-U17,FRONTEND 2 — UX y Soporte (desde mes 2),R6,FE2-U15,Media,Medio,Frontend,Desarrollo,S13,Noviembre,93.9,Agile — Desarrollo por Sprint
Gobierno arquitectonico y alineamiento tecnico transversal — Julio,"Actividad transversal planificada para mantener carga mensual >= 90% en Julio 2026 (ARQ-Arquitecto TI / PMO). Incluye revisiones, soporte cruzado, documentacion y cierre de pendientes del mes.",MES2_JULIO_Core_Seguridad,Backlog,Normal,2026-07-01,2026-07-31,"GESTION_PROYECTO,SOPORTE,CAPACIDAD",36,FLOOR-ARQ-M07-01,ARQ-Arquitecto TI / PMO,R1,,Baja,Bajo,Arquitectura,Desarrollo,S3-S5,Julio,94.3,Agile — Desarrollo por Sprint
Gobierno arquitectonico y alineamiento tecnico transversal — Julio,"Actividad transversal planificada para mantener carga mensual >= 90% en Julio 2026 (ARQ-Arquitecto TI / PMO). Incluye revisiones, soporte cruzado, documentacion y cierre de pendientes del mes.",MES2_JULIO_Core_Seguridad,Backlog,Normal,2026-07-01,2026-07-31,"GESTION_PROYECTO,SOPORTE,CAPACIDAD",26,FLOOR-ARQ-M07-02,ARQ-Arquitecto TI / PMO,R1,,Baja,Bajo,Arquitectura,Desarrollo,S3-S5,Julio,94.3,Agile — Desarrollo por Sprint
Gobierno arquitectonico y alineamiento tecnico transversal — Julio,"Actividad transversal planificada para mantener carga mensual >= 90% en Julio 2026 (ARQ-Arquitecto TI / PMO). Incluye revisiones, soporte cruzado, documentacion y cierre de pendientes del mes.",MES2_JULIO_Core_Seguridad,Backlog,Normal,2026-07-01,2026-07-31,"GESTION_PROYECTO,SOPORTE,CAPACIDAD",11,FLOOR-ARQ-M07-03,ARQ-Arquitecto TI / PMO,R1,,Baja,Bajo,Arquitectura,Desarrollo,S3-S5,Julio,94.3,Agile — Desarrollo por Sprint
Gobierno arquitectonico y alineamiento tecnico transversal — Julio,"Actividad transversal planificada para mantener carga mensual >= 90% en Julio 2026 (ARQ-Arquitecto TI / PMO). Incluye revisiones, soporte cruzado, documentacion y cierre de pendientes del mes.",MES2_JULIO_Core_Seguridad,Backlog,Normal,2026-07-01,2026-07-31,"GESTION_PROYECTO,SOPORTE,CAPACIDAD",5,FLOOR-ARQ-M07-04,ARQ-Arquitecto TI / PMO,R1,,Baja,Bajo,Arquitectura,Desarrollo,S3-S5,Julio,94.3,Agile — Desarrollo por Sprint
Gobierno arquitectonico y alineamiento tecnico transversal — Julio,"Actividad transversal planificada para mantener carga mensual >= 90% en Julio 2026 (ARQ-Arquitecto TI / PMO). Incluye revisiones, soporte cruzado, documentacion y cierre de pendientes del mes.",MES2_JULIO_Core_Seguridad,Backlog,Normal,2026-07-01,2026-07-31,"GESTION_PROYECTO,SOPORTE,CAPACIDAD",2,FLOOR-ARQ-M07-05,ARQ-Arquitecto TI / PMO,R1,,Baja,Bajo,Arquitectura,Desarrollo,S3-S5,Julio,94.3,Agile — Desarrollo por Sprint
Gobierno arquitectonico y alineamiento tecnico transversal — Agosto,"Actividad transversal planificada para mantener carga mensual >= 90% en Agosto 2026 (ARQ-Arquitecto TI / PMO). Incluye revisiones, soporte cruzado, documentacion y cierre de pendientes del mes.",MES3_AGOSTO_UX_Sensores,Backlog,Normal,2026-08-03,2026-08-31,"GESTION_PROYECTO,SOPORTE,CAPACIDAD",34,FLOOR-ARQ-M08-01,ARQ-Arquitecto TI / PMO,R1,,Baja,Bajo,Arquitectura,Desarrollo,S5-S7,Agosto,91.6,Agile — Desarrollo por Sprint
Gobierno arquitectonico y alineamiento tecnico transversal — Agosto,"Actividad transversal planificada para mantener carga mensual >= 90% en Agosto 2026 (ARQ-Arquitecto TI / PMO). Incluye revisiones, soporte cruzado, documentacion y cierre de pendientes del mes.",MES3_AGOSTO_UX_Sensores,Backlog,Normal,2026-08-03,2026-08-31,"GESTION_PROYECTO,SOPORTE,CAPACIDAD",32,FLOOR-ARQ-M08-02,ARQ-Arquitecto TI / PMO,R1,,Baja,Bajo,Arquitectura,Desarrollo,S5-S7,Agosto,91.6,Agile — Desarrollo por Sprint
Gobierno arquitectonico y alineamiento tecnico transversal — Agosto,"Actividad transversal planificada para mantener carga mensual >= 90% en Agosto 2026 (ARQ-Arquitecto TI / PMO). Incluye revisiones, soporte cruzado, documentacion y cierre de pendientes del mes.",MES3_AGOSTO_UX_Sensores,Backlog,Normal,2026-08-03,2026-08-31,"GESTION_PROYECTO,SOPORTE,CAPACIDAD",21,FLOOR-ARQ-M08-03,ARQ-Arquitecto TI / PMO,R1,,Baja,Bajo,Arquitectura,Desarrollo,S5-S7,Agosto,91.6,Agile — Desarrollo por Sprint
Gobierno arquitectonico y alineamiento tecnico transversal — Agosto,"Actividad transversal planificada para mantener carga mensual >= 90% en Agosto 2026 (ARQ-Arquitecto TI / PMO). Incluye revisiones, soporte cruzado, documentacion y cierre de pendientes del mes.",MES3_AGOSTO_UX_Sensores,Backlog,Normal,2026-08-03,2026-08-31,"GESTION_PROYECTO,SOPORTE,CAPACIDAD",6,FLOOR-ARQ-M08-04,ARQ-Arquitecto TI / PMO,R1,,Baja,Bajo,Arquitectura,Desarrollo,S5-S7,Agosto,91.6,Agile — Desarrollo por Sprint
Gobierno arquitectonico y alineamiento tecnico transversal — Septiembre,"Actividad transversal planificada para mantener carga mensual >= 90% en Septiembre 2026 (ARQ-Arquitecto TI / PMO). Incluye revisiones, soporte cruzado, documentacion y cierre de pendientes del mes.",MES4_SEPTIEMBRE_Integracion_QA,Backlog,Normal,2026-09-01,2026-09-30,"GESTION_PROYECTO,SOPORTE,CAPACIDAD",2,FLOOR-ARQ-M09-01,ARQ-Arquitecto TI / PMO,R1,,Baja,Bajo,Arquitectura,Desarrollo,S7-S9,Septiembre,96.1,Agile — Desarrollo por Sprint
Gobierno arquitectonico y alineamiento tecnico transversal — Octubre,"Actividad transversal planificada para mantener carga mensual >= 90% en Octubre 2026 (ARQ-Arquitecto TI / PMO). Incluye revisiones, soporte cruzado, documentacion y cierre de pendientes del mes.",MES5_OCTUBRE_Optimizacion,Backlog,Normal,2026-10-01,2026-11-02,"GESTION_PROYECTO,SOPORTE,CAPACIDAD",7,FLOOR-ARQ-M10-01,ARQ-Arquitecto TI / PMO,R1,,Baja,Bajo,Arquitectura,Desarrollo,S9-S12,Octubre,91.6,Agile — Desarrollo por Sprint
Gobierno arquitectonico y alineamiento tecnico transversal — Octubre,"Actividad transversal planificada para mantener carga mensual >= 90% en Octubre 2026 (ARQ-Arquitecto TI / PMO). Incluye revisiones, soporte cruzado, documentacion y cierre de pendientes del mes.",MES5_OCTUBRE_Optimizacion,Backlog,Normal,2026-10-01,2026-11-02,"GESTION_PROYECTO,SOPORTE,CAPACIDAD",2,FLOOR-ARQ-M10-02,ARQ-Arquitecto TI / PMO,R1,,Baja,Bajo,Arquitectura,Desarrollo,S9-S12,Octubre,91.6,Agile — Desarrollo por Sprint
Gobierno arquitectonico y alineamiento tecnico transversal — Octubre,"Actividad transversal planificada para mantener carga mensual >= 90% en Octubre 2026 (ARQ-Arquitecto TI / PMO). Incluye revisiones, soporte cruzado, documentacion y cierre de pendientes del mes.",MES5_OCTUBRE_Optimizacion,Backlog,Normal,2026-10-01,2026-11-02,"GESTION_PROYECTO,SOPORTE,CAPACIDAD",3,FLOOR-ARQ-M10-03,ARQ-Arquitecto TI / PMO,R1,,Baja,Bajo,Arquitectura,Desarrollo,S9-S12,Octubre,91.6,Agile — Desarrollo por Sprint
Gobierno arquitectonico y alineamiento tecnico transversal — Noviembre,"Actividad transversal planificada para mantener carga mensual >= 90% en Noviembre 2026 (ARQ-Arquitecto TI / PMO). Incluye revisiones, soporte cruzado, documentacion y cierre de pendientes del mes.",MES6_NOVIEMBRE_GoLive,Backlog,Normal,2026-11-02,2026-11-30,"GESTION_PROYECTO,SOPORTE,CAPACIDAD",3,FLOOR-ARQ-M11-01,ARQ-Arquitecto TI / PMO,R1,,Baja,Bajo,Arquitectura,Desarrollo,S12-S13,Noviembre,90.1,Agile — Desarrollo por Sprint
Refuerzo core backend y datos transversal — Octubre,"Actividad transversal planificada para mantener carga mensual >= 90% en Octubre 2026 (BACKEND 1 — DBA / Arq. Datos y Core). Incluye revisiones, soporte cruzado, documentacion y cierre de pendientes del mes.",MES5_OCTUBRE_Optimizacion,Backlog,Normal,2026-10-01,2026-11-02,"GESTION_PROYECTO,SOPORTE,CAPACIDAD",7,FLOOR-BE1-M10-01,BACKEND 1 — DBA / Arq. Datos y Core,R1,,Baja,Bajo,Backend Core,Desarrollo,S9-S12,Octubre,90.2,Agile — Desarrollo por Sprint
Refuerzo core backend y datos transversal — Noviembre,"Actividad transversal planificada para mantener carga mensual >= 90% en Noviembre 2026 (BACKEND 1 — DBA / Arq. Datos y Core). Incluye revisiones, soporte cruzado, documentacion y cierre de pendientes del mes.",MES6_NOVIEMBRE_GoLive,Backlog,Normal,2026-11-02,2026-11-30,"GESTION_PROYECTO,SOPORTE,CAPACIDAD",3,FLOOR-BE1-M11-01,BACKEND 1 — DBA / Arq. Datos y Core,R1,,Baja,Bajo,Backend Core,Desarrollo,S12-S13,Noviembre,90.0,Agile — Desarrollo por Sprint
Revision continua OWASP y hardening de seguridad — Junio,"Actividad transversal planificada para mantener carga mensual >= 90% en Junio 2026 (BACKEND 2 — Ciberseguridad Backend (JWT/RBAC/OWASP)). Incluye revisiones, soporte cruzado, documentacion y cierre de pendientes del mes.",MES1_JUNIO_Analisis_Arquitectura,Backlog,Normal,2026-06-01,2026-06-30,"GESTION_PROYECTO,SOPORTE,CAPACIDAD",19,FLOOR-BE2-M06-01,BACKEND 2 — Ciberseguridad Backend (JWT/RBAC/OWASP),R1,,Baja,Bajo,Ciberseguridad Backend,Desarrollo,S1-S3,Junio,90.0,Agile — Desarrollo por Sprint
Revision continua OWASP y hardening de seguridad — Junio,"Actividad transversal planificada para mantener carga mensual >= 90% en Junio 2026 (BACKEND 2 — Ciberseguridad Backend (JWT/RBAC/OWASP)). Incluye revisiones, soporte cruzado, documentacion y cierre de pendientes del mes.",MES1_JUNIO_Analisis_Arquitectura,Backlog,Normal,2026-06-01,2026-06-30,"GESTION_PROYECTO,SOPORTE,CAPACIDAD",8,FLOOR-BE2-M06-02,BACKEND 2 — Ciberseguridad Backend (JWT/RBAC/OWASP),R1,,Baja,Bajo,Ciberseguridad Backend,Desarrollo,S1-S3,Junio,90.0,Agile — Desarrollo por Sprint
Revision continua OWASP y hardening de seguridad — Junio,"Actividad transversal planificada para mantener carga mensual >= 90% en Junio 2026 (BACKEND 2 — Ciberseguridad Backend (JWT/RBAC/OWASP)). Incluye revisiones, soporte cruzado, documentacion y cierre de pendientes del mes.",MES1_JUNIO_Analisis_Arquitectura,Backlog,Normal,2026-06-01,2026-06-30,"GESTION_PROYECTO,SOPORTE,CAPACIDAD",8,FLOOR-BE2-M06-03,BACKEND 2 — Ciberseguridad Backend (JWT/RBAC/OWASP),R1,,Baja,Bajo,Ciberseguridad Backend,Desarrollo,S1-S3,Junio,90.0,Agile — Desarrollo por Sprint
Revision continua OWASP y hardening de seguridad — Junio,"Actividad transversal planificada para mantener carga mensual >= 90% en Junio 2026 (BACKEND 2 — Ciberseguridad Backend (JWT/RBAC/OWASP)). Incluye revisiones, soporte cruzado, documentacion y cierre de pendientes del mes.",MES1_JUNIO_Analisis_Arquitectura,Backlog,Normal,2026-06-01,2026-06-30,"GESTION_PROYECTO,SOPORTE,CAPACIDAD",5,FLOOR-BE2-M06-04,BACKEND 2 — Ciberseguridad Backend (JWT/RBAC/OWASP),R1,,Baja,Bajo,Ciberseguridad Backend,Desarrollo,S1-S3,Junio,90.0,Agile — Desarrollo por Sprint
Revision continua OWASP y hardening de seguridad — Junio,"Actividad transversal planificada para mantener carga mensual >= 90% en Junio 2026 (BACKEND 2 — Ciberseguridad Backend (JWT/RBAC/OWASP)). Incluye revisiones, soporte cruzado, documentacion y cierre de pendientes del mes.",MES1_JUNIO_Analisis_Arquitectura,Backlog,Normal,2026-06-01,2026-06-30,"GESTION_PROYECTO,SOPORTE,CAPACIDAD",7,FLOOR-BE2-M06-05,BACKEND 2 — Ciberseguridad Backend (JWT/RBAC/OWASP),R1,,Baja,Bajo,Ciberseguridad Backend,Desarrollo,S1-S3,Junio,90.0,Agile — Desarrollo por Sprint
Revision continua OWASP y hardening de seguridad — Junio,"Actividad transversal planificada para mantener carga mensual >= 90% en Junio 2026 (BACKEND 2 — Ciberseguridad Backend (JWT/RBAC/OWASP)). Incluye revisiones, soporte cruzado, documentacion y cierre de pendientes del mes.",MES1_JUNIO_Analisis_Arquitectura,Backlog,Normal,2026-06-01,2026-06-30,"GESTION_PROYECTO,SOPORTE,CAPACIDAD",3,FLOOR-BE2-M06-06,BACKEND 2 — Ciberseguridad Backend (JWT/RBAC/OWASP),R1,,Baja,Bajo,Ciberseguridad Backend,Desarrollo,S1-S3,Junio,90.0,Agile — Desarrollo por Sprint
Revision continua OWASP y hardening de seguridad — Julio,"Actividad transversal planificada para mantener carga mensual >= 90% en Julio 2026 (BACKEND 2 — Ciberseguridad Backend (JWT/RBAC/OWASP)). Incluye revisiones, soporte cruzado, documentacion y cierre de pendientes del mes.",MES2_JULIO_Core_Seguridad,Backlog,Normal,2026-07-01,2026-07-31,"GESTION_PROYECTO,SOPORTE,CAPACIDAD",20,FLOOR-BE2-M07-01,BACKEND 2 — Ciberseguridad Backend (JWT/RBAC/OWASP),R1,,Baja,Bajo,Ciberseguridad Backend,Desarrollo,S3-S5,Julio,90.0,Agile — Desarrollo por Sprint
Revision continua OWASP y hardening de seguridad — Julio,"Actividad transversal planificada para mantener carga mensual >= 90% en Julio 2026 (BACKEND 2 — Ciberseguridad Backend (JWT/RBAC/OWASP)). Incluye revisiones, soporte cruzado, documentacion y cierre de pendientes del mes.",MES2_JULIO_Core_Seguridad,Backlog,Normal,2026-07-01,2026-07-31,"GESTION_PROYECTO,SOPORTE,CAPACIDAD",6,FLOOR-BE2-M07-02,BACKEND 2 — Ciberseguridad Backend (JWT/RBAC/OWASP),R1,,Baja,Bajo,Ciberseguridad Backend,Desarrollo,S3-S5,Julio,90.0,Agile — Desarrollo por Sprint
Revision continua OWASP y hardening de seguridad — Julio,"Actividad transversal planificada para mantener carga mensual >= 90% en Julio 2026 (BACKEND 2 — Ciberseguridad Backend (JWT/RBAC/OWASP)). Incluye revisiones, soporte cruzado, documentacion y cierre de pendientes del mes.",MES2_JULIO_Core_Seguridad,Backlog,Normal,2026-07-01,2026-07-31,"GESTION_PROYECTO,SOPORTE,CAPACIDAD",10,FLOOR-BE2-M07-03,BACKEND 2 — Ciberseguridad Backend (JWT/RBAC/OWASP),R1,,Baja,Bajo,Ciberseguridad Backend,Desarrollo,S3-S5,Julio,90.0,Agile — Desarrollo por Sprint
Revision continua OWASP y hardening de seguridad — Julio,"Actividad transversal planificada para mantener carga mensual >= 90% en Julio 2026 (BACKEND 2 — Ciberseguridad Backend (JWT/RBAC/OWASP)). Incluye revisiones, soporte cruzado, documentacion y cierre de pendientes del mes.",MES2_JULIO_Core_Seguridad,Backlog,Normal,2026-07-01,2026-07-31,"GESTION_PROYECTO,SOPORTE,CAPACIDAD",2,FLOOR-BE2-M07-04,BACKEND 2 — Ciberseguridad Backend (JWT/RBAC/OWASP),R1,,Baja,Bajo,Ciberseguridad Backend,Desarrollo,S3-S5,Julio,90.0,Agile — Desarrollo por Sprint
Revision continua OWASP y hardening de seguridad — Julio,"Actividad transversal planificada para mantener carga mensual >= 90% en Julio 2026 (BACKEND 2 — Ciberseguridad Backend (JWT/RBAC/OWASP)). Incluye revisiones, soporte cruzado, documentacion y cierre de pendientes del mes.",MES2_JULIO_Core_Seguridad,Backlog,Normal,2026-07-01,2026-07-31,"GESTION_PROYECTO,SOPORTE,CAPACIDAD",2,FLOOR-BE2-M07-05,BACKEND 2 — Ciberseguridad Backend (JWT/RBAC/OWASP),R1,,Baja,Bajo,Ciberseguridad Backend,Desarrollo,S3-S5,Julio,90.0,Agile — Desarrollo por Sprint
Revision continua OWASP y hardening de seguridad — Julio,"Actividad transversal planificada para mantener carga mensual >= 90% en Julio 2026 (BACKEND 2 — Ciberseguridad Backend (JWT/RBAC/OWASP)). Incluye revisiones, soporte cruzado, documentacion y cierre de pendientes del mes.",MES2_JULIO_Core_Seguridad,Backlog,Normal,2026-07-01,2026-07-31,"GESTION_PROYECTO,SOPORTE,CAPACIDAD",5,FLOOR-BE2-M07-06,BACKEND 2 — Ciberseguridad Backend (JWT/RBAC/OWASP),R1,,Baja,Bajo,Ciberseguridad Backend,Desarrollo,S3-S5,Julio,90.0,Agile — Desarrollo por Sprint
Revision continua OWASP y hardening de seguridad — Agosto,"Actividad transversal planificada para mantener carga mensual >= 90% en Agosto 2026 (BACKEND 2 — Ciberseguridad Backend (JWT/RBAC/OWASP)). Incluye revisiones, soporte cruzado, documentacion y cierre de pendientes del mes.",MES3_AGOSTO_UX_Sensores,Backlog,Normal,2026-08-03,2026-08-31,"GESTION_PROYECTO,SOPORTE,CAPACIDAD",5,FLOOR-BE2-M08-01,BACKEND 2 — Ciberseguridad Backend (JWT/RBAC/OWASP),R1,,Baja,Bajo,Ciberseguridad Backend,Desarrollo,S5-S7,Agosto,90.0,Agile — Desarrollo por Sprint
"Soporte integraciones, APIs y mensajeria transversal — Junio","Actividad transversal planificada para mantener carga mensual >= 90% en Junio 2026 (BACKEND 3 — Integraciones). Incluye revisiones, soporte cruzado, documentacion y cierre de pendientes del mes.",MES1_JUNIO_Analisis_Arquitectura,Backlog,Normal,2026-06-01,2026-06-30,"GESTION_PROYECTO,SOPORTE,CAPACIDAD",24,FLOOR-BE3-M06-01,BACKEND 3 — Integraciones,R1,,Baja,Bajo,Integraciones,Desarrollo,S1-S3,Junio,90.0,Agile — Desarrollo por Sprint
"Soporte integraciones, APIs y mensajeria transversal — Junio","Actividad transversal planificada para mantener carga mensual >= 90% en Junio 2026 (BACKEND 3 — Integraciones). Incluye revisiones, soporte cruzado, documentacion y cierre de pendientes del mes.",MES1_JUNIO_Analisis_Arquitectura,Backlog,Normal,2026-06-01,2026-06-30,"GESTION_PROYECTO,SOPORTE,CAPACIDAD",31,FLOOR-BE3-M06-02,BACKEND 3 — Integraciones,R1,,Baja,Bajo,Integraciones,Desarrollo,S1-S3,Junio,90.0,Agile — Desarrollo por Sprint
"Soporte integraciones, APIs y mensajeria transversal — Junio","Actividad transversal planificada para mantener carga mensual >= 90% en Junio 2026 (BACKEND 3 — Integraciones). Incluye revisiones, soporte cruzado, documentacion y cierre de pendientes del mes.",MES1_JUNIO_Analisis_Arquitectura,Backlog,Normal,2026-06-01,2026-06-30,"GESTION_PROYECTO,SOPORTE,CAPACIDAD",4,FLOOR-BE3-M06-03,BACKEND 3 — Integraciones,R1,,Baja,Bajo,Integraciones,Desarrollo,S1-S3,Junio,90.0,Agile — Desarrollo por Sprint
"Soporte integraciones, APIs y mensajeria transversal — Julio","Actividad transversal planificada para mantener carga mensual >= 90% en Julio 2026 (BACKEND 3 — Integraciones). Incluye revisiones, soporte cruzado, documentacion y cierre de pendientes del mes.",MES2_JULIO_Core_Seguridad,Backlog,Normal,2026-07-01,2026-07-31,"GESTION_PROYECTO,SOPORTE,CAPACIDAD",18,FLOOR-BE3-M07-01,BACKEND 3 — Integraciones,R1,,Baja,Bajo,Integraciones,Desarrollo,S3-S5,Julio,98.9,Agile — Desarrollo por Sprint
"Soporte integraciones, APIs y mensajeria transversal — Julio","Actividad transversal planificada para mantener carga mensual >= 90% en Julio 2026 (BACKEND 3 — Integraciones). Incluye revisiones, soporte cruzado, documentacion y cierre de pendientes del mes.",MES2_JULIO_Core_Seguridad,Backlog,Normal,2026-07-01,2026-07-31,"GESTION_PROYECTO,SOPORTE,CAPACIDAD",13,FLOOR-BE3-M07-02,BACKEND 3 — Integraciones,R1,,Baja,Bajo,Integraciones,Desarrollo,S3-S5,Julio,98.9,Agile — Desarrollo por Sprint
"Soporte integraciones, APIs y mensajeria transversal — Septiembre","Actividad transversal planificada para mantener carga mensual >= 90% en Septiembre 2026 (BACKEND 3 — Integraciones). Incluye revisiones, soporte cruzado, documentacion y cierre de pendientes del mes.",MES4_SEPTIEMBRE_Integracion_QA,Backlog,Normal,2026-09-01,2026-09-30,"GESTION_PROYECTO,SOPORTE,CAPACIDAD",12,FLOOR-BE3-M09-01,BACKEND 3 — Integraciones,R1,,Baja,Bajo,Integraciones,Desarrollo,S7-S9,Septiembre,93.1,Agile — Desarrollo por Sprint
"Soporte integraciones, APIs y mensajeria transversal — Septiembre","Actividad transversal planificada para mantener carga mensual >= 90% en Septiembre 2026 (BACKEND 3 — Integraciones). Incluye revisiones, soporte cruzado, documentacion y cierre de pendientes del mes.",MES4_SEPTIEMBRE_Integracion_QA,Backlog,Normal,2026-09-01,2026-09-30,"GESTION_PROYECTO,SOPORTE,CAPACIDAD",9,FLOOR-BE3-M09-02,BACKEND 3 — Integraciones,R1,,Baja,Bajo,Integraciones,Desarrollo,S7-S9,Septiembre,93.1,Agile — Desarrollo por Sprint
"Soporte integraciones, APIs y mensajeria transversal — Septiembre","Actividad transversal planificada para mantener carga mensual >= 90% en Septiembre 2026 (BACKEND 3 — Integraciones). Incluye revisiones, soporte cruzado, documentacion y cierre de pendientes del mes.",MES4_SEPTIEMBRE_Integracion_QA,Backlog,Normal,2026-09-01,2026-09-30,"GESTION_PROYECTO,SOPORTE,CAPACIDAD",11,FLOOR-BE3-M09-03,BACKEND 3 — Integraciones,R1,,Baja,Bajo,Integraciones,Desarrollo,S7-S9,Septiembre,93.1,Agile — Desarrollo por Sprint
"Soporte integraciones, APIs y mensajeria transversal — Septiembre","Actividad transversal planificada para mantener carga mensual >= 90% en Septiembre 2026 (BACKEND 3 — Integraciones). Incluye revisiones, soporte cruzado, documentacion y cierre de pendientes del mes.",MES4_SEPTIEMBRE_Integracion_QA,Backlog,Normal,2026-09-01,2026-09-30,"GESTION_PROYECTO,SOPORTE,CAPACIDAD",2,FLOOR-BE3-M09-04,BACKEND 3 — Integraciones,R1,,Baja,Bajo,Integraciones,Desarrollo,S7-S9,Septiembre,93.1,Agile — Desarrollo por Sprint
"Soporte integraciones, APIs y mensajeria transversal — Septiembre","Actividad transversal planificada para mantener carga mensual >= 90% en Septiembre 2026 (BACKEND 3 — Integraciones). Incluye revisiones, soporte cruzado, documentacion y cierre de pendientes del mes.",MES4_SEPTIEMBRE_Integracion_QA,Backlog,Normal,2026-09-01,2026-09-30,"GESTION_PROYECTO,SOPORTE,CAPACIDAD",5,FLOOR-BE3-M09-05,BACKEND 3 — Integraciones,R1,,Baja,Bajo,Integraciones,Desarrollo,S7-S9,Septiembre,93.1,Agile — Desarrollo por Sprint
"Soporte integraciones, APIs y mensajeria transversal — Noviembre","Actividad transversal planificada para mantener carga mensual >= 90% en Noviembre 2026 (BACKEND 3 — Integraciones). Incluye revisiones, soporte cruzado, documentacion y cierre de pendientes del mes.",MES6_NOVIEMBRE_GoLive,Backlog,Normal,2026-11-02,2026-11-30,"GESTION_PROYECTO,SOPORTE,CAPACIDAD",26,FLOOR-BE3-M11-01,BACKEND 3 — Integraciones,R1,,Baja,Bajo,Integraciones,Desarrollo,S12-S13,Noviembre,90.0,Agile — Desarrollo por Sprint
"Soporte integraciones, APIs y mensajeria transversal — Noviembre","Actividad transversal planificada para mantener carga mensual >= 90% en Noviembre 2026 (BACKEND 3 — Integraciones). Incluye revisiones, soporte cruzado, documentacion y cierre de pendientes del mes.",MES6_NOVIEMBRE_GoLive,Backlog,Normal,2026-11-02,2026-11-30,"GESTION_PROYECTO,SOPORTE,CAPACIDAD",9,FLOOR-BE3-M11-02,BACKEND 3 — Integraciones,R1,,Baja,Bajo,Integraciones,Desarrollo,S12-S13,Noviembre,90.0,Agile — Desarrollo por Sprint
"Soporte integraciones, APIs y mensajeria transversal — Noviembre","Actividad transversal planificada para mantener carga mensual >= 90% en Noviembre 2026 (BACKEND 3 — Integraciones). Incluye revisiones, soporte cruzado, documentacion y cierre de pendientes del mes.",MES6_NOVIEMBRE_GoLive,Backlog,Normal,2026-11-02,2026-11-30,"GESTION_PROYECTO,SOPORTE,CAPACIDAD",9,FLOOR-BE3-M11-03,BACKEND 3 — Integraciones,R1,,Baja,Bajo,Integraciones,Desarrollo,S12-S13,Noviembre,90.0,Agile — Desarrollo por Sprint
"Soporte integraciones, APIs y mensajeria transversal — Noviembre","Actividad transversal planificada para mantener carga mensual >= 90% en Noviembre 2026 (BACKEND 3 — Integraciones). Incluye revisiones, soporte cruzado, documentacion y cierre de pendientes del mes.",MES6_NOVIEMBRE_GoLive,Backlog,Normal,2026-11-02,2026-11-30,"GESTION_PROYECTO,SOPORTE,CAPACIDAD",2,FLOOR-BE3-M11-04,BACKEND 3 — Integraciones,R1,,Baja,Bajo,Integraciones,Desarrollo,S12-S13,Noviembre,90.0,Agile — Desarrollo por Sprint
"Refuerzo UI, accesibilidad y deuda tecnica frontend — Junio","Actividad transversal planificada para mantener carga mensual >= 90% en Junio 2026 (FRONTEND 1 — Interfaces (mes 1 al 6)). Incluye revisiones, soporte cruzado, documentacion y cierre de pendientes del mes.",MES1_JUNIO_Analisis_Arquitectura,Backlog,Normal,2026-06-01,2026-06-30,"GESTION_PROYECTO,SOPORTE,CAPACIDAD",9,FLOOR-FE1-M06-01,FRONTEND 1 — Interfaces (mes 1 al 6),R1,,Baja,Bajo,Frontend Principal,Desarrollo,S1-S3,Junio,90.0,Agile — Desarrollo por Sprint
"Refuerzo UI, accesibilidad y deuda tecnica frontend — Junio","Actividad transversal planificada para mantener carga mensual >= 90% en Junio 2026 (FRONTEND 1 — Interfaces (mes 1 al 6)). Incluye revisiones, soporte cruzado, documentacion y cierre de pendientes del mes.",MES1_JUNIO_Analisis_Arquitectura,Backlog,Normal,2026-06-01,2026-06-30,"GESTION_PROYECTO,SOPORTE,CAPACIDAD",4,FLOOR-FE1-M06-02,FRONTEND 1 — Interfaces (mes 1 al 6),R1,,Baja,Bajo,Frontend Principal,Desarrollo,S1-S3,Junio,90.0,Agile — Desarrollo por Sprint
"Soporte UX, usabilidad y validacion con usuarios — Noviembre","Actividad transversal planificada para mantener carga mensual >= 90% en Noviembre 2026 (FRONTEND 2 — UX y Soporte (desde mes 2)). Incluye revisiones, soporte cruzado, documentacion y cierre de pendientes del mes.",MES6_NOVIEMBRE_GoLive,Backlog,Normal,2026-11-02,2026-11-30,"GESTION_PROYECTO,SOPORTE,CAPACIDAD",10,FLOOR-FE2-M11-01,FRONTEND 2 — UX y Soporte (desde mes 2),R1,,Baja,Bajo,UX y Soporte,Desarrollo,S12-S13,Noviembre,93.9,Agile — Desarrollo por Sprint
"Soporte UX, usabilidad y validacion con usuarios — Noviembre","Actividad transversal planificada para mantener carga mensual >= 90% en Noviembre 2026 (FRONTEND 2 — UX y Soporte (desde mes 2)). Incluye revisiones, soporte cruzado, documentacion y cierre de pendientes del mes.",MES6_NOVIEMBRE_GoLive,Backlog,Normal,2026-11-02,2026-11-30,"GESTION_PROYECTO,SOPORTE,CAPACIDAD",16,FLOOR-FE2-M11-02,FRONTEND 2 — UX y Soporte (desde mes 2),R1,,Baja,Bajo,UX y Soporte,Desarrollo,S12-S13,Noviembre,93.9,Agile — Desarrollo por Sprint
"Soporte UX, usabilidad y validacion con usuarios — Noviembre","Actividad transversal planificada para mantener carga mensual >= 90% en Noviembre 2026 (FRONTEND 2 — UX y Soporte (desde mes 2)). Incluye revisiones, soporte cruzado, documentacion y cierre de pendientes del mes.",MES6_NOVIEMBRE_GoLive,Backlog,Normal,2026-11-02,2026-11-30,"GESTION_PROYECTO,SOPORTE,CAPACIDAD",11,FLOOR-FE2-M11-03,FRONTEND 2 — UX y Soporte (desde mes 2),R1,,Baja,Bajo,UX y Soporte,Desarrollo,S12-S13,Noviembre,93.9,Agile — Desarrollo por Sprint
"Soporte UX, usabilidad y validacion con usuarios — Noviembre","Actividad transversal planificada para mantener carga mensual >= 90% en Noviembre 2026 (FRONTEND 2 — UX y Soporte (desde mes 2)). Incluye revisiones, soporte cruzado, documentacion y cierre de pendientes del mes.",MES6_NOVIEMBRE_GoLive,Backlog,Normal,2026-11-02,2026-11-30,"GESTION_PROYECTO,SOPORTE,CAPACIDAD",25,FLOOR-FE2-M11-04,FRONTEND 2 — UX y Soporte (desde mes 2),R1,,Baja,Bajo,UX y Soporte,Desarrollo,S12-S13,Noviembre,93.9,Agile — Desarrollo por Sprint
"Soporte UX, usabilidad y validacion con usuarios — Noviembre","Actividad transversal planificada para mantener carga mensual >= 90% en Noviembre 2026 (FRONTEND 2 — UX y Soporte (desde mes 2)). Incluye revisiones, soporte cruzado, documentacion y cierre de pendientes del mes.",MES6_NOVIEMBRE_GoLive,Backlog,Normal,2026-11-02,2026-11-30,"GESTION_PROYECTO,SOPORTE,CAPACIDAD",4,FLOOR-FE2-M11-05,FRONTEND 2 — UX y Soporte (desde mes 2),R1,,Baja,Bajo,UX y Soporte,Desarrollo,S12-S13,Noviembre,93.9,Agile — Desarrollo por Sprint
"Soporte UX, usabilidad y validacion con usuarios — Noviembre","Actividad transversal planificada para mantener carga mensual >= 90% en Noviembre 2026 (FRONTEND 2 — UX y Soporte (desde mes 2)). Incluye revisiones, soporte cruzado, documentacion y cierre de pendientes del mes.",MES6_NOVIEMBRE_GoLive,Backlog,Normal,2026-11-02,2026-11-30,"GESTION_PROYECTO,SOPORTE,CAPACIDAD",13,FLOOR-FE2-M11-06,FRONTEND 2 — UX y Soporte (desde mes 2),R1,,Baja,Bajo,UX y Soporte,Desarrollo,S12-S13,Noviembre,93.9,Agile — Desarrollo por Sprint
"Soporte UX, usabilidad y validacion con usuarios — Noviembre","Actividad transversal planificada para mantener carga mensual >= 90% en Noviembre 2026 (FRONTEND 2 — UX y Soporte (desde mes 2)). Incluye revisiones, soporte cruzado, documentacion y cierre de pendientes del mes.",MES6_NOVIEMBRE_GoLive,Backlog,Normal,2026-11-02,2026-11-30,"GESTION_PROYECTO,SOPORTE,CAPACIDAD",2,FLOOR-FE2-M11-07,FRONTEND 2 — UX y Soporte (desde mes 2),R1,,Baja,Bajo,UX y Soporte,Desarrollo,S12-S13,Noviembre,93.9,Agile — Desarrollo por Sprint
"Soporte UX, usabilidad y validacion con usuarios — Noviembre","Actividad transversal planificada para mantener carga mensual >= 90% en Noviembre 2026 (FRONTEND 2 — UX y Soporte (desde mes 2)). Incluye revisiones, soporte cruzado, documentacion y cierre de pendientes del mes.",MES6_NOVIEMBRE_GoLive,Backlog,Normal,2026-11-02,2026-11-30,"GESTION_PROYECTO,SOPORTE,CAPACIDAD",2,FLOOR-FE2-M11-08,FRONTEND 2 — UX y Soporte (desde mes 2),R1,,Baja,Bajo,UX y Soporte,Desarrollo,S12-S13,Noviembre,93.9,Agile — Desarrollo por Sprint
"Validacion modelos, datasets y calidad de inferencias — Julio","Actividad transversal planificada para mantener carga mensual >= 90% en Julio 2026 (IA-ML — Modelos e Inteligencia Artificial (desde mes 2)). Incluye revisiones, soporte cruzado, documentacion y cierre de pendientes del mes.",MES2_JULIO_Core_Seguridad,Backlog,Normal,2026-07-01,2026-07-31,"GESTION_PROYECTO,SOPORTE,CAPACIDAD",7,FLOOR-IA-M07-01,IA-ML — Modelos e Inteligencia Artificial (desde mes 2),R1,,Baja,Bajo,IA y Automatización,Desarrollo,S3-S5,Julio,90.9,Agile — Desarrollo por Sprint
"Validacion modelos, datasets y calidad de inferencias — Agosto","Actividad transversal planificada para mantener carga mensual >= 90% en Agosto 2026 (IA-ML — Modelos e Inteligencia Artificial (desde mes 2)). Incluye revisiones, soporte cruzado, documentacion y cierre de pendientes del mes.",MES3_AGOSTO_UX_Sensores,Backlog,Normal,2026-08-03,2026-08-31,"GESTION_PROYECTO,SOPORTE,CAPACIDAD",20,FLOOR-IA-M08-01,IA-ML — Modelos e Inteligencia Artificial (desde mes 2),R1,,Baja,Bajo,IA y Automatización,Desarrollo,S5-S7,Agosto,90.0,Agile — Desarrollo por Sprint
"Validacion modelos, datasets y calidad de inferencias — Agosto","Actividad transversal planificada para mantener carga mensual >= 90% en Agosto 2026 (IA-ML — Modelos e Inteligencia Artificial (desde mes 2)). Incluye revisiones, soporte cruzado, documentacion y cierre de pendientes del mes.",MES3_AGOSTO_UX_Sensores,Backlog,Normal,2026-08-03,2026-08-31,"GESTION_PROYECTO,SOPORTE,CAPACIDAD",20,FLOOR-IA-M08-02,IA-ML — Modelos e Inteligencia Artificial (desde mes 2),R1,,Baja,Bajo,IA y Automatización,Desarrollo,S5-S7,Agosto,90.0,Agile — Desarrollo por Sprint
"Validacion modelos, datasets y calidad de inferencias — Agosto","Actividad transversal planificada para mantener carga mensual >= 90% en Agosto 2026 (IA-ML — Modelos e Inteligencia Artificial (desde mes 2)). Incluye revisiones, soporte cruzado, documentacion y cierre de pendientes del mes.",MES3_AGOSTO_UX_Sensores,Backlog,Normal,2026-08-03,2026-08-31,"GESTION_PROYECTO,SOPORTE,CAPACIDAD",2,FLOOR-IA-M08-03,IA-ML — Modelos e Inteligencia Artificial (desde mes 2),R1,,Baja,Bajo,IA y Automatización,Desarrollo,S5-S7,Agosto,90.0,Agile — Desarrollo por Sprint
"Validacion modelos, datasets y calidad de inferencias — Septiembre","Actividad transversal planificada para mantener carga mensual >= 90% en Septiembre 2026 (IA-ML — Modelos e Inteligencia Artificial (desde mes 2)). Incluye revisiones, soporte cruzado, documentacion y cierre de pendientes del mes.",MES4_SEPTIEMBRE_Integracion_QA,Backlog,Normal,2026-09-01,2026-09-30,"GESTION_PROYECTO,SOPORTE,CAPACIDAD",13,FLOOR-IA-M09-01,IA-ML — Modelos e Inteligencia Artificial (desde mes 2),R1,,Baja,Bajo,IA y Automatización,Desarrollo,S7-S9,Septiembre,90.0,Agile — Desarrollo por Sprint
"Validacion modelos, datasets y calidad de inferencias — Septiembre","Actividad transversal planificada para mantener carga mensual >= 90% en Septiembre 2026 (IA-ML — Modelos e Inteligencia Artificial (desde mes 2)). Incluye revisiones, soporte cruzado, documentacion y cierre de pendientes del mes.",MES4_SEPTIEMBRE_Integracion_QA,Backlog,Normal,2026-09-01,2026-09-30,"GESTION_PROYECTO,SOPORTE,CAPACIDAD",7,FLOOR-IA-M09-02,IA-ML — Modelos e Inteligencia Artificial (desde mes 2),R1,,Baja,Bajo,IA y Automatización,Desarrollo,S7-S9,Septiembre,90.0,Agile — Desarrollo por Sprint
"Validacion modelos, datasets y calidad de inferencias — Septiembre","Actividad transversal planificada para mantener carga mensual >= 90% en Septiembre 2026 (IA-ML — Modelos e Inteligencia Artificial (desde mes 2)). Incluye revisiones, soporte cruzado, documentacion y cierre de pendientes del mes.",MES4_SEPTIEMBRE_Integracion_QA,Backlog,Normal,2026-09-01,2026-09-30,"GESTION_PROYECTO,SOPORTE,CAPACIDAD",6,FLOOR-IA-M09-03,IA-ML — Modelos e Inteligencia Artificial (desde mes 2),R1,,Baja,Bajo,IA y Automatización,Desarrollo,S7-S9,Septiembre,90.0,Agile — Desarrollo por Sprint
"Documentacion funcional, actas y seguimiento PMO — Junio","Actividad transversal planificada para mantener carga mensual >= 90% en Junio 2026 (Soporte PMO — Analista Funcional y Documentador). Incluye revisiones, soporte cruzado, documentacion y cierre de pendientes del mes.",PMO_Seguimiento,Backlog,Normal,2026-06-01,2026-06-30,"GESTION_PROYECTO,SOPORTE,CAPACIDAD",7,FLOOR-PAF-M06-01,Soporte PMO — Analista Funcional y Documentador,R1,,Baja,Bajo,PMO Soporte,Desarrollo,S1-S3,Transversal,90.0,PMO — Gobierno
"Documentacion funcional, actas y seguimiento PMO — Junio","Actividad transversal planificada para mantener carga mensual >= 90% en Junio 2026 (Soporte PMO — Analista Funcional y Documentador). Incluye revisiones, soporte cruzado, documentacion y cierre de pendientes del mes.",PMO_Seguimiento,Backlog,Normal,2026-06-01,2026-06-30,"GESTION_PROYECTO,SOPORTE,CAPACIDAD",5,FLOOR-PAF-M06-02,Soporte PMO — Analista Funcional y Documentador,R1,,Baja,Bajo,PMO Soporte,Desarrollo,S1-S3,Transversal,90.0,PMO — Gobierno
"Documentacion funcional, actas y seguimiento PMO — Junio","Actividad transversal planificada para mantener carga mensual >= 90% en Junio 2026 (Soporte PMO — Analista Funcional y Documentador). Incluye revisiones, soporte cruzado, documentacion y cierre de pendientes del mes.",PMO_Seguimiento,Backlog,Normal,2026-06-01,2026-06-30,"GESTION_PROYECTO,SOPORTE,CAPACIDAD",7,FLOOR-PAF-M06-03,Soporte PMO — Analista Funcional y Documentador,R1,,Baja,Bajo,PMO Soporte,Desarrollo,S1-S3,Transversal,90.0,PMO — Gobierno
"Documentacion funcional, actas y seguimiento PMO — Septiembre","Actividad transversal planificada para mantener carga mensual >= 90% en Septiembre 2026 (Soporte PMO — Analista Funcional y Documentador). Incluye revisiones, soporte cruzado, documentacion y cierre de pendientes del mes.",PMO_Seguimiento,Backlog,Normal,2026-09-01,2026-09-30,"GESTION_PROYECTO,SOPORTE,CAPACIDAD",14,FLOOR-PAF-M09-01,Soporte PMO — Analista Funcional y Documentador,R1,,Baja,Bajo,PMO Soporte,Desarrollo,S7-S9,Transversal,90.0,PMO — Gobierno
"Documentacion funcional, actas y seguimiento PMO — Septiembre","Actividad transversal planificada para mantener carga mensual >= 90% en Septiembre 2026 (Soporte PMO — Analista Funcional y Documentador). Incluye revisiones, soporte cruzado, documentacion y cierre de pendientes del mes.",PMO_Seguimiento,Backlog,Normal,2026-09-01,2026-09-30,"GESTION_PROYECTO,SOPORTE,CAPACIDAD",16,FLOOR-PAF-M09-02,Soporte PMO — Analista Funcional y Documentador,R1,,Baja,Bajo,PMO Soporte,Desarrollo,S7-S9,Transversal,90.0,PMO — Gobierno
"Documentacion funcional, actas y seguimiento PMO — Septiembre","Actividad transversal planificada para mantener carga mensual >= 90% en Septiembre 2026 (Soporte PMO — Analista Funcional y Documentador). Incluye revisiones, soporte cruzado, documentacion y cierre de pendientes del mes.",PMO_Seguimiento,Backlog,Normal,2026-09-01,2026-09-30,"GESTION_PROYECTO,SOPORTE,CAPACIDAD",3,FLOOR-PAF-M09-03,Soporte PMO — Analista Funcional y Documentador,R1,,Baja,Bajo,PMO Soporte,Desarrollo,S7-S9,Transversal,90.0,PMO — Gobierno
"Documentacion funcional, actas y seguimiento PMO — Septiembre","Actividad transversal planificada para mantener carga mensual >= 90% en Septiembre 2026 (Soporte PMO — Analista Funcional y Documentador). Incluye revisiones, soporte cruzado, documentacion y cierre de pendientes del mes.",PMO_Seguimiento,Backlog,Normal,2026-09-01,2026-09-30,"GESTION_PROYECTO,SOPORTE,CAPACIDAD",3,FLOOR-PAF-M09-04,Soporte PMO — Analista Funcional y Documentador,R1,,Baja,Bajo,PMO Soporte,Desarrollo,S7-S9,Transversal,90.0,PMO — Gobierno
"Documentacion funcional, actas y seguimiento PMO — Septiembre","Actividad transversal planificada para mantener carga mensual >= 90% en Septiembre 2026 (Soporte PMO — Analista Funcional y Documentador). Incluye revisiones, soporte cruzado, documentacion y cierre de pendientes del mes.",PMO_Seguimiento,Backlog,Normal,2026-09-01,2026-09-30,"GESTION_PROYECTO,SOPORTE,CAPACIDAD",8,FLOOR-PAF-M09-05,Soporte PMO — Analista Funcional y Documentador,R1,,Baja,Bajo,PMO Soporte,Desarrollo,S7-S9,Transversal,90.0,PMO — Gobierno
"Documentacion funcional, actas y seguimiento PMO — Septiembre","Actividad transversal planificada para mantener carga mensual >= 90% en Septiembre 2026 (Soporte PMO — Analista Funcional y Documentador). Incluye revisiones, soporte cruzado, documentacion y cierre de pendientes del mes.",PMO_Seguimiento,Backlog,Normal,2026-09-01,2026-09-30,"GESTION_PROYECTO,SOPORTE,CAPACIDAD",10,FLOOR-PAF-M09-06,Soporte PMO — Analista Funcional y Documentador,R1,,Baja,Bajo,PMO Soporte,Desarrollo,S7-S9,Transversal,90.0,PMO — Gobierno
"Documentacion funcional, actas y seguimiento PMO — Septiembre","Actividad transversal planificada para mantener carga mensual >= 90% en Septiembre 2026 (Soporte PMO — Analista Funcional y Documentador). Incluye revisiones, soporte cruzado, documentacion y cierre de pendientes del mes.",PMO_Seguimiento,Backlog,Normal,2026-09-01,2026-09-30,"GESTION_PROYECTO,SOPORTE,CAPACIDAD",5,FLOOR-PAF-M09-07,Soporte PMO — Analista Funcional y Documentador,R1,,Baja,Bajo,PMO Soporte,Desarrollo,S7-S9,Transversal,90.0,PMO — Gobierno
"Documentacion funcional, actas y seguimiento PMO — Septiembre","Actividad transversal planificada para mantener carga mensual >= 90% en Septiembre 2026 (Soporte PMO — Analista Funcional y Documentador). Incluye revisiones, soporte cruzado, documentacion y cierre de pendientes del mes.",PMO_Seguimiento,Backlog,Normal,2026-09-01,2026-09-30,"GESTION_PROYECTO,SOPORTE,CAPACIDAD",2,FLOOR-PAF-M09-08,Soporte PMO — Analista Funcional y Documentador,R1,,Baja,Bajo,PMO Soporte,Desarrollo,S7-S9,Transversal,90.0,PMO — Gobierno
"Documentacion funcional, actas y seguimiento PMO — Septiembre","Actividad transversal planificada para mantener carga mensual >= 90% en Septiembre 2026 (Soporte PMO — Analista Funcional y Documentador). Incluye revisiones, soporte cruzado, documentacion y cierre de pendientes del mes.",PMO_Seguimiento,Backlog,Normal,2026-09-01,2026-09-30,"GESTION_PROYECTO,SOPORTE,CAPACIDAD",2,FLOOR-PAF-M09-09,Soporte PMO — Analista Funcional y Documentador,R1,,Baja,Bajo,PMO Soporte,Desarrollo,S7-S9,Transversal,90.0,PMO — Gobierno
"Documentacion funcional, actas y seguimiento PMO — Septiembre","Actividad transversal planificada para mantener carga mensual >= 90% en Septiembre 2026 (Soporte PMO — Analista Funcional y Documentador). Incluye revisiones, soporte cruzado, documentacion y cierre de pendientes del mes.",PMO_Seguimiento,Backlog,Normal,2026-09-01,2026-09-30,"GESTION_PROYECTO,SOPORTE,CAPACIDAD",5,FLOOR-PAF-M09-10,Soporte PMO — Analista Funcional y Documentador,R1,,Baja,Bajo,PMO Soporte,Desarrollo,S7-S9,Transversal,90.0,PMO — Gobierno
"Documentacion funcional, actas y seguimiento PMO — Septiembre","Actividad transversal planificada para mantener carga mensual >= 90% en Septiembre 2026 (Soporte PMO — Analista Funcional y Documentador). Incluye revisiones, soporte cruzado, documentacion y cierre de pendientes del mes.",PMO_Seguimiento,Backlog,Normal,2026-09-01,2026-09-30,"GESTION_PROYECTO,SOPORTE,CAPACIDAD",9,FLOOR-PAF-M09-11,Soporte PMO — Analista Funcional y Documentador,R1,,Baja,Bajo,PMO Soporte,Desarrollo,S7-S9,Transversal,90.0,PMO — Gobierno
"Documentacion funcional, actas y seguimiento PMO — Septiembre","Actividad transversal planificada para mantener carga mensual >= 90% en Septiembre 2026 (Soporte PMO — Analista Funcional y Documentador). Incluye revisiones, soporte cruzado, documentacion y cierre de pendientes del mes.",PMO_Seguimiento,Backlog,Normal,2026-09-01,2026-09-30,"GESTION_PROYECTO,SOPORTE,CAPACIDAD",6,FLOOR-PAF-M09-12,Soporte PMO — Analista Funcional y Documentador,R1,,Baja,Bajo,PMO Soporte,Desarrollo,S7-S9,Transversal,90.0,PMO — Gobierno
"Documentacion funcional, actas y seguimiento PMO — Septiembre","Actividad transversal planificada para mantener carga mensual >= 90% en Septiembre 2026 (Soporte PMO — Analista Funcional y Documentador). Incluye revisiones, soporte cruzado, documentacion y cierre de pendientes del mes.",PMO_Seguimiento,Backlog,Normal,2026-09-01,2026-09-30,"GESTION_PROYECTO,SOPORTE,CAPACIDAD",5,FLOOR-PAF-M09-13,Soporte PMO — Analista Funcional y Documentador,R1,,Baja,Bajo,PMO Soporte,Desarrollo,S7-S9,Transversal,90.0,PMO — Gobierno
"Documentacion funcional, actas y seguimiento PMO — Septiembre","Actividad transversal planificada para mantener carga mensual >= 90% en Septiembre 2026 (Soporte PMO — Analista Funcional y Documentador). Incluye revisiones, soporte cruzado, documentacion y cierre de pendientes del mes.",PMO_Seguimiento,Backlog,Normal,2026-09-01,2026-09-30,"GESTION_PROYECTO,SOPORTE,CAPACIDAD",5,FLOOR-PAF-M09-14,Soporte PMO — Analista Funcional y Documentador,R1,,Baja,Bajo,PMO Soporte,Desarrollo,S7-S9,Transversal,90.0,PMO — Gobierno
"Documentacion funcional, actas y seguimiento PMO — Octubre","Actividad transversal planificada para mantener carga mensual >= 90% en Octubre 2026 (Soporte PMO — Analista Funcional y Documentador). Incluye revisiones, soporte cruzado, documentacion y cierre de pendientes del mes.",PMO_Seguimiento,Backlog,Normal,2026-10-01,2026-11-02,"GESTION_PROYECTO,SOPORTE,CAPACIDAD",14,FLOOR-PAF-M10-01,Soporte PMO — Analista Funcional y Documentador,R1,,Baja,Bajo,PMO Soporte,Desarrollo,S9-S12,Transversal,96.0,PMO — Gobierno
"Documentacion funcional, actas y seguimiento PMO — Octubre","Actividad transversal planificada para mantener carga mensual >= 90% en Octubre 2026 (Soporte PMO — Analista Funcional y Documentador). Incluye revisiones, soporte cruzado, documentacion y cierre de pendientes del mes.",PMO_Seguimiento,Backlog,Normal,2026-10-01,2026-11-02,"GESTION_PROYECTO,SOPORTE,CAPACIDAD",7,FLOOR-PAF-M10-02,Soporte PMO — Analista Funcional y Documentador,R1,,Baja,Bajo,PMO Soporte,Desarrollo,S9-S12,Transversal,96.0,PMO — Gobierno
"Documentacion funcional, actas y seguimiento PMO — Octubre","Actividad transversal planificada para mantener carga mensual >= 90% en Octubre 2026 (Soporte PMO — Analista Funcional y Documentador). Incluye revisiones, soporte cruzado, documentacion y cierre de pendientes del mes.",PMO_Seguimiento,Backlog,Normal,2026-10-01,2026-11-02,"GESTION_PROYECTO,SOPORTE,CAPACIDAD",2,FLOOR-PAF-M10-03,Soporte PMO — Analista Funcional y Documentador,R1,,Baja,Bajo,PMO Soporte,Desarrollo,S9-S12,Transversal,96.0,PMO — Gobierno
"Documentacion funcional, actas y seguimiento PMO — Noviembre","Actividad transversal planificada para mantener carga mensual >= 90% en Noviembre 2026 (Soporte PMO — Analista Funcional y Documentador). Incluye revisiones, soporte cruzado, documentacion y cierre de pendientes del mes.",PMO_Seguimiento,Backlog,Normal,2026-11-02,2026-11-30,"GESTION_PROYECTO,SOPORTE,CAPACIDAD",3,FLOOR-PAF-M11-01,Soporte PMO — Analista Funcional y Documentador,R1,,Baja,Bajo,PMO Soporte,Desarrollo,S12-S13,Transversal,90.0,PMO — Gobierno
Pruebas exploratorias y regresion continua — Julio,"Actividad transversal planificada para mantener carga mensual >= 90% en Julio 2026 (QA-Calidad (desde mes 2)). Incluye revisiones, soporte cruzado, documentacion y cierre de pendientes del mes.",MES2_JULIO_Core_Seguridad,Backlog,Normal,2026-07-01,2026-07-31,"GESTION_PROYECTO,SOPORTE,CAPACIDAD",3,FLOOR-QA-M07-01,QA-Calidad (desde mes 2),R1,,Baja,Bajo,Calidad,Desarrollo,S3-S5,Julio,94.3,Agile — Desarrollo por Sprint
Pruebas exploratorias y regresion continua — Agosto,"Actividad transversal planificada para mantener carga mensual >= 90% en Agosto 2026 (QA-Calidad (desde mes 2)). Incluye revisiones, soporte cruzado, documentacion y cierre de pendientes del mes.",MES3_AGOSTO_UX_Sensores,Backlog,Normal,2026-08-03,2026-08-31,"GESTION_PROYECTO,SOPORTE,CAPACIDAD",4,FLOOR-QA-M08-01,QA-Calidad (desde mes 2),R1,,Baja,Bajo,Calidad,Desarrollo,S5-S7,Agosto,92.1,Agile — Desarrollo por Sprint
Pruebas exploratorias y regresion continua — Agosto,"Actividad transversal planificada para mantener carga mensual >= 90% en Agosto 2026 (QA-Calidad (desde mes 2)). Incluye revisiones, soporte cruzado, documentacion y cierre de pendientes del mes.",MES3_AGOSTO_UX_Sensores,Backlog,Normal,2026-08-03,2026-08-31,"GESTION_PROYECTO,SOPORTE,CAPACIDAD",2,FLOOR-QA-M08-02,QA-Calidad (desde mes 2),R1,,Baja,Bajo,Calidad,Desarrollo,S5-S7,Agosto,92.1,Agile — Desarrollo por Sprint
Pruebas exploratorias y regresion continua — Agosto,"Actividad transversal planificada para mantener carga mensual >= 90% en Agosto 2026 (QA-Calidad (desde mes 2)). Incluye revisiones, soporte cruzado, documentacion y cierre de pendientes del mes.",MES3_AGOSTO_UX_Sensores,Backlog,Normal,2026-08-03,2026-08-31,"GESTION_PROYECTO,SOPORTE,CAPACIDAD",2,FLOOR-QA-M08-03,QA-Calidad (desde mes 2),R1,,Baja,Bajo,Calidad,Desarrollo,S5-S7,Agosto,92.1,Agile — Desarrollo por Sprint
Pruebas exploratorias y regresion continua — Agosto,"Actividad transversal planificada para mantener carga mensual >= 90% en Agosto 2026 (QA-Calidad (desde mes 2)). Incluye revisiones, soporte cruzado, documentacion y cierre de pendientes del mes.",MES3_AGOSTO_UX_Sensores,Backlog,Normal,2026-08-03,2026-08-31,"GESTION_PROYECTO,SOPORTE,CAPACIDAD",2,FLOOR-QA-M08-04,QA-Calidad (desde mes 2),R1,,Baja,Bajo,Calidad,Desarrollo,S5-S7,Agosto,92.1,Agile — Desarrollo por Sprint
Pruebas exploratorias y regresion continua — Septiembre,"Actividad transversal planificada para mantener carga mensual >= 90% en Septiembre 2026 (QA-Calidad (desde mes 2)). Incluye revisiones, soporte cruzado, documentacion y cierre de pendientes del mes.",MES4_SEPTIEMBRE_Integracion_QA,Backlog,Normal,2026-09-01,2026-09-30,"GESTION_PROYECTO,SOPORTE,CAPACIDAD",11,FLOOR-QA-M09-01,QA-Calidad (desde mes 2),R1,,Baja,Bajo,Calidad,Desarrollo,S7-S9,Septiembre,91.4,Agile — Desarrollo por Sprint
Pruebas exploratorias y regresion continua — Septiembre,"Actividad transversal planificada para mantener carga mensual >= 90% en Septiembre 2026 (QA-Calidad (desde mes 2)). Incluye revisiones, soporte cruzado, documentacion y cierre de pendientes del mes.",MES4_SEPTIEMBRE_Integracion_QA,Backlog,Normal,2026-09-01,2026-09-30,"GESTION_PROYECTO,SOPORTE,CAPACIDAD",9,FLOOR-QA-M09-02,QA-Calidad (desde mes 2),R1,,Baja,Bajo,Calidad,Desarrollo,S7-S9,Septiembre,91.4,Agile — Desarrollo por Sprint
Recopilar y preparar datos reales de la mina para entrenar los modelos de IA,"Recopilar datos necesarios para que la inteligencia artificial aprenda: fotografias de trabajadores con y sin equipo de proteccion personal (casco, chaleco, lentes), grabaciones de voz con vocabulario tecnico minero, e informes historicos de la mina para que la IA aprenda a corregir y predecir texto. Limpiar, etiquetar y organizar estos datos.",MES1_JUNIO_Analisis_Arquitectura,Backlog,High,2026-06-01,2026-06-30,"INTELIGENCIA_ARTIFICIAL,DATOS",38,IA-M01,"BACKEND 1 — DBA / Arq. Datos y Core, ARQ-Arquitecto TI / PMO",R1,,Alta,Alto,IA,Desarrollo,S1-S3,Junio,99.7,Agile — Desarrollo por Sprint
Pipeline de preprocesamiento de datos para modelos de IA,"Construcción de pipelines automatizados de preprocesamiento: normalización de imágenes, augmentation, tokenización de texto, feature extraction de audio. Reproducibles y versionados con DVC.",MES2_JULIO_Core_Seguridad,Backlog,High,2026-07-01,2026-07-31,INTELIGENCIA_ARTIFICIAL,35,IA-M02,IA-ML — Modelos e Inteligencia Artificial (desde mes 2),R2,IA-M01,Alta,Medio,IA,Desarrollo,S3-S5,Julio,90.9,Agile — Desarrollo por Sprint
Preparar servidor de Inteligencia Artificial (GPU + MLflow),"OBJETIVO: Infraestructura para entrenar, probar y publicar modelos de IA del proyecto.

PARA LA MINA: Base para OCR, prediccion de fallas, sugerencias en informes y analisis de sensores.

ENTREGABLE: Servidor con GPU, MLflow, pipeline de despliegue de modelos, acceso seguro para equipo IA.

VPS REQUERIDO: SI — puede ser nodo GPU en VPS desarrollo o servidor dedicado (~agosto 2026, semana 9).

DEPENDE DE: DEV-003 (VPS desarrollo operativo).

EXITO: Equipo IA entrena un modelo y lo publica en ambiente compartido.",MES2_JULIO_Core_Seguridad,Backlog,High,2026-06-30,2026-07-31,"INTELIGENCIA_ARTIFICIAL,INFRAESTRUCTURA",44,IA-M03,"IA-ML — Modelos e Inteligencia Artificial (desde mes 2), SYS-Infraestructura, BACKEND 3 — Integraciones",R3,DEV-003,Alta,Alto,IA,Desarrollo,S3-S5,Julio,0.0,Agile — Desarrollo por Sprint
Servicio OCR para documentos escaneados en mina,"Microservicio de OCR que permite subir documentos escaneados (partes de trabajo, formularios en papel) y extraer texto automáticamente. Usa Tesseract + post-procesamiento con NLP para limpiar resultados.",MES3_AGOSTO_UX_Sensores,Backlog,Normal,2026-08-03,2026-08-31,"INTELIGENCIA_ARTIFICIAL,EDITOR_INFORMES",31,IA-M04,"IA-ML — Modelos e Inteligencia Artificial (desde mes 2), FRONTEND 1 — Interfaces (mes 1 al 6)",R3,IA-M02,Alta,Medio,IA,Desarrollo,S5-S7,Agosto,90.0,Agile — Desarrollo por Sprint
Motor de recomendaciones de informes similares,"Sistema que sugiere informes similares al que el usuario está creando: 'Otros informes sobre esta zona', 'Informes similares del mes anterior'. Usa embeddings de texto + búsqueda vectorial.",MES3_AGOSTO_UX_Sensores,Backlog,Normal,2026-08-03,2026-08-31,"INTELIGENCIA_ARTIFICIAL,EDITOR_INFORMES,DATOS",28,IA-M05,IA-ML — Modelos e Inteligencia Artificial (desde mes 2),R3,IA-M02,Alta,Medio,IA,Desarrollo,S5-S7,Agosto,90.0,Agile — Desarrollo por Sprint
Detectar automaticamente la urgencia de informes de incidentes,"La IA analiza el contenido de los informes de incidentes y determina automaticamente su nivel de urgencia: detecta palabras de alerta ('colapso', 'fuga', 'evacuacion'), evalua la gravedad descrita, y si detecta un informe critico, lo escala automaticamente al supervisor inmediato con notificacion prioritaria.",MES3_AGOSTO_UX_Sensores,Backlog,Normal,2026-07-31,2026-08-05,"INTELIGENCIA_ARTIFICIAL,EDITOR_INFORMES,NOTIFICACIONES",28,IA-M06,IA-ML — Modelos e Inteligencia Artificial (desde mes 2),R3,IA-M02,Alta,Medio,IA,Desarrollo,S5,Agosto,90.9,Agile — Desarrollo por Sprint
Prediccion de escritura en linea: sugerir texto mientras el usuario escribe,"Mientras el usuario escribe en el editor de informes, la IA muestra sugerencias en gris que el usuario puede aceptar con Tab: completa terminos tecnicos ('chan' -> 'chancadora primaria'), sugiere nombres de zonas de la mina, completa frases frecuentes en informes. El modelo esta entrenado con informes historicos de la operacion minera.",MES4_SEPTIEMBRE_Integracion_QA,Backlog,High,2026-09-01,2026-09-30,"INTELIGENCIA_ARTIFICIAL,EDITOR_INFORMES",32,IA-M07,"IA-ML — Modelos e Inteligencia Artificial (desde mes 2), FRONTEND 1 — Interfaces (mes 1 al 6)",R4,IA-M02,Alta,Medio,IA,Desarrollo,S7-S9,Septiembre,90.0,Agile — Desarrollo por Sprint
API de generación de gráficos inteligentes desde datos,"Servicio que recibe datos tabulares del informe y sugiere automáticamente el mejor tipo de gráfico (barras, líneas, pie, scatter). Genera el gráfico con título y etiquetas automáticos.",MES4_SEPTIEMBRE_Integracion_QA,Backlog,Normal,2026-08-24,2026-09-30,"INTELIGENCIA_ARTIFICIAL,EDITOR_INFORMES,EXPORTACION",24,IA-M08,"IA-ML — Modelos e Inteligencia Artificial (desde mes 2), FRONTEND 1 — Interfaces (mes 1 al 6)",R4,,Alta,Medio,IA,Desarrollo,S7-S9,Septiembre,90.0,Agile — Desarrollo por Sprint
Optimización y compresión de modelos para inferencia rápida,"Optimización de modelos para producción: cuantización INT8, pruning, ONNX export, benchmarking de latencia. Target: reconocimiento facial <200ms, NLP <100ms, detección EPP <500ms.",MES5_OCTUBRE_Optimizacion,Backlog,High,2026-11-02,2026-11-16,INTELIGENCIA_ARTIFICIAL,35,IA-M10,IA-ML — Modelos e Inteligencia Artificial (desde mes 2),R5,,Alta,Medio,IA,Desarrollo,S12-S13,Octubre,90.0,Agile — Desarrollo por Sprint
"Documentación completa de modelos, métricas y limitaciones","Model Cards para cada modelo en producción: arquitectura, datos de entrenamiento, métricas de accuracy/recall/F1, limitaciones conocidas, sesgos detectados, condiciones de uso. Requerido para auditoría.",MES5_OCTUBRE_Optimizacion,Backlog,Normal,2026-09-21,2026-09-30,"INTELIGENCIA_ARTIFICIAL,DOCUMENTACION,SEGURIDAD",28,IA-M11,IA-ML — Modelos e Inteligencia Artificial (desde mes 2),R5,,Media,Bajo,IA,Desarrollo,S9,Octubre,90.0,Agile — Desarrollo por Sprint
Benchmark y evaluación comparativa de modelos en producción,"Evaluación rigurosa de cada modelo con datos de validación mineros reales: accuracy por condición (día/noche, polvo, distancia), falsos positivos/negativos, comparación con baseline humano.",MES5_OCTUBRE_Optimizacion,Backlog,High,2026-09-21,2026-11-16,"INTELIGENCIA_ARTIFICIAL,PRUEBAS_CALIDAD",29,IA-M12,"IA-ML — Modelos e Inteligencia Artificial (desde mes 2), QA-Calidad (desde mes 2)",R5,IA-M10,Alta,Alto,IA,Desarrollo,S9-S13,Octubre,90.0,Agile — Desarrollo por Sprint
Vigilar que los modelos de IA sigan funcionando correctamente en produccion,"Sistema que monitorea continuamente la calidad de las predicciones de la IA en produccion: si un modelo empieza a equivocarse mas de lo normal (porque los datos cambiaron o las condiciones son diferentes a las de entrenamiento), el sistema genera alerta automatica indicando que necesita re-entrenamiento.",MES6_NOVIEMBRE_GoLive,Backlog,High,2026-11-30,2026-11-30,"INTELIGENCIA_ARTIFICIAL,INFRAESTRUCTURA",35,IA-M13,IA-ML — Modelos e Inteligencia Artificial (desde mes 2),R6,IA-M10,Alta,Alto,IA,Desarrollo,S13,Noviembre,90.0,Agile — Desarrollo por Sprint
Entrenamiento con datos reales de producción (fine-tuning final),"Una vez en producción, re-entrenar modelos con datos reales de la mina (en lugar de datos sintéticos/históricos). Mejora significativa en accuracy. Fine-tuning de STT con acentos locales.",MES6_NOVIEMBRE_GoLive,Backlog,High,2026-11-30,2026-11-30,INTELIGENCIA_ARTIFICIAL,41,IA-M14,IA-ML — Modelos e Inteligencia Artificial (desde mes 2),R6,IA-M13,Alta,Alto,IA,Desarrollo,S13,Noviembre,90.0,Agile — Desarrollo por Sprint
Pipeline de evaluación automática de calidad de datos,"Sistema que evalúa la calidad de los datasets de entrenamiento: detección de duplicados, valores faltantes, distribución de clases, outliers. Reporte automático de calidad. Gate de calidad antes de entrenar.",MES3_AGOSTO_UX_Sensores,Backlog,High,2026-08-03,2026-08-31,"INTELIGENCIA_ARTIFICIAL,DATOS",35,IA-M15,IA-ML — Modelos e Inteligencia Artificial (desde mes 2),R3,IA-M01,Alta,Medio,IA,Desarrollo,S5-S7,Agosto,90.0,Agile — Desarrollo por Sprint
Modelo de detección de anomalías en informes (contenido),"Detector de anomalías en contenido de informes: valores numéricos fuera de rango, textos duplicados de informes anteriores, secciones faltantes obligatorias. Alertas antes de la aprobación del informe.",MES4_SEPTIEMBRE_Integracion_QA,Backlog,Normal,2026-08-24,2026-09-30,"INTELIGENCIA_ARTIFICIAL,EDITOR_INFORMES,PRUEBAS_CALIDAD",35,IA-M16,"IA-ML — Modelos e Inteligencia Artificial (desde mes 2), FRONTEND 1 — Interfaces (mes 1 al 6)",R4,IA-M02,Alta,Medio,IA,Desarrollo,S7-S9,Septiembre,90.0,Agile — Desarrollo por Sprint
Dashboard de métricas de todos los modelos de IA en producción,"Panel unificado con las métricas de cada modelo: accuracy actual, número de inferencias/día, latencia p50/p95, drift score, fecha de último re-entrenamiento. Visible para equipo técnico y gerencia.",MES5_OCTUBRE_Optimizacion,Backlog,High,2026-09-21,2026-11-16,"INTELIGENCIA_ARTIFICIAL,GERENCIA",38,IA-M17,"IA-ML — Modelos e Inteligencia Artificial (desde mes 2), Soporte PMO — Analista Funcional y Documentador",R5,IA-M12,Alta,Medio,IA,Desarrollo,S9-S13,Octubre,90.0,Agile — Desarrollo por Sprint
SYS: hardening Docker Compose staging y pipeline despliegue base,"Configuracion inicial de entorno staging, secrets, healthchecks y despliegue automatizado base del stack.",MES2_JULIO_Backend_Core,Backlog,High,2026-10-22,2026-11-18,INFRAESTRUCTURA,23,P1-LOAD-SYS-01,SYS-Infraestructura,R2,DEV-004,Media,Medio,Infraestructura,Desarrollo,S11-S13,Transversal,99.6,Agile — Desarrollo por Sprint
SYS: monitoreo base Prometheus/Grafana y alertas operativas,"Dashboards de CPU, memoria, disco y latencia API; alertas Slack/email para umbrales criticos.",MES3_AGOSTO_Frontend_Core,Backlog,High,2026-11-18,2026-11-30,INFRAESTRUCTURA,21,P1-LOAD-SYS-02,SYS-Infraestructura,R3,P1-LOAD-SYS-01,Media,Medio,Infraestructura,Desarrollo,S13,Transversal,100.0,Agile — Desarrollo por Sprint
SYS: optimizacion Nginx cache/compresion y tuning VPS Lima,"Cache estatico, gzip/brotli, limites de conexion y ajuste de recursos para carga concurrente minera.",MES4_SEPTIEMBRE_Integracion_QA,Backlog,High,2026-08-24,2026-09-30,INFRAESTRUCTURA,17,P1-LOAD-SYS-03,SYS-Infraestructura,R4,P1-LOAD-SYS-02,Media,Medio,Infraestructura,Desarrollo,S7-S9,Septiembre,90.0,Agile — Desarrollo por Sprint
Reunión de Kick-off con accionistas y Gerencia Minera,"Presentación del proyecto, alcance SOW, equipo, cronograma y expectativas de entregables ante Directorio y Gerencia Operacional.",MES1_JUNIO_Analisis_Arquitectura,Backlog,Urgent,2026-06-01,2026-06-30,"ARQUITECTURA,CRITICO",8,P1-M1-001,ARQ-Arquitecto TI / PMO,R1,,Baja,Bajo,Arquitectura,Desarrollo,S1-S3,Junio,97.9,Agile — Desarrollo por Sprint
Aprobar documento de definición de alcance (SOW),"Revisión, ajuste y firma formal del Statement of Work con todas las partes interesadas.",MES1_JUNIO_Analisis_Arquitectura,Backlog,Urgent,2026-06-30,2026-06-30,"ARQUITECTURA,DOCUMENTACION,CRITICO",16,P1-M1-002,ARQ-Arquitecto TI / PMO,R1,P1-M1-001,Baja,Alto,Arquitectura,Desarrollo,S3,Junio,97.9,Agile — Desarrollo por Sprint
Levantamiento funcional para sistema de informes mineros avanzados,"Entrevistas con ingenieros de mina, supervisores y gerencia para capturar requisitos funcionales del módulo de reportabilidad.",MES1_JUNIO_Analisis_Arquitectura,Backlog,High,2026-06-30,2026-06-30,"ARQUITECTURA,DOCUMENTACION",35,P1-M1-003,"ARQ-Arquitecto TI / PMO, FRONTEND 1 — Interfaces (mes 1 al 6), Soporte PMO — Analista Funcional y Documentador",R1,P1-M1-001,Media,Medio,Arquitectura,Desarrollo,S3,Junio,97.9,Agile — Desarrollo por Sprint
"Definir requerimientos no funcionales (latencia, concurrencia)","Documentar NFRs: latencia <20ms, 10K sensores concurrentes, disponibilidad 99.9%, auto-guardado <0.5s.",MES1_JUNIO_Analisis_Arquitectura,Backlog,High,2026-06-01,2026-06-30,"ARQUITECTURA,CRITICO",19,P1-M1-004,"ARQ-Arquitecto TI / PMO, BACKEND 1 — DBA / Arq. Datos y Core",R1,P1-M1-003,Media,Alto,Arquitectura,Desarrollo,S1-S3,Junio,97.9,Agile — Desarrollo por Sprint
"Seleccionar y validar frameworks (C++ Boost, React 18, FastAPI)","Evaluación técnica y PoC de stack: C++ Boost.Asio, React 18 + TipTap, PostgreSQL/TimescaleDB, Redpanda.",MES1_JUNIO_Analisis_Arquitectura,Backlog,High,2026-06-01,2026-06-30,"ARQUITECTURA,DATOS",31,P1-M1-005,"BACKEND 1 — DBA / Arq. Datos y Core, ARQ-Arquitecto TI / PMO, FRONTEND 1 — Interfaces (mes 1 al 6)",R1,P1-M1-004,Alta,Medio,Arquitectura,Desarrollo,S1-S3,Junio,99.7,Agile — Desarrollo por Sprint
"FE1 mes 1: setup React/Vite, contratos API con BE1/DBA y shell ReportStudio","Unico frontend activo en junio: levantar arquitectura Vite, routing base, contratos REST/WebSocket con backend y shell navegable del ReportStudio para validacion temprana con ARQ.",MES1_JUNIO_Analisis_Arquitectura,Backlog,Urgent,2026-06-01,2026-06-30,"EXPERIENCIA_USUARIO,DATOS,EDITOR_INFORMES,ARQUITECTURA",28,P1-ALC-FE1-M1,"FRONTEND 1 — Interfaces (mes 1 al 6), BACKEND 1 — DBA / Arq. Datos y Core",R1,P1-M1-005,Alta,Alto,Frontend,Desarrollo,S1-S3,Junio,90.0,Agile — Desarrollo por Sprint
QA: plan maestro de pruebas y casos base modulos core,"Elaborar TQA01 extendido, casos smoke/regression para auth, CRUD informes y telemetria base.",MES2_JULIO_Backend_Core,Backlog,High,2026-09-28,2026-10-26,"PRUEBAS_CALIDAD,DOCUMENTACION",31,P1-LOAD-QA-01,"QA-Calidad (desde mes 2), Soporte PMO — Analista Funcional y Documentador",R2,P1-M1-005,Media,Medio,QA,Desarrollo,S9-S11,Transversal,91.4,Agile — Desarrollo por Sprint
"Definir flujos de autenticación, autorización y roles","Diseño de flujos JWT, OAuth2, RBAC multi-tenant, biometría facial para acceso a informes.",MES1_JUNIO_Analisis_Arquitectura,Backlog,High,2026-06-01,2026-06-30,"SEGURIDAD,ARQUITECTURA",28,P1-M1-006,"BACKEND 1 — DBA / Arq. Datos y Core, BACKEND 2 — Ciberseguridad Backend (JWT/RBAC/OWASP), ARQ-Arquitecto TI / PMO",R1,P1-M1-003,Alta,Alto,Arquitectura,Desarrollo,S1-S3,Junio,99.7,Agile — Desarrollo por Sprint
Modelar base de datos para informes mineros (JSONB),"Diseño de esquema PostgreSQL con JSONB para estructura granular de informes, versionamiento y auditoría.",MES1_JUNIO_Analisis_Arquitectura,Backlog,High,2026-06-01,2026-06-30,"DATOS,ARQUITECTURA",31,P1-M1-007,"BACKEND 1 — DBA / Arq. Datos y Core, ARQ-Arquitecto TI / PMO",R1,P1-M1-004,Alta,Alto,Backend,Desarrollo,S1-S3,Junio,99.7,Agile — Desarrollo por Sprint
Modelar ERD de usuarios y flujos de aprobación,"Diagrama entidad-relación completo: usuarios, roles, permisos, workflows de aprobación de informes.",MES1_JUNIO_Analisis_Arquitectura,Backlog,Normal,2026-06-01,2026-06-30,"DATOS,ARQUITECTURA",14,P1-M1-008,BACKEND 1 — DBA / Arq. Datos y Core,R1,P1-M1-007,Media,Medio,Backend,Desarrollo,S1-S3,Junio,99.7,Agile — Desarrollo por Sprint
Diseñar esquema multi-tenant (aislamiento por compañía/contratista),Arquitectura de aislamiento de datos por empresa minera y contratista con particionamiento lógico.,MES1_JUNIO_Analisis_Arquitectura,Backlog,High,2026-06-01,2026-06-30,"DATOS,ARQUITECTURA,SEGURIDAD",24,P1-M1-009,"BACKEND 1 — DBA / Arq. Datos y Core, ARQ-Arquitecto TI / PMO",R1,P1-M1-007,Alta,Alto,Arquitectura,Desarrollo,S1-S3,Junio,99.7,Agile — Desarrollo por Sprint
Definir particiones automáticas en TimescaleDB para telemetría,"Diseño de hypertables, políticas de retención y compresión para datos de sensores IoT.",MES1_JUNIO_Analisis_Arquitectura,Backlog,High,2026-06-01,2026-06-30,"DATOS,SENSORES",14,P1-M1-010,BACKEND 1 — DBA / Arq. Datos y Core,R1,P1-M1-007,Alta,Medio,Backend,Desarrollo,S1-S3,Junio,99.7,Agile — Desarrollo por Sprint
Auditar sistemas legacy actuales en mina,"Relevamiento de interfaces actuales, formatos de datos, APIs existentes y puntos de integración.",MES1_JUNIO_Analisis_Arquitectura,Backlog,Normal,2026-06-01,2026-06-30,"ARQUITECTURA,DOCUMENTACION",32,P1-M1-011,"ARQ-Arquitecto TI / PMO, BACKEND 3 — Integraciones, Soporte PMO — Analista Funcional y Documentador",R1,P1-M1-003,Media,Medio,Arquitectura,Desarrollo,S1-S3,Junio,97.9,Agile — Desarrollo por Sprint
Elaborar y presentar documentos de diseño de backend,"Documentación técnica de APIs, diagramas de secuencia, contratos de servicio y patrones de diseño.",MES1_JUNIO_Analisis_Arquitectura,Backlog,Normal,2026-06-01,2026-06-30,"ARQUITECTURA,DOCUMENTACION,DATOS",28,P1-M1-012,"BACKEND 1 — DBA / Arq. Datos y Core, ARQ-Arquitecto TI / PMO, Soporte PMO — Analista Funcional y Documentador",R1,P1-M1-005,Media,Bajo,Backend,Desarrollo,S1-S3,Junio,99.7,Agile — Desarrollo por Sprint
Análisis heurístico de las interfaces antiguas,Evaluación UX de sistemas legacy para identificar pain points y oportunidades de mejora.,MES1_JUNIO_Analisis_Arquitectura,Backlog,Normal,2026-06-01,2026-06-30,"EXPERIENCIA_USUARIO,DOCUMENTACION",11,P1-M1-013,FRONTEND 1 — Interfaces (mes 1 al 6),R1,P1-M1-003,Baja,Bajo,Frontend,Desarrollo,S1-S3,Junio,90.0,Agile — Desarrollo por Sprint
Crear guía de estilos de negocio (Design System minero),"Definición de paleta, tipografía, componentes, iconografía y guidelines para la plataforma.",MES1_JUNIO_Analisis_Arquitectura,Backlog,Normal,2026-06-01,2026-06-30,"EXPERIENCIA_USUARIO,DOCUMENTACION",13,P1-M1-014,FRONTEND 1 — Interfaces (mes 1 al 6),R1,P1-M1-013,Media,Bajo,Frontend,Desarrollo,S1-S3,Junio,90.0,Agile — Desarrollo por Sprint
Mantenimiento continuo del Design System y componentes,"Actualización del Design System a medida que se desarrollan nuevos componentes: documentación de uso, estados, variantes. Asegurar consistencia visual en toda la plataforma. Revisión de cumplimiento por sprint.",MES3_AGOSTO_UX_Sensores,Backlog,Normal,2026-07-27,2026-08-31,"EXPERIENCIA_USUARIO,DOCUMENTACION",42,FE2-U03,"FRONTEND 2 — UX y Soporte (desde mes 2), Soporte PMO — Analista Funcional y Documentador, FRONTEND 1 — Interfaces (mes 1 al 6)",R2,P1-M1-014,Media,Bajo,Frontend,Desarrollo,S5-S7,Agosto,90.0,Agile — Desarrollo por Sprint
Diseño de pantallas específicas para tablets de campo,"Diseño e implementación de vistas optimizadas para tablets que se usan dentro de la mina: botones grandes (touch-friendly), lectura en luz solar, menús simplificados, modo de alta visibilidad. Compatible con guantes de seguridad.",MES3_AGOSTO_UX_Sensores,Backlog,High,2026-07-27,2026-08-31,"EXPERIENCIA_USUARIO,CRITICO",34,FE2-U04,FRONTEND 2 — UX y Soporte (desde mes 2),R3,P1-M1-014,Alta,Alto,Frontend,Desarrollo,S5-S7,Agosto,90.0,Agile — Desarrollo por Sprint
Diseño de plantillas visuales corporativas de informes,"Diseño de 10+ plantillas de informes mineros con carátula, membrete, estilos de tabla, gráficos corporativos: Informe Diario, Informe Semanal, Reporte de Incidente, Informe Gerencial, Reporte Ambiental, etc.",MES4_SEPTIEMBRE_Integracion_QA,Backlog,High,2026-09-28,2026-09-30,"EXPERIENCIA_USUARIO,EDITOR_INFORMES,EXPORTACION",32,FE2-U07,FRONTEND 2 — UX y Soporte (desde mes 2),R4,P1-M1-014,Alta,Medio,Frontend,Desarrollo,S9,Septiembre,90.0,Agile — Desarrollo por Sprint
Wireframes low-fidelity: login y control de acceso,"Bocetos iniciales de pantallas de login, recuperación de contraseña y selección de roles.",MES1_JUNIO_Analisis_Arquitectura,Backlog,Normal,2026-06-01,2026-06-30,EXPERIENCIA_USUARIO,11,P1-M1-015,FRONTEND 1 — Interfaces (mes 1 al 6),R1,P1-M1-014,Baja,Bajo,Frontend,Desarrollo,S1-S3,Junio,90.0,Agile — Desarrollo por Sprint
Wireframes: dashboard general e indicadores de telemetría (KPIs),"Diseño de dashboard principal con widgets de KPIs operacionales, alertas y tendencias.",MES1_JUNIO_Analisis_Arquitectura,Backlog,Normal,2026-06-01,2026-06-30,"EXPERIENCIA_USUARIO,SENSORES",11,P1-M1-016,FRONTEND 1 — Interfaces (mes 1 al 6),R1,P1-M1-014,Media,Bajo,Frontend,Desarrollo,S1-S3,Junio,90.0,Agile — Desarrollo por Sprint
Diseño del dashboard ejecutivo para Gerencia,"Dashboard de alto nivel para gerentes y directores: KPIs de producción, estado de informes, alertas de sensores, mapa ejecutivo simplificado, indicadores de cumplimiento. Vista de un vistazo (glanceable).",MES4_SEPTIEMBRE_Integracion_QA,Backlog,High,2026-08-24,2026-09-30,"EXPERIENCIA_USUARIO,GERENCIA",27,FE2-U11,FRONTEND 2 — UX y Soporte (desde mes 2),R4,P1-M1-016,Alta,Medio,Frontend,Desarrollo,S7-S9,Septiembre,90.6,Agile — Desarrollo por Sprint
Pantallas ejecutivas de gerencia (dashboards de dirección),"Implementación de dashboards de alto nivel para directivos: resumen de producción, estado de informes por zona, tendencias de alertas, mapa ejecutivo, indicadores de cumplimiento normativo.",MES4_SEPTIEMBRE_Integracion_QA,Backlog,High,2026-08-24,2026-09-30,"GERENCIA,EXPERIENCIA_USUARIO",25,FE1-O06,"FRONTEND 1 — Interfaces (mes 1 al 6), Soporte PMO — Analista Funcional y Documentador",R4,FE2-U11,Alta,Medio,Frontend,Desarrollo,S7-S9,Septiembre,98.3,Agile — Desarrollo por Sprint
Wireframes: editor de reportes técnicos avanzados (ReportStudio),"Prototipo del ReportStudio: toolbar, formato, tablas, imágenes, reglas horizontales, firma digital, auto-guardado.",MES1_JUNIO_Analisis_Arquitectura,Backlog,High,2026-06-01,2026-06-30,"EXPERIENCIA_USUARIO,EXPORTACION,EDITOR_INFORMES",13,P1-M1-017,FRONTEND 1 — Interfaces (mes 1 al 6),R1,P1-M1-014,Alta,Medio,Frontend,Desarrollo,S1-S3,Junio,90.0,Agile — Desarrollo por Sprint
Aprobación gerencial de arquitectura y documentos de diseño,"Presentación formal y aprobación de diseño técnico, stack tecnológico y plan de ejecución.",MES1_JUNIO_Analisis_Arquitectura,Backlog,Urgent,2026-06-01,2026-06-30,"ARQUITECTURA,CRITICO,DOCUMENTACION",8,P1-M1-018,ARQ-Arquitecto TI / PMO,R1,P1-M1-012,Baja,Alto,Arquitectura,Desarrollo,S1-S3,Junio,97.9,Agile — Desarrollo por Sprint
Configurar registro automatico de cambios en la base de datos (auditoria),"Crear mecanismos en la base de datos que registren automaticamente cuando alguien modifica, elimina o accede a informacion sensible: quien hizo el cambio, cuando, y que datos se modificaron. Esencial para cumplimiento normativo minero.",MES1_JUNIO_Analisis_Arquitectura,Backlog,Normal,2026-06-01,2026-06-30,"DATOS,SEGURIDAD",10,P1-M1-019,BACKEND 1 — DBA / Arq. Datos y Core,R1,P1-M1-008,Media,Medio,Backend,Desarrollo,S1-S3,Junio,99.7,Agile — Desarrollo por Sprint
"Documentar módulos (informes, autorizaciones)",Especificación funcional detallada de cada módulo del sistema de reportabilidad.,MES1_JUNIO_Analisis_Arquitectura,Backlog,Normal,2026-06-01,2026-06-30,"DOCUMENTACION,ARQUITECTURA",21,P1-M1-020,"ARQ-Arquitecto TI / PMO, BACKEND 1 — DBA / Arq. Datos y Core, Soporte PMO — Analista Funcional y Documentador",R1,P1-M1-012,Media,Bajo,Arquitectura,Desarrollo,S1-S3,Junio,97.9,Agile — Desarrollo por Sprint
Inicializar repositorio C++ (CMakeLists y vcpkg),"Setup del proyecto C++ con CMake, vcpkg, estructura de directorios, CI local y compilación base.",MES2_JULIO_Core_Seguridad,Backlog,Urgent,2026-06-30,2026-07-31,"DATOS,INFRAESTRUCTURA",10,P1-M2-001,BACKEND 1 — DBA / Arq. Datos y Core,R2,P1-M1-005,Media,Bajo,Backend,Desarrollo,S3-S5,Julio,99.7,Agile — Desarrollo por Sprint
"FE2: validacion UX temprana de login, auth y responsive tablet mina","Pruebas de usabilidad en julio sobre flujos de acceso, permisos y layout responsive para tablets de campo con guantes.",MES2_JULIO_Backend_Core,Backlog,High,2026-10-26,2026-11-20,"EXPERIENCIA_USUARIO,PRUEBAS_CALIDAD",25,P1-LOAD-FE2-01,"FRONTEND 2 — UX y Soporte (desde mes 2), QA-Calidad (desde mes 2)",R2,P1-M2-001,Media,Medio,Frontend,Desarrollo,S11-S13,Transversal,90.0,Agile — Desarrollo por Sprint
Desarrollar estructuras de red nativas con Boost.Asio,Construccion del modulo de comunicaciones de red de alta velocidad que permite al sistema enviar y recibir datos de sensores en milisegundos.,MES2_JULIO_Core_Seguridad,Backlog,Urgent,2026-06-30,2026-07-31,"DATOS,CRITICO",24,P1-M2-002,BACKEND 1 — DBA / Arq. Datos y Core,R2,P1-M2-001,Alta,Alto,Backend,Desarrollo,S3-S5,Julio,99.7,Agile — Desarrollo por Sprint
Crear servidor de comunicacion en tiempo real (WebSocket),Servidor que permite enviar actualizaciones instantaneas a las pantallas de los usuarios sin que tengan que refrescar la pagina.,MES2_JULIO_Core_Seguridad,Backlog,Urgent,2026-06-30,2026-07-31,"DATOS,CRITICO",37,P1-M2-003,"BACKEND 1 — DBA / Arq. Datos y Core, BACKEND 2 — Ciberseguridad Backend (JWT/RBAC/OWASP), FRONTEND 1 — Interfaces (mes 1 al 6)",R2,P1-M2-002,Alta,Alto,Backend,Desarrollo,S3-S5,Julio,99.7,Agile — Desarrollo por Sprint
Notificaciones in-app en tiempo real (vía WebSocket),"Sistema de notificaciones dentro de la plataforma vía WebSocket: badge con contador, panel de notificaciones, sonido configurable. Tipos: informe pendiente, aprobación recibida, alerta sensor, mención en comentario.",MES4_SEPTIEMBRE_Integracion_QA,Backlog,High,2026-08-24,2026-09-30,"NOTIFICACIONES,DATOS,INTEGRACION",24,BE3-I08,BACKEND 3 — Integraciones,R4,P1-M2-003,Alta,Medio,Backend,Desarrollo,S7-S9,Septiembre,91.6,Agile — Desarrollo por Sprint
Optimizar formato de envio de datos de sensores (compresion ligera),"Crear un formato compacto para enviar datos de sensores que consuma el minimo de ancho de banda, especialmente importante en zonas de mina con conexion limitada.",MES2_JULIO_Core_Seguridad,Backlog,High,2026-06-30,2026-07-31,"DATOS,SENSORES",24,P1-M2-004,"BACKEND 1 — DBA / Arq. Datos y Core, BACKEND 3 — Integraciones",R2,P1-M2-002,Alta,Medio,Backend,Desarrollo,S3-S5,Julio,99.7,Agile — Desarrollo por Sprint
"Implementar endpoints REST: autorización, revisión y firmas","API REST completa para CRUD de informes, flujo de aprobación y firma digital.",MES2_JULIO_Core_Seguridad,Backlog,Urgent,2026-06-30,2026-07-31,"DATOS,SEGURIDAD",40,P1-M2-005,"BACKEND 1 — DBA / Arq. Datos y Core, BACKEND 3 — Integraciones, BACKEND 2 — Ciberseguridad Backend (JWT/RBAC/OWASP)",R2,P1-M2-003,Alta,Alto,Backend,Desarrollo,S3-S5,Julio,99.7,Agile — Desarrollo por Sprint
Documentación API completa (Swagger/OpenAPI 3.0),"Documentación auto-generada de todas las APIs REST: endpoints, parámetros, respuestas, códigos de error, ejemplos. Portal interactivo Swagger UI para el equipo y futuros integradores.",MES2_JULIO_Core_Seguridad,Backlog,High,2026-06-30,2026-07-31,"INTEGRACION,DOCUMENTACION,DATOS",32,BE3-I01,"BACKEND 3 — Integraciones, Soporte PMO — Analista Funcional y Documentador",R2,P1-M2-005,Media,Bajo,Backend,Desarrollo,S3-S5,Julio,90.0,Agile — Desarrollo por Sprint
Implementar sistema de login seguro con tokens cifrados,Sistema de autenticacion donde cada usuario recibe un token cifrado al ingresar. El token se renueva automaticamente y garantiza que solo usuarios autorizados accedan al sistema.,MES2_JULIO_Core_Seguridad,Backlog,Urgent,2026-06-30,2026-07-31,"SEGURIDAD,DATOS,CRITICO",37,P1-M2-006,"BACKEND 2 — Ciberseguridad Backend (JWT/RBAC/OWASP), FRONTEND 1 — Interfaces (mes 1 al 6), BACKEND 3 — Integraciones",R2,P1-M1-006,Alta,Alto,Backend,Desarrollo,S3-S5,Julio,90.0,Agile — Desarrollo por Sprint
Control de sesiones de usuario: desconexion automatica y limite de accesos simultaneos,"Seguridad de las sesiones de usuario: cierre automatico despues de 30 minutos sin actividad, maximo 8 horas de sesion continua, posibilidad de cerrar sesiones remotamente, maximo 3 sesiones simultaneas por usuario, alerta si se detecta acceso desde una ubicacion inusual.",MES3_AGOSTO_UX_Sensores,Backlog,High,2026-07-27,2026-08-31,"SEGURIDAD,DATOS",23,BE2-S04,BACKEND 2 — Ciberseguridad Backend (JWT/RBAC/OWASP),R3,P1-M2-006,Alta,Alto,Backend,Desarrollo,S5-S7,Agosto,90.0,Agile — Desarrollo por Sprint
Servicio de rotación automática de claves criptográficas,"Sistema automatizado de rotación de claves: JWT signing keys (cada 30 días), encryption keys (cada 90 días), API keys de integraciones. Zero-downtime rotation, backward compatibility durante ventana de transición.",MES4_SEPTIEMBRE_Integracion_QA,Backlog,High,2026-08-24,2026-09-30,"SEGURIDAD,DATOS",23,BE2-S08,BACKEND 2 — Ciberseguridad Backend (JWT/RBAC/OWASP),R4,P1-M2-006,Alta,Alto,Backend,Desarrollo,S7-S9,Septiembre,90.0,Agile — Desarrollo por Sprint
Conectar el motor del sistema con la base de datos PostgreSQL,"Establecer la conexion entre el servidor C++ y la base de datos, con multiples conexiones simultaneas para alto rendimiento.",MES2_JULIO_Core_Seguridad,Backlog,High,2026-06-30,2026-07-31,DATOS,14,P1-M2-007,BACKEND 1 — DBA / Arq. Datos y Core,R2,P1-M2-001,Media,Medio,Backend,Desarrollo,S3-S5,Julio,99.7,Agile — Desarrollo por Sprint
Crear servicio para guardar y recuperar informes con historial de cambios,"Servicio que permite guardar cada version de un informe, recuperar versiones anteriores y rastrear quien hizo cada cambio.",MES2_JULIO_Core_Seguridad,Backlog,High,2026-06-30,2026-07-31,"DATOS,EDITOR_INFORMES",18,P1-M2-008,BACKEND 1 — DBA / Arq. Datos y Core,R2,P1-M2-007,Alta,Medio,Backend,Desarrollo,S3-S5,Julio,99.7,Agile — Desarrollo por Sprint
Crear proceso de importacion de datos desde sistemas antiguos de la mina,"Proceso automatizado que extrae datos de los sistemas actuales de la mina, los transforma al nuevo formato y los carga en la base de datos de la plataforma.",MES2_JULIO_Core_Seguridad,Backlog,High,2026-06-30,2026-07-31,DATOS,24,P1-M2-009,BACKEND 1 — DBA / Arq. Datos y Core,R2,P1-M2-007,Alta,Alto,Backend,Desarrollo,S3-S5,Julio,99.7,Agile — Desarrollo por Sprint
Sincronizacion continua de base de datos con plataforma AWS actual,Modulo que lee en tiempo real la base de datos de la plataforma minera actual (alojada en AWS) y sincroniza los datos hacia la nueva base de datos en el datacenter VPS Lima. Esta es la UNICA conexion con AWS: lectura continua de datos para mantener ambas plataformas sincronizadas durante la transicion.,MES2_JULIO_Core_Seguridad,Backlog,High,2026-06-30,2026-07-31,"DATOS,CRITICO",24,P1-M2-010,BACKEND 1 — DBA / Arq. Datos y Core,R2,P1-M2-009,Alta,Alto,Backend,Desarrollo,S3-S5,Julio,99.7,Agile — Desarrollo por Sprint
Modulo de recepcion y procesamiento de datos de sensores en tiempo real,"Componente que recibe continuamente datos de los sensores de la mina (temperatura, presion, vibracion) y los procesa al instante para mostrar en pantalla y generar alertas.",MES2_JULIO_Core_Seguridad,Backlog,High,2026-06-30,2026-07-31,"DATOS,SENSORES,CRITICO",31,P1-M2-011,"BACKEND 1 — DBA / Arq. Datos y Core, BACKEND 3 — Integraciones",R2,P1-M2-003,Alta,Alto,Backend,Desarrollo,S3-S5,Julio,99.7,Agile — Desarrollo por Sprint
Manejo de cortes de conexion en zonas de mina con red inestable,"El sistema se reconecta automaticamente cuando se pierde la senal, guarda los datos pendientes y los envia cuando la conexion regresa.",MES2_JULIO_Core_Seguridad,Backlog,High,2026-06-30,2026-07-31,"DATOS,SENSORES",24,P1-M2-012,"BACKEND 1 — DBA / Arq. Datos y Core, BACKEND 3 — Integraciones",R2,P1-M2-003,Alta,Alto,Backend,Desarrollo,S3-S5,Julio,99.7,Agile — Desarrollo por Sprint
Motor offline informe tecnico: BD local en terminal y cola de sincronizacion,"Persistencia local (IndexedDB + SQLite WASM en terminal) para cambios factibles del informe tecnico en zonas sin conectividad. Cola de operaciones con reintentos, marcas de tiempo y reconciliacion automatica al detectar servidor.",MES3_AGOSTO_Frontend_Core,Backlog,Urgent,2026-11-30,2026-11-30,"SIN_CONEXION,DATOS,CRITICO",40,P1-ALC-A1,"BACKEND 1 — DBA / Arq. Datos y Core, BACKEND 3 — Integraciones, BACKEND 2 — Ciberseguridad Backend (JWT/RBAC/OWASP)",R3,P1-M2-012,Alta,Alto,Backend,Desarrollo,S13,Transversal,90.0,Agile — Desarrollo por Sprint
"UI offline: edicion local, indicadores de sync y reconciliacion en ReportStudio","Modo offline completo: guardado local, badge online/offline/syncing, barra de progreso de sincronizacion y resolucion visual de conflictos al reconectar. FE1 lidera; FE2 valida usabilidad en tablet de campo.",MES3_AGOSTO_Frontend_Core,Backlog,Urgent,2026-11-30,2026-11-30,"SIN_CONEXION,EXPERIENCIA_USUARIO,EDITOR_INFORMES,CRITICO",32,P1-ALC-A2,"FRONTEND 1 — Interfaces (mes 1 al 6), FRONTEND 2 — UX y Soporte (desde mes 2)",R3,P1-ALC-A1,Alta,Alto,Frontend,Desarrollo,S13,Transversal,97.8,Agile — Desarrollo por Sprint
"Cargar catalogos de personal, zonas y equipos en el ambiente de pruebas","Importar al ambiente de pruebas toda la informacion base de la operacion minera: listado de trabajadores, zonas geograficas de la mina, inventario de equipos y maquinaria. Esta informacion es necesaria para que el sistema funcione con datos reales.",MES2_JULIO_Core_Seguridad,Backlog,Normal,2026-06-30,2026-07-31,DATOS,14,P1-M2-013,BACKEND 1 — DBA / Arq. Datos y Core,R2,P1-M2-009,Media,Medio,Backend,Desarrollo,S3-S5,Julio,99.7,Agile — Desarrollo por Sprint
"Disenar estructura de base de datos para almacenar formato de informes (fuentes, colores, reglas)","Crear la estructura en la base de datos que guarda todo el formato de los informes: tipo de letra, tamano, negritas, colores de texto y fondo, reglas horizontales, alineacion. Permite que el informe se vea identico cada vez que se abre.",MES2_JULIO_Core_Seguridad,Backlog,Urgent,2026-06-30,2026-07-31,"DATOS,EDITOR_INFORMES,CRITICO",18,P1-M2-014,BACKEND 1 — DBA / Arq. Datos y Core,R2,P1-M1-007,Alta,Alto,Backend,Desarrollo,S3-S5,Julio,99.7,Agile — Desarrollo por Sprint
Servicio de guardado automatico del informe (auto-save cada pocos segundos),"El sistema guarda automaticamente los cambios del informe cada pocos segundos, enviando solo lo que cambio (no todo el documento). Si dos personas editan al mismo tiempo, detecta y resuelve conflictos. Tiempo de guardado menor a medio segundo.",MES2_JULIO_Core_Seguridad,Backlog,Urgent,2026-06-30,2026-07-31,"DATOS,EDITOR_INFORMES,CRITICO",18,P1-M2-015,BACKEND 1 — DBA / Arq. Datos y Core,R2,P1-M2-008,Alta,Alto,Backend,Desarrollo,S3-S5,Julio,99.7,Agile — Desarrollo por Sprint
Sistema de historial de versiones del informe con comparador de cambios,"Cada vez que se guarda un informe se crea una nueva version con nombre del autor y fecha. Permite comparar dos versiones y ver exactamente que se agrego, elimino o modifico (texto en verde = nuevo, rojo = eliminado).",MES2_JULIO_Core_Seguridad,Backlog,High,2026-06-30,2026-07-31,"DATOS,EDITOR_INFORMES",24,P1-M2-016,"BACKEND 1 — DBA / Arq. Datos y Core, BACKEND 3 — Integraciones",R2,P1-M2-008,Alta,Medio,Backend,Desarrollo,S3-S5,Julio,99.7,Agile — Desarrollo por Sprint
Bloqueo de informe cuando alguien lo esta editando (evitar sobreescrituras),"Cuando un usuario abre un informe para editar, el sistema lo bloquea para otros usuarios. Se muestra quien esta editando. Si el usuario se desconecta, el bloqueo se libera automaticamente.",MES2_JULIO_Core_Seguridad,Backlog,High,2026-06-30,2026-07-31,"DATOS,EDITOR_INFORMES",19,P1-M2-017,"BACKEND 1 — DBA / Arq. Datos y Core, BACKEND 3 — Integraciones",R2,P1-M2-003,Alta,Alto,Backend,Desarrollo,S3-S5,Julio,99.7,Agile — Desarrollo por Sprint
Cifrado de datos confidenciales almacenados en la base de datos,"Los informes marcados como confidenciales y los datos biometricos se guardan cifrados en la base de datos. Si alguien accede directamente a la base de datos, no podra leer el contenido sin la clave.",MES2_JULIO_Core_Seguridad,Backlog,High,2026-06-30,2026-07-31,"SEGURIDAD,DATOS",24,P1-M2-018,"BACKEND 1 — DBA / Arq. Datos y Core, BACKEND 2 — Ciberseguridad Backend (JWT/RBAC/OWASP)",R2,P1-M2-006,Alta,Alto,Backend,Desarrollo,S3-S5,Julio,99.7,Agile — Desarrollo por Sprint
"Control de permisos por rol: quien puede ver, editar, aprobar y firmar cada informe","Sistema que verifica en cada operacion si el usuario tiene permiso: administradores, supervisores, ingenieros y lectores tienen accesos diferentes. Cada rol solo puede hacer lo que le corresponde (crear, editar, aprobar, firmar, exportar).",MES2_JULIO_Core_Seguridad,Backlog,Urgent,2026-06-30,2026-07-31,"SEGURIDAD,DATOS,CRITICO",31,P1-M2-019,BACKEND 2 — Ciberseguridad Backend (JWT/RBAC/OWASP),R2,P1-M2-006,Alta,Alto,Backend,Desarrollo,S3-S5,Julio,90.0,Agile — Desarrollo por Sprint
IA: PoC corrector ortografico LanguageTool + vocabulario minero,Integracion inicial de correccion linguistica con diccionario tecnico minero peruano/latam.,MES2_JULIO_Backend_Core,Backlog,High,2026-10-01,2026-10-29,"INTELIGENCIA_ARTIFICIAL,EDITOR_INFORMES",26,P1-LOAD-IA-01,"IA-ML — Modelos e Inteligencia Artificial (desde mes 2), BACKEND 2 — Ciberseguridad Backend (JWT/RBAC/OWASP)",R2,P1-M2-019,Alta,Medio,IA,Desarrollo,S9-S11,Transversal,99.1,Agile — Desarrollo por Sprint
IA: pipeline STT Whisper con acento regional y ruido de socavon,Entrenamiento/fine-tuning de vocabulario minero para dictado por voz en condiciones ruidosas.,MES3_AGOSTO_Frontend_Core,Backlog,High,2026-10-29,2026-11-30,"INTELIGENCIA_ARTIFICIAL,EDITOR_INFORMES",30,P1-LOAD-IA-02,"IA-ML — Modelos e Inteligencia Artificial (desde mes 2), BACKEND 3 — Integraciones",R3,P1-LOAD-IA-01,Alta,Alto,IA,Desarrollo,S11-S13,Transversal,99.1,Agile — Desarrollo por Sprint
IA: modelos ONNX biometria y deteccion EPP en stream CCTV,Despliegue de inferencia facial liveness y vision EPP integrada a alertas operativas.,MES5_OCTUBRE_Optimizacion,Backlog,High,2026-09-21,2026-11-16,"INTELIGENCIA_ARTIFICIAL,SEGURIDAD,SENSORES",34,P1-LOAD-IA-03,"IA-ML — Modelos e Inteligencia Artificial (desde mes 2), BACKEND 2 — Ciberseguridad Backend (JWT/RBAC/OWASP)",R5,P1-LOAD-IA-02,Alta,Alto,IA,Desarrollo,S9-S13,Octubre,90.0,Agile — Desarrollo por Sprint
Convertidor de datos del sistema antiguo al formato de la nueva plataforma,"Herramienta que toma los datos del sistema minero anterior (archivos CSV, XML y otros formatos) y los convierte al formato de la nueva plataforma. Incluye limpieza de datos y reporte de errores encontrados.",MES2_JULIO_Core_Seguridad,Backlog,High,2026-06-30,2026-07-31,DATOS,32,P1-M2-020,BACKEND 3 — Integraciones,R2,P1-M2-009,Alta,Medio,Backend,Desarrollo,S3-S5,Julio,90.0,Agile — Desarrollo por Sprint
"Prototipar UI: flujo de autorización, revisión y firmas de informes","Implementacion React del flujo completo: crear informe, revisar, aprobar, firmar y publicar.",MES3_AGOSTO_UX_Sensores,Backlog,Urgent,2026-07-27,2026-08-31,"EXPERIENCIA_USUARIO,DATOS,CRITICO",13,P1-M3-001,FRONTEND 1 — Interfaces (mes 1 al 6),R3,P1-M1-017,Alta,Alto,Frontend,Desarrollo,S5-S7,Agosto,99.1,Agile — Desarrollo por Sprint
Workspace de multiples borradores de informe tecnico (1..N documentos),"Bandeja de borradores: crear, renombrar, duplicar, previsualizar y convertir a informe formal. Soporte de uno o mas documentos en estado Borrador por usuario y tenant.",MES3_AGOSTO_Frontend_Core,Backlog,High,2026-10-29,2026-11-25,"EDITOR_INFORMES,EXPERIENCIA_USUARIO,DATOS",13,P1-ALC-B1,FRONTEND 1 — Interfaces (mes 1 al 6),R2,P1-M3-001,Alta,Medio,Frontend,Desarrollo,S11-S13,Transversal,100.0,Agile — Desarrollo por Sprint
API backend: CRUD borradores multi-documento y transicion borrador-revision,"Endpoints para crear, listar, archivar y promover borradores multiples. Versionado ligero pre-aprobacion y metadatos de estado por tenant.",MES3_AGOSTO_Frontend_Core,Backlog,High,2026-11-25,2026-11-30,"DATOS,EDITOR_INFORMES",18,P1-ALC-B2,BACKEND 1 — DBA / Arq. Datos y Core,R2,P1-ALC-B1,Media,Medio,Backend,Desarrollo,S13,Transversal,90.0,Agile — Desarrollo por Sprint
Manual funcional: flujo de borradores multiples para supervisores de turno,"Procedimiento operativo no tecnico para crear, gestionar y cerrar borradores en turno minero. Revision con FE1 y validacion QA.",MES3_AGOSTO_Frontend_Core,Backlog,Normal,2026-11-25,2026-11-30,"DOCUMENTACION,EDITOR_INFORMES,SOPORTE",23,P1-ALC-B3,"Soporte PMO — Analista Funcional y Documentador, FRONTEND 1 — Interfaces (mes 1 al 6)",R3,P1-ALC-B1,Baja,Bajo,Frontend,Desarrollo,S13,Transversal,90.0,Agile — Desarrollo por Sprint
QA: pruebas regresion editor TipTap y exportacion temprana,"Validacion continua de formato, tablas, imagenes y export PDF/DOCX en iteraciones quincenales.",MES3_AGOSTO_Frontend_Core,Backlog,High,2026-10-29,2026-11-25,"PRUEBAS_CALIDAD,EDITOR_INFORMES,EXPORTACION",32,P1-LOAD-QA-02,QA-Calidad (desde mes 2),R3,P1-M3-001,Media,Medio,QA,Desarrollo,S11-S13,Transversal,100.0,Agile — Desarrollo por Sprint
"QA: pentest funcional, OWASP y pruebas de carga incremental","Bateria de seguridad aplicativa, inyeccion SQL/XSS y load test progresivo hacia 10k sensores.",MES5_OCTUBRE_Optimizacion,Backlog,Urgent,2026-09-21,2026-11-16,"PRUEBAS_CALIDAD,SEGURIDAD",38,P1-LOAD-QA-03,"QA-Calidad (desde mes 2), BACKEND 2 — Ciberseguridad Backend (JWT/RBAC/OWASP)",R5,P1-LOAD-QA-02,Alta,Alto,QA,Desarrollo,S9-S13,Octubre,91.4,Agile — Desarrollo por Sprint
Prototipar UI: búsqueda avanzada y filtrado de informes,"Componente de búsqueda full-text con filtros por fecha, autor, estado, tipo y zona minera.",MES3_AGOSTO_UX_Sensores,Backlog,High,2026-07-27,2026-08-31,"EXPERIENCIA_USUARIO,DATOS",13,P1-M3-002,FRONTEND 1 — Interfaces (mes 1 al 6),R3,P1-M3-001,Media,Bajo,Frontend,Desarrollo,S5-S7,Agosto,99.1,Agile — Desarrollo por Sprint
Prototipar UI en Figma: pantallas de identidad y biometría,"Diseño de pantallas de registro facial, captura biométrica y verificación de identidad.",MES3_AGOSTO_UX_Sensores,Backlog,High,2026-07-27,2026-08-31,"EXPERIENCIA_USUARIO,SEGURIDAD,INTELIGENCIA_ARTIFICIAL",20,P1-M3-003,FRONTEND 2 — UX y Soporte (desde mes 2),R3,P1-M1-014,Media,Medio,Frontend,Desarrollo,S5-S7,Agosto,90.0,Agile — Desarrollo por Sprint
Prototipar UI: dashboard central y mapas GIS Lidar,"Dashboard operacional con mapas Leaflet, capas GIS, puntos de sensores y tracking en vivo.",MES3_AGOSTO_UX_Sensores,Backlog,Urgent,2026-07-27,2026-08-31,"EXPERIENCIA_USUARIO,MAPAS,SENSORES,CRITICO",29,P1-M3-004,"FRONTEND 1 — Interfaces (mes 1 al 6), FRONTEND 2 — UX y Soporte (desde mes 2)",R3,P1-M1-016,Alta,Alto,Frontend,Desarrollo,S5-S7,Agosto,99.1,Agile — Desarrollo por Sprint
Optimizacion de menu: reduccion de pasos en flujos frecuentes de operacion,"Accesos directos, favoritos, breadcrumbs inteligentes y menu contextual por modulo. Meta: reducir al menos 40% los clics en los 10 flujos mas usados en mina.",MES4_SEPTIEMBRE_Integracion_QA,Backlog,High,2026-08-24,2026-09-30,EXPERIENCIA_USUARIO,28,P1-ALC-E1,"FRONTEND 1 — Interfaces (mes 1 al 6), FRONTEND 2 — UX y Soporte (desde mes 2)",R3,P1-M3-004,Media,Medio,Frontend,Desarrollo,S7-S9,Septiembre,98.3,Agile — Desarrollo por Sprint
"FE2: iteracion paneles retráctiles, alarmas UI y accesibilidad industrial","Refinar paneles laterales, alertas visuales de sensores y contraste para operacion nocturna en mina.",MES3_AGOSTO_Frontend_Core,Backlog,High,2026-10-29,2026-11-25,"EXPERIENCIA_USUARIO,SENSORES",24,P1-LOAD-FE2-02,"FRONTEND 2 — UX y Soporte (desde mes 2), FRONTEND 1 — Interfaces (mes 1 al 6)",R3,P1-M3-004,Media,Medio,Frontend,Desarrollo,S11-S13,Transversal,90.0,Agile — Desarrollo por Sprint
Prototipar UI: dictado por voz y corrección vía IA,Componente de dictado con WebSpeech API y corrección automática vía modelo NLP.,MES3_AGOSTO_UX_Sensores,Backlog,High,2026-07-27,2026-08-31,"EXPERIENCIA_USUARIO,INTELIGENCIA_ARTIFICIAL,EDITOR_INFORMES",24,P1-M3-005,"FRONTEND 1 — Interfaces (mes 1 al 6), IA-ML — Modelos e Inteligencia Artificial (desde mes 2)",R3,,Alta,Alto,Frontend,Desarrollo,S5-S7,Agosto,99.1,Agile — Desarrollo por Sprint
Definir micro-interacciones y animaciones de notificaciones de estado,"Animaciones de feedback: guardado, envío, aprobación, error, alertas de sensores.",MES3_AGOSTO_UX_Sensores,Backlog,Normal,2026-07-27,2026-08-31,EXPERIENCIA_USUARIO,14,P1-M3-006,FRONTEND 2 — UX y Soporte (desde mes 2),R3,P1-M3-001,Baja,Bajo,Frontend,Desarrollo,S5-S7,Agosto,90.0,Agile — Desarrollo por Sprint
Revisar UX con el área de operaciones (ingenieros en mina),Sesiones de usabilidad con usuarios finales en la unidad minera para validar prototipos.,MES3_AGOSTO_UX_Sensores,Backlog,High,2026-07-27,2026-08-31,"EXPERIENCIA_USUARIO,DOCUMENTACION",23,P1-M3-007,"FRONTEND 2 — UX y Soporte (desde mes 2), ARQ-Arquitecto TI / PMO",R3,P1-M3-004,Media,Medio,Frontend,Desarrollo,S5-S7,Agosto,90.0,Agile — Desarrollo por Sprint
Sistema empresarial de teclas rapidas para funcionalidades del informe,"Mapa completo de atajos: editor, navegacion, exportacion, sensores y mapas. Overlay Ctrl+/ con busqueda fuzzy y personalizacion por rol.",MES4_SEPTIEMBRE_Integracion_QA,Backlog,High,2026-08-24,2026-09-30,"EXPERIENCIA_USUARIO,EDITOR_INFORMES",13,P1-ALC-D1,FRONTEND 1 — Interfaces (mes 1 al 6),R3,P1-M3-007,Media,Bajo,Frontend,Desarrollo,S7-S9,Septiembre,98.3,Agile — Desarrollo por Sprint
Auto-ocultamiento de barra superior al entrar a funcionalidades internas,"Al abrir editor, mapa o streaming, ocultar ribbon superior maximizando lienzo. Toggle manual y persistencia de preferencia por usuario.",MES4_SEPTIEMBRE_Integracion_QA,Backlog,High,2026-08-24,2026-09-30,"EXPERIENCIA_USUARIO,EDITOR_INFORMES",13,P1-ALC-F1,FRONTEND 1 — Interfaces (mes 1 al 6),R2,P1-M3-007,Media,Bajo,Frontend,Desarrollo,S7-S9,Septiembre,98.3,Agile — Desarrollo por Sprint
Paneles laterales colapsados a iconos cuando no estan en uso activo,Sidebars izquierdo y derecho del lienzo en modo icon-only por defecto; expand on hover/focus; eliminar textos redundantes para experiencia visual industrial premium.,MES4_SEPTIEMBRE_Integracion_QA,Backlog,High,2026-08-24,2026-09-30,"EXPERIENCIA_USUARIO,EDITOR_INFORMES",28,P1-ALC-G1,"FRONTEND 1 — Interfaces (mes 1 al 6), FRONTEND 2 — UX y Soporte (desde mes 2)",R3,P1-ALC-F1,Media,Medio,Frontend,Desarrollo,S7-S9,Septiembre,98.3,Agile — Desarrollo por Sprint
"Suite QA: offline, borradores, paste imagen, shortcuts, menu y ribbon UX","Pruebas funcionales de alcances A-G: sync offline, multi-borrador, paste web/WhatsApp, atajos, menu optimizado, ribbon oculto e icon sidebars.",MES4_SEPTIEMBRE_Integracion_QA,Backlog,High,2026-08-24,2026-09-30,"PRUEBAS_CALIDAD,EXPERIENCIA_USUARIO,SIN_CONEXION,EDITOR_INFORMES",42,P1-ALC-QA1,"QA-Calidad (desde mes 2), FRONTEND 2 — UX y Soporte (desde mes 2), FRONTEND 1 — Interfaces (mes 1 al 6)",R4,P1-ALC-G1,Media,Medio,QA,Desarrollo,S7-S9,Septiembre,92.1,Agile — Desarrollo por Sprint
Exportar y consolidar assets vectoriales para Frontend,"Consolidación de iconos SVG, mapas vectoriales e imágenes optimizadas para la plataforma.",MES3_AGOSTO_UX_Sensores,Backlog,Normal,2026-07-27,2026-08-31,EXPERIENCIA_USUARIO,14,P1-M3-008,FRONTEND 2 — UX y Soporte (desde mes 2),R3,P1-M3-006,Baja,Bajo,Frontend,Desarrollo,S5-S7,Agosto,90.0,Agile — Desarrollo por Sprint
Conectar el sistema con la cola de mensajes para datos de sensores,Integracion del servidor con el sistema de mensajeria Redpanda para procesar datos de sensores de forma ordenada y sin perder informacion.,MES3_AGOSTO_UX_Sensores,Backlog,High,2026-07-27,2026-08-31,"DATOS,SENSORES",24,P1-M3-009,"BACKEND 1 — DBA / Arq. Datos y Core, BACKEND 3 — Integraciones",R2,P1-M2-011,Alta,Alto,Backend,Desarrollo,S5-S7,Agosto,100.0,Agile — Desarrollo por Sprint
Optimizar procesamiento paralelo para manejar miles de sensores simultaneos,"Configurar el servidor para procesar datos de multiples sensores al mismo tiempo, aprovechando todos los nucleos del procesador.",MES3_AGOSTO_UX_Sensores,Backlog,High,2026-07-27,2026-08-31,DATOS,18,P1-M3-010,BACKEND 1 — DBA / Arq. Datos y Core,R2,P1-M2-011,Alta,Alto,Backend,Desarrollo,S5-S7,Agosto,100.0,Agile — Desarrollo por Sprint
Monitor de salud del sistema con reinicio automatico si falla,"Componente que vigila continuamente que el servidor este funcionando correctamente. Si detecta que algo se congelo o fallo, reinicia automaticamente el servicio afectado y envia alerta al equipo.",MES3_AGOSTO_UX_Sensores,Backlog,High,2026-07-27,2026-08-31,"DATOS,INFRAESTRUCTURA",19,P1-M3-011,"BACKEND 1 — DBA / Arq. Datos y Core, BACKEND 3 — Integraciones",R2,P1-M3-010,Alta,Medio,Backend,Desarrollo,S5-S7,Agosto,100.0,Agile — Desarrollo por Sprint
FE1: Inicialización TipTap Editor con extensions core (ReportStudio),"Setup de TipTap/ProseMirror como motor del editor de informes: StarterKit, Document, Paragraph, Text, History, Placeholder. Configuración de schema custom para nodos mineros. Integración con React 18 y state management.",MES3_AGOSTO_UX_Sensores,Backlog,Urgent,2026-07-27,2026-08-31,"EXPERIENCIA_USUARIO,EDITOR_INFORMES,CRITICO",13,P1-M3-012,FRONTEND 1 — Interfaces (mes 1 al 6),R3,P1-M1-017,Alta,Alto,Frontend,Desarrollo,S5-S7,Agosto,99.1,Agile — Desarrollo por Sprint
Pegado de imagenes desde navegador web y WhatsApp Web al informe avanzado,"Soporte paste/drop desde clipboard del SO, captura desde pagina web e integracion paste desde WhatsApp Web al canvas TipTap con compresion, preview y metadatos de origen.",MES4_SEPTIEMBRE_Integracion_QA,Backlog,High,2026-08-24,2026-09-30,"EDITOR_INFORMES,EXPERIENCIA_USUARIO,INTEGRACION",13,P1-ALC-C1,FRONTEND 1 — Interfaces (mes 1 al 6),R3,P1-M3-012,Alta,Medio,Frontend,Desarrollo,S7-S9,Septiembre,98.3,Agile — Desarrollo por Sprint
"Pipeline backend: upload, sanitizacion y almacenamiento de imagenes externas","API multipart optimizada, strip EXIF, validacion MIME, almacenamiento seguro y vinculacion al documento JSONB del informe.",MES4_SEPTIEMBRE_Integracion_QA,Backlog,High,2026-08-24,2026-09-30,"DATOS,INTEGRACION,EDITOR_INFORMES",23,P1-ALC-C2,"BACKEND 1 — DBA / Arq. Datos y Core, BACKEND 3 — Integraciones",R3,P1-ALC-C1,Media,Medio,Backend,Desarrollo,S7-S9,Septiembre,99.3,Agile — Desarrollo por Sprint
"FE1: Toolbar de formateo completo del editor (bold, italic, underline, fuentes, tamaños)","Barra de herramientas del editor con controles: Bold, Italic, Underline, Strikethrough, selección de Font Family (Arial, Times New Roman, Calibri, etc.), selección de Font Size (8pt a 72pt), alineación (izq/centro/der/justificado). Incluye tooltips y atajos de teclado visibles.",MES3_AGOSTO_UX_Sensores,Backlog,Urgent,2026-07-27,2026-08-31,"EXPERIENCIA_USUARIO,EDITOR_INFORMES,CRITICO",13,P1-M3-013,FRONTEND 1 — Interfaces (mes 1 al 6),R3,P1-M3-012,Alta,Medio,Frontend,Desarrollo,S5-S7,Agosto,99.1,Agile — Desarrollo por Sprint
FE1: Reglas horizontales para ubicar texto en el documento/lienzo,"Implementación de reglas horizontales (horizontal rulers) tipo Word/InDesign sobre el canvas del editor. Las reglas muestran márgenes, tabulaciones, indentaciones y permiten al usuario arrastrar los marcadores para posicionar el texto. Incluye regla horizontal superior con escala en cm/pulgadas, guías de margen izquierdo/derecho, marcadores de indentación (primera línea y sangría francesa) arrastrables, y snap-to-grid configurable.",MES3_AGOSTO_UX_Sensores,Backlog,High,2026-07-27,2026-08-31,"EXPERIENCIA_USUARIO,EDITOR_INFORMES,CRITICO",13,P1-M3-014,FRONTEND 1 — Interfaces (mes 1 al 6),R3,P1-M3-012,Alta,Alto,Frontend,Desarrollo,S5-S7,Agosto,99.1,Agile — Desarrollo por Sprint
"FE1: Agrupación de textos para selección y cambio de Font (tamaño, fuente, estilo, bold, subrayado)","Funcionalidad de selección múltiple de bloques de texto en el documento para aplicar cambios de formato en lote: cambiar font-family de todo el bloque seleccionado, cambiar font-size, aplicar bold/italic/underline, cambiar estilo (normal, heading, quote). Incluye selección con Shift+Click para rangos, Ctrl+Click para selección discontinua, y Select All (Ctrl+A). El formato se propaga correctamente a través de los nodos ProseMirror.",MES3_AGOSTO_UX_Sensores,Backlog,High,2026-07-27,2026-08-31,"EXPERIENCIA_USUARIO,EDITOR_INFORMES,CRITICO",13,P1-M3-015,FRONTEND 1 — Interfaces (mes 1 al 6),R3,P1-M3-013,Alta,Alto,Frontend,Desarrollo,S5-S7,Agosto,99.1,Agile — Desarrollo por Sprint
FE1: Cambio del color de fondo del texto (highlight/background color),"Componente de selección de color de fondo (highlight) para texto seleccionado en el editor. Incluye paleta de colores predefinidos (amarillo, verde, azul, rosa, naranja, rojo, gris), color picker custom con hex/RGB, preview en tiempo real sobre el texto seleccionado, y botón de quitar highlight. El color se almacena como atributo en el nodo TipTap y persiste en JSONB backend.",MES3_AGOSTO_UX_Sensores,Backlog,High,2026-07-27,2026-08-31,"EXPERIENCIA_USUARIO,EDITOR_INFORMES",17,P1-M3-016,"BACKEND 1 — DBA / Arq. Datos y Core, FRONTEND 1 — Interfaces (mes 1 al 6)",R3,P1-M3-013,Alta,Medio,Frontend,Desarrollo,S5-S7,Agosto,100.0,Agile — Desarrollo por Sprint
FE1: Color de texto (foreground) con paleta y selector personalizado,Selector de color de texto (foreground) con paleta corporativa minera y color picker avanzado. Integración con TipTap TextStyle extension para aplicar color a nivel de marca inline.,MES3_AGOSTO_UX_Sensores,Backlog,High,2026-07-27,2026-08-31,"EXPERIENCIA_USUARIO,EDITOR_INFORMES",11,P1-M3-017,FRONTEND 1 — Interfaces (mes 1 al 6),R3,P1-M3-013,Media,Bajo,Frontend,Desarrollo,S5-S7,Agosto,99.1,Agile — Desarrollo por Sprint
"FE1+FE2: Tablas en editor — inserción, edición, merge/split de celdas","Extension TipTap Table para insertar tablas en informes mineros: agregar/eliminar filas y columnas, merge de celdas horizontal/vertical, resize de columnas con drag, estilos de borde y color de celda, header row fijo. FE2 desarrolla los estilos CSS y la UX responsive de tablas.",MES3_AGOSTO_UX_Sensores,Backlog,High,2026-07-27,2026-08-31,"EXPERIENCIA_USUARIO,EDITOR_INFORMES",24,P1-M3-018,"FRONTEND 1 — Interfaces (mes 1 al 6), FRONTEND 2 — UX y Soporte (desde mes 2)",R3,P1-M3-012,Alta,Alto,Frontend,Desarrollo,S5-S7,Agosto,99.1,Agile — Desarrollo por Sprint
"FE1+FE2: Imágenes en editor — upload, drag-and-drop, resize y alineación","Componente de imagen para el editor: upload desde disco, drag-and-drop, pegado desde clipboard, resize con handles, alineación (inline, left, center, right, full-width), caption/pie de foto editable. Integración con API de upload backend. FE2 implementa la UX de resize con handles y galería de imágenes.",MES3_AGOSTO_UX_Sensores,Backlog,High,2026-07-27,2026-08-31,"EXPERIENCIA_USUARIO,EDITOR_INFORMES",19,P1-M3-019,"FRONTEND 1 — Interfaces (mes 1 al 6), FRONTEND 2 — UX y Soporte (desde mes 2)",R3,P1-M3-012,Alta,Medio,Frontend,Desarrollo,S5-S7,Agosto,99.1,Agile — Desarrollo por Sprint
"FE2: Listas en editor (ordenadas, desordenadas, checklist) e indentación","Extensions TipTap para listas: BulletList, OrderedList, TaskList con checkboxes. Indentación multinivel con Tab/Shift+Tab. Line spacing configurable (1.0, 1.15, 1.5, 2.0).",MES3_AGOSTO_UX_Sensores,Backlog,Normal,2026-07-27,2026-08-31,"EXPERIENCIA_USUARIO,EDITOR_INFORMES",14,P1-M3-020,FRONTEND 2 — UX y Soporte (desde mes 2),R3,P1-M3-012,Media,Bajo,Frontend,Desarrollo,S5-S7,Agosto,90.0,Agile — Desarrollo por Sprint
"FE2: Saltos de página, numeración de páginas y márgenes configurables","Implementación de page breaks visibles en el editor (líneas de corte de página), numeración automática de páginas, y panel de configuración de márgenes (superior, inferior, izquierdo, derecho) para previsualización fiel al formato de impresión.",MES3_AGOSTO_UX_Sensores,Backlog,Normal,2026-07-27,2026-08-31,"EXPERIENCIA_USUARIO,EDITOR_INFORMES,EXPORTACION",14,P1-M3-021,FRONTEND 2 — UX y Soporte (desde mes 2),R3,P1-M3-014,Media,Medio,Frontend,Desarrollo,S5-S7,Agosto,90.0,Agile — Desarrollo por Sprint
BE1: API de upload y almacenamiento de imágenes/adjuntos (storage service),"Servicio para subir archivos (imagenes, adjuntos) al servidor con validacion de tipo y tamano, generacion de miniaturas, almacenamiento en disco local del datacenter, y retorno de enlace para insertar en el editor. Limite 20MB por archivo.",MES3_AGOSTO_UX_Sensores,Backlog,High,2026-07-27,2026-08-31,"DATOS,EDITOR_INFORMES",19,P1-M3-022,"BACKEND 1 — DBA / Arq. Datos y Core, BACKEND 3 — Integraciones",R2,P1-M2-005,Media,Medio,Backend,Desarrollo,S5-S7,Agosto,100.0,Agile — Desarrollo por Sprint
BE1+BE3: Motor de búsqueda full-text con indexación (pg_trgm + tsvector),"Implementación de búsqueda full-text sobre contenido de informes usando PostgreSQL tsvector + pg_trgm para fuzzy matching. Índices GIN sobre campos JSONB de contenido. Búsqueda por título, contenido, autor, tags, zona minera. BE3 implementa la API REST de búsqueda, BE1 diseña los índices y queries optimizados.",MES3_AGOSTO_UX_Sensores,Backlog,High,2026-07-27,2026-08-31,"DATOS,EDITOR_INFORMES",14,P1-M3-023,BACKEND 1 — DBA / Arq. Datos y Core,R2,P1-M2-008,Alta,Medio,Backend,Desarrollo,S5-S7,Agosto,100.0,Agile — Desarrollo por Sprint
BE1+BE3: Motor de templates CRUD y renderizado (plantillas de informes),"API REST para CRUD de plantillas de informes: crear template desde documento existente, listar templates por categoría (diario, semanal, incidente, gerencial), aplicar template a nuevo documento, preview de template. Almacenamiento JSONB de estructura de template. BE3 desarrolla el CRUD REST, BE1 implementa la lógica de clonación de estructura JSONB.",MES3_AGOSTO_UX_Sensores,Backlog,High,2026-07-27,2026-08-31,"DATOS,EDITOR_INFORMES",14,P1-M3-024,BACKEND 1 — DBA / Arq. Datos y Core,R2,P1-M2-008,Alta,Medio,Backend,Desarrollo,S5-S7,Agosto,100.0,Agile — Desarrollo por Sprint
BE1: Motor de generación PDF server-side (renderizado de informes),"Servicio C++ de generación de PDF desde estructura JSONB del informe. Renderiza formateo completo: fuentes, colores, tablas, imágenes, reglas horizontales, numeración de páginas, portada. Usa librería como libharu o wkhtmltopdf. Target: <5 segundos por informe de 50 páginas.",MES3_AGOSTO_UX_Sensores,Backlog,Urgent,2026-07-27,2026-08-31,"DATOS,EXPORTACION,EDITOR_INFORMES,CRITICO",24,P1-M3-025,BACKEND 1 — DBA / Arq. Datos y Core,R2,P1-M2-014,Alta,Alto,Backend,Desarrollo,S5-S7,Agosto,100.0,Agile — Desarrollo por Sprint
Corrector ortografico y gramatical inteligente para informes mineros (espanol tecnico),"Servicio de correccion automatica de ortografia y gramatica especializado en espanol tecnico minero: corrige errores de escritura, sugiere la palabra correcta, conoce terminos como 'voladura', 'chancadora', 'mineral de cabeza', 'ley de corte'. Funciona en tiempo real mientras el usuario escribe. Tambien corrige automaticamente el texto dictado por voz.",MES3_AGOSTO_UX_Sensores,Backlog,High,2026-07-27,2026-08-31,"INTELIGENCIA_ARTIFICIAL,EDITOR_INFORMES,DATOS",30,P1-M3-026,"IA-ML — Modelos e Inteligencia Artificial (desde mes 2), BACKEND 2 — Ciberseguridad Backend (JWT/RBAC/OWASP)",R2,P1-M2-006,Alta,Alto,Backend,Desarrollo,S5-S7,Agosto,90.9,Agile — Desarrollo por Sprint
IA: Mejora automatica del contexto y redaccion de textos del informe,"La IA sugiere mejoras de redaccion mientras el usuario escribe: detecta frases confusas o ambiguas y propone alternativas mas claras, sugiere sinonimos tecnicos mas precisos, mejora la estructura de parrafos, verifica que las conclusiones sean coherentes con los datos presentados. El usuario acepta o rechaza cada sugerencia.",MES5_OCTUBRE_Optimizacion,Backlog,High,2026-10-29,2026-11-16,"INTELIGENCIA_ARTIFICIAL,EDITOR_INFORMES",33,IA-M18,"IA-ML — Modelos e Inteligencia Artificial (desde mes 2), FRONTEND 1 — Interfaces (mes 1 al 6)",R5,P1-M3-026,Alta,Medio,IA,Desarrollo,S11-S13,Octubre,99.1,Agile — Desarrollo por Sprint
BE3: Servicio de notificaciones por email (SMTP con templates HTML),"Servicio de envio de correos electronicos automaticos: aprobacion de informes, alertas de sensores, cambios de estado, recordatorios. Plantillas HTML adaptables. Cola de envio con reintentos automaticos. Conexion SMTP del datacenter.",MES3_AGOSTO_UX_Sensores,Backlog,High,2026-07-27,2026-08-31,"NOTIFICACIONES,DATOS",24,P1-M3-027,BACKEND 3 — Integraciones,R2,P1-M2-005,Media,Medio,Backend,Desarrollo,S5-S7,Agosto,98.9,Agile — Desarrollo por Sprint
Servicio SMS y WhatsApp para alertas críticas de sensores,"Integración con gateway SMS (Twilio/local) y WhatsApp Business API para enviar alertas críticas: sensor fuera de rango, equipo en falla, incidente de seguridad. Solo para alertas severity=CRITICAL.",MES4_SEPTIEMBRE_Integracion_QA,Backlog,High,2026-08-24,2026-09-30,"NOTIFICACIONES,SENSORES,INTEGRACION",32,BE3-I07,BACKEND 3 — Integraciones,R4,P1-M3-027,Alta,Alto,Backend,Desarrollo,S7-S9,Septiembre,91.6,Agile — Desarrollo por Sprint
BE3: Servicio de push notifications (WebPush y FCM para mobile),"Sistema de notificaciones push para navegador (Web Push API) y mobile (Firebase Cloud Messaging). Notifica: documentos pendientes de revisión, alertas de sensores críticos, cambios en informes compartidos.",MES3_AGOSTO_UX_Sensores,Backlog,Normal,2026-07-27,2026-08-31,"NOTIFICACIONES,DATOS",24,P1-M3-028,BACKEND 3 — Integraciones,R2,P1-M3-027,Media,Medio,Backend,Desarrollo,S5-S7,Agosto,98.9,Agile — Desarrollo por Sprint
Exportación: generar informes en Microsoft Word (DOCX),"Motor de generación DOCX con estilos corporativos, tablas, gráficos y firma digital embebida.",MES4_SEPTIEMBRE_Integracion_QA,Backlog,Urgent,2026-08-24,2026-09-30,"EXPORTACION,DATOS,CRITICO",24,P1-M4-001,"BACKEND 1 — DBA / Arq. Datos y Core, FRONTEND 1 — Interfaces (mes 1 al 6)",R4,P1-M2-008,Alta,Alto,Backend,Desarrollo,S7-S9,Septiembre,99.3,Agile — Desarrollo por Sprint
Exportación: generar presentaciones PowerPoint (PPTX),"Generación automática de presentaciones ejecutivas a partir de datos de informes mineros. BE3 implementa el pipeline de conversión, BE1 define la estructura de slides desde JSONB.",MES4_SEPTIEMBRE_Integracion_QA,Backlog,High,2026-08-24,2026-09-30,"EXPORTACION,DATOS",18,P1-M4-002,BACKEND 1 — DBA / Arq. Datos y Core,R4,P1-M4-001,Alta,Medio,Backend,Desarrollo,S7-S9,Septiembre,99.3,Agile — Desarrollo por Sprint
Exportación: renderizado y generación de informes en vídeo MP4,Servicio de renderizado de informes animados en formato MP4 para presentaciones ejecutivas. IA implementa la narración automática con TTS y la selección inteligente de visualizaciones.,MES4_SEPTIEMBRE_Integracion_QA,Backlog,Normal,2026-08-24,2026-09-30,"EXPORTACION,INTELIGENCIA_ARTIFICIAL",37,P1-M4-003,"BACKEND 3 — Integraciones, IA-ML — Modelos e Inteligencia Artificial (desde mes 2), FRONTEND 1 — Interfaces (mes 1 al 6)",R4,P1-M4-002,Alta,Alto,Backend,Desarrollo,S7-S9,Septiembre,91.6,Agile — Desarrollo por Sprint
Instalar cola de mensajes Redpanda/Kafka en datacenter,"OBJETIVO: Canal de alta velocidad para telemetria y eventos entre servicios.

PARA LA MINA: Miles de lecturas de sensores por segundo sin perder datos.

ENTREGABLE: Redpanda/Kafka en Docker, topics configurados, monitoreo basico.

VPS REQUERIDO: Staging o produccion (sep 2026).

DEPENDE DE: DEV-004, integracion backend sensores.

EXITO: Backend publica y consume eventos sin cuello de botella.",MES4_SEPTIEMBRE_Integracion_QA,Backlog,High,2026-08-24,2026-09-30,"DATOS,INFRAESTRUCTURA",23,P1-M4-004,"BACKEND 3 — Integraciones, SYS-Infraestructura",R4,P1-M3-009,Media,Medio,Backend,Desarrollo,S7-S9,Septiembre,91.6,Agile — Desarrollo por Sprint
Testing cero fugas de memoria (Valgrind y unit testing nativo),Análisis exhaustivo con Valgrind/ASan/TSan para detectar memory leaks y race conditions.,MES4_SEPTIEMBRE_Integracion_QA,Backlog,Urgent,2026-08-24,2026-09-30,"PRUEBAS_CALIDAD,DATOS,CRITICO",30,P1-M4-005,"QA-Calidad (desde mes 2), BACKEND 1 — DBA / Arq. Datos y Core",R4,P1-M2-003,Alta,Alto,QA,Desarrollo,S7-S9,Septiembre,92.1,Agile — Desarrollo por Sprint
Wireframes: editor de reportes técnicos avanzados (iteración 2),"Segunda iteración del editor con feedback de usuarios: mejoras en toolbar, templates, atajos.",MES4_SEPTIEMBRE_Integracion_QA,Backlog,High,2026-08-24,2026-09-30,"EXPERIENCIA_USUARIO,EXPORTACION,EDITOR_INFORMES",13,P1-M4-006,FRONTEND 1 — Interfaces (mes 1 al 6),R3,P1-M3-007,Media,Bajo,Frontend,Desarrollo,S7-S9,Septiembre,98.3,Agile — Desarrollo por Sprint
Integración frontend-backend: flujo completo de informes,"Conexion completa: crear, editar, auto-guardar, revisar, aprobar, exportar y firmar.",MES4_SEPTIEMBRE_Integracion_QA,Backlog,Urgent,2026-08-24,2026-09-30,"DATOS,CRITICO,EDITOR_INFORMES",35,P1-M4-007,"FRONTEND 1 — Interfaces (mes 1 al 6), BACKEND 1 — DBA / Arq. Datos y Core, BACKEND 2 — Ciberseguridad Backend (JWT/RBAC/OWASP)",R4,P1-M3-001,Alta,Alto,Frontend,Desarrollo,S7-S9,Septiembre,98.3,Agile — Desarrollo por Sprint
Pruebas funcionales del módulo de reportabilidad,"Test suite completo del flujo de informes: creación, edición, versionado, exportación.",MES4_SEPTIEMBRE_Integracion_QA,Backlog,High,2026-08-24,2026-09-30,"PRUEBAS_CALIDAD,DATOS,EDITOR_INFORMES",28,P1-M4-008,QA-Calidad (desde mes 2),R4,P1-M4-007,Media,Medio,QA,Desarrollo,S7-S9,Septiembre,92.1,Agile — Desarrollo por Sprint
Pruebas de integración de sensores y dashboard,"Validacion del flujo completo de telemetria: sensor envia dato, Kafka lo distribuye, backend lo procesa, WebSocket lo envia a la pantalla del usuario.",MES4_SEPTIEMBRE_Integracion_QA,Backlog,High,2026-08-24,2026-09-30,"PRUEBAS_CALIDAD,SENSORES",31,P1-M4-009,"QA-Calidad (desde mes 2), BACKEND 3 — Integraciones",R4,P1-M3-004,Alta,Alto,QA,Desarrollo,S7-S9,Septiembre,92.1,Agile — Desarrollo por Sprint
"Pruebas de exportación (DOCX, PPTX, PDF)","Validación de calidad de documentos exportados: formato, imágenes, tablas, firmas.",MES4_SEPTIEMBRE_Integracion_QA,Backlog,Normal,2026-08-24,2026-09-30,"PRUEBAS_CALIDAD,EXPORTACION",22,P1-M4-010,QA-Calidad (desde mes 2),R4,P1-M4-001,Media,Medio,QA,Desarrollo,S7-S9,Septiembre,92.1,Agile — Desarrollo por Sprint
Milestone: Funcionalidad Core Completa (Demo Gerencial),"Demostración del sistema funcional completo al Directorio: informes, sensores, GIS, exportación.",MES4_SEPTIEMBRE_Integracion_QA,Backlog,Urgent,2026-08-24,2026-09-30,"CRITICO,ARQUITECTURA",8,P1-M4-011,ARQ-Arquitecto TI / PMO,R4,P1-M4-007,Baja,Alto,Arquitectura,Desarrollo,S7-S9,Septiembre,91.6,Agile — Desarrollo por Sprint
FE2: soporte UAT y ajustes UX post-feedback operadores mina,Acompanamiento en pruebas de aceptacion: correccion de fricciones UX reportadas por supervisores y operadores.,MES5_OCTUBRE_Optimizacion,Backlog,High,2026-09-21,2026-11-16,"EXPERIENCIA_USUARIO,SOPORTE,PRUEBAS_CALIDAD",32,P1-LOAD-FE2-03,"FRONTEND 2 — UX y Soporte (desde mes 2), QA-Calidad (desde mes 2)",R5,P1-M4-011,Media,Medio,Frontend,Desarrollo,S9-S13,Octubre,90.0,Agile — Desarrollo por Sprint
FE1: Print preview con paginación fiel al formato final,"Vista de previsualización de impresión que muestra el informe tal como saldrá impreso: paginación real, headers/footers, numeración de páginas, márgenes, saltos de página. Botón de impresión directa vía window.print() con CSS @media print optimizado.",MES4_SEPTIEMBRE_Integracion_QA,Backlog,High,2026-08-24,2026-09-30,"EXPERIENCIA_USUARIO,EDITOR_INFORMES,EXPORTACION",13,P1-M4-012,FRONTEND 1 — Interfaces (mes 1 al 6),R4,P1-M3-021,Alta,Medio,Frontend,Desarrollo,S7-S9,Septiembre,98.3,Agile — Desarrollo por Sprint
Deshacer/Rehacer cambios y atajos de teclado rapidos en el editor de informes,"El editor permite deshacer hasta 100 cambios consecutivos (Ctrl+Z) y rehacerlos (Ctrl+Y). Atajos de teclado para las acciones mas frecuentes: Ctrl+B (negritas), Ctrl+I (cursiva), Ctrl+U (subrayado), Ctrl+S (guardar), Tab (indentar). Panel de ayuda que muestra todos los atajos disponibles (Ctrl+/).",MES4_SEPTIEMBRE_Integracion_QA,Backlog,High,2026-08-24,2026-09-30,"EXPERIENCIA_USUARIO,EDITOR_INFORMES",11,P1-M4-013,FRONTEND 1 — Interfaces (mes 1 al 6),R3,P1-M3-012,Media,Bajo,Frontend,Desarrollo,S7-S9,Septiembre,98.3,Agile — Desarrollo por Sprint
FE1+FE2: Panel de comentarios y anotaciones en informes,"Panel lateral de comentarios: seleccionar texto, agregar comentario, responder en hilo, resolver. Notificaciones de nuevos comentarios. Resaltado del texto comentado en el editor. Integracion con API de comentarios backend. FE2 disena la experiencia del panel y las animaciones.",MES4_SEPTIEMBRE_Integracion_QA,Backlog,High,2026-08-24,2026-09-30,"EXPERIENCIA_USUARIO,EDITOR_INFORMES",19,P1-M4-014,"FRONTEND 1 — Interfaces (mes 1 al 6), FRONTEND 2 — UX y Soporte (desde mes 2)",R4,P1-M3-001,Alta,Medio,Frontend,Desarrollo,S7-S9,Septiembre,98.3,Agile — Desarrollo por Sprint
FE1+FE2: Comparador de versiones de informes (diff visual),"Vista side-by-side o inline de diferencias entre dos versiones de un informe: texto agregado (verde), eliminado (rojo), modificado (amarillo). Selector de versiones con timeline. Integración con motor de versionado backend. FE2 diseña la UX del timeline y los colores del diff.",MES4_SEPTIEMBRE_Integracion_QA,Backlog,High,2026-08-24,2026-09-30,"EXPERIENCIA_USUARIO,EDITOR_INFORMES",19,P1-M4-015,"FRONTEND 1 — Interfaces (mes 1 al 6), FRONTEND 2 — UX y Soporte (desde mes 2)",R4,P1-M2-016,Alta,Medio,Frontend,Desarrollo,S7-S9,Septiembre,98.3,Agile — Desarrollo por Sprint
FE1: Galería de templates de informes (selección y preview),"Pantalla de selección de plantillas con preview visual: templates por categoría (diario, semanal, incidente, gerencial, turno). Crear informe desde template con un click. Preview en miniatura del layout.",MES4_SEPTIEMBRE_Integracion_QA,Backlog,Normal,2026-08-24,2026-09-30,"EXPERIENCIA_USUARIO,EDITOR_INFORMES",11,P1-M4-016,FRONTEND 1 — Interfaces (mes 1 al 6),R3,P1-M3-024,Media,Bajo,Frontend,Desarrollo,S7-S9,Septiembre,98.3,Agile — Desarrollo por Sprint
"FE2: Editor de portada, headers y footers del informe","Componente de diseño de portada de informe (logo empresa, título, fecha, autor, clasificación) y editor de headers/footers (texto, numeración, logo) que se replican en todas las páginas del documento.",MES4_SEPTIEMBRE_Integracion_QA,Backlog,Normal,2026-08-24,2026-09-30,"EXPERIENCIA_USUARIO,EDITOR_INFORMES,EXPORTACION",17,P1-M4-017,FRONTEND 2 — UX y Soporte (desde mes 2),R3,P1-M3-021,Media,Medio,Frontend,Desarrollo,S7-S9,Septiembre,90.6,Agile — Desarrollo por Sprint
FE2: Modo offline con indicador de sincronización y queue local,Implementación de modo offline usando Service Worker + IndexedDB: el usuario puede crear y editar informes sin conexión. Indicador visual de estado (online/offline/syncing). Cola local de cambios que se sincroniza automáticamente al recuperar conexión. Resolución visual de conflictos.,MES4_SEPTIEMBRE_Integracion_QA,Backlog,High,2026-08-24,2026-09-30,"EXPERIENCIA_USUARIO,SIN_CONEXION,CRITICO",27,P1-M4-018,FRONTEND 2 — UX y Soporte (desde mes 2),R4,P1-M3-001,Alta,Alto,Frontend,Desarrollo,S7-S9,Septiembre,90.6,Agile — Desarrollo por Sprint
BE1: API CRUD de comentarios y anotaciones sobre informes,"Endpoints REST para crear/leer/actualizar/eliminar comentarios anclados a posiciones del documento. Thread de respuestas, resolución de comentarios, notificación a participantes. Modelo JSONB con referencia a rango de texto.",MES4_SEPTIEMBRE_Integracion_QA,Backlog,High,2026-08-24,2026-09-30,"DATOS,EDITOR_INFORMES",11,P1-M4-020,BACKEND 1 — DBA / Arq. Datos y Core,R4,P1-M2-008,Media,Medio,Backend,Desarrollo,S7-S9,Septiembre,99.3,Agile — Desarrollo por Sprint
BE1: API de clonación y duplicación de documentos,"Endpoint para duplicar un informe existente (deep clone): copia estructura JSONB, imágenes asociadas, metadatos. Usado para crear nuevo informe desde template o copiar informe anterior como base.",MES4_SEPTIEMBRE_Integracion_QA,Backlog,Normal,2026-08-24,2026-09-30,"DATOS,EDITOR_INFORMES",7,P1-M4-021,BACKEND 1 — DBA / Arq. Datos y Core,R4,P1-M2-008,Baja,Bajo,Backend,Desarrollo,S7-S9,Septiembre,99.3,Agile — Desarrollo por Sprint
BE1: Numeración secuencial de reportes por tenant y tipo,"Generación de números de informe secuenciales con formato configurable por tenant: INF-2026-001, RPT-MINA-A-0042. Sequence PostgreSQL por tenant + tipo de informe. Thread-safe para concurrencia.",MES4_SEPTIEMBRE_Integracion_QA,Backlog,Normal,2026-08-24,2026-09-30,"DATOS,EDITOR_INFORMES",7,P1-M4-022,BACKEND 1 — DBA / Arq. Datos y Core,R4,P1-M2-007,Baja,Bajo,Backend,Desarrollo,S7-S9,Septiembre,99.3,Agile — Desarrollo por Sprint
Integrar cache Redis: guardar documentos frecuentes y sesiones de usuario en memoria rapida,"Configurar el sistema para que los documentos mas consultados, las sesiones de los usuarios y los resultados de busqueda se guarden temporalmente en memoria rapida (Redis). Esto reduce la carga a la base de datos en un 60% y hace que el sistema responda mas rapido. BE2 se encarga de cifrar los datos sensibles almacenados en cache.",MES4_SEPTIEMBRE_Integracion_QA,Backlog,High,2026-08-24,2026-09-30,"DATOS,SEGURIDAD",16,P1-M4-023,"BACKEND 1 — DBA / Arq. Datos y Core, BACKEND 2 — Ciberseguridad Backend (JWT/RBAC/OWASP)",R4,P1-M2-007,Alta,Medio,Backend,Desarrollo,S7-S9,Septiembre,99.3,Agile — Desarrollo por Sprint
Proteccion contra uso excesivo del sistema: limitar peticiones por usuario,"Control que evita que un usuario o un atacante sobrecargue el sistema con demasiadas peticiones: maximo 100 consultas por minuto para lectura, 30 por minuto para escritura. Si se excede el limite, el sistema le pide esperar. Se registra todo intento de abuso.",MES4_SEPTIEMBRE_Integracion_QA,Backlog,High,2026-08-24,2026-09-30,"DATOS,SEGURIDAD",16,P1-M4-024,BACKEND 2 — Ciberseguridad Backend (JWT/RBAC/OWASP),R4,P1-M2-005,Media,Medio,Backend,Desarrollo,S7-S9,Septiembre,90.0,Agile — Desarrollo por Sprint
BE2: Servicio de verificación de firma digital (PKI),"Microservicio de firma digital de informes: generación de firma con clave privada del usuario, verificación de integridad del documento firmado, timestamp de firma (TSA), cadena de confianza. Compatible con estándares X.509.",MES4_SEPTIEMBRE_Integracion_QA,Backlog,High,2026-09-28,2026-09-30,"SEGURIDAD,EDITOR_INFORMES,DATOS",23,P1-M4-025,BACKEND 2 — Ciberseguridad Backend (JWT/RBAC/OWASP),R4,P1-M2-006,Alta,Alto,Backend,Desarrollo,S9,Septiembre,96.1,Agile — Desarrollo por Sprint
BE2: AI — Generación de resumen ejecutivo automático de informes,"Servicio Python que usa LLM (LLaMa-3 local) para generar resúmenes ejecutivos de informes técnicos mineros. Input: informe JSONB completo. Output: resumen de 1 párrafo + bullet points clave. Procesamiento local, sin envío a nube.",MES4_SEPTIEMBRE_Integracion_QA,Backlog,Normal,2026-09-01,2026-09-30,"INTELIGENCIA_ARTIFICIAL,EDITOR_INFORMES",27,P1-M4-026,"BACKEND 1 — DBA / Arq. Datos y Core, BACKEND 2 — Ciberseguridad Backend (JWT/RBAC/OWASP), IA-ML — Modelos e Inteligencia Artificial (desde mes 2)",R4,,Alta,Alto,Backend,Desarrollo,S7-S9,Septiembre,90.0,Agile — Desarrollo por Sprint
Sistema de notificacion automatica a otros sistemas cuando ocurren eventos importantes,"Cuando ocurre un evento importante en la plataforma (informe aprobado, alerta de sensor critico, cambio de estado), el sistema avisa automaticamente a otros sistemas registrados. Si el aviso no llega, reintenta automaticamente. Se registra cada notificacion enviada.",MES4_SEPTIEMBRE_Integracion_QA,Backlog,Normal,2026-08-24,2026-09-30,"DATOS,NOTIFICACIONES",24,P1-M4-027,BACKEND 3 — Integraciones,R4,P1-M2-005,Media,Medio,Backend,Desarrollo,S7-S9,Septiembre,91.6,Agile — Desarrollo por Sprint
BE3: Motor de resolución de conflictos para sincronización offline,"Engine de conflict resolution para el modo offline: cuando el usuario reconecta, el backend compara los deltas locales con el estado del servidor. Estrategias: last-write-wins para campos simples, merge automático para texto (CRDT-like), UI de resolución manual para conflictos irreconciliables.",MES4_SEPTIEMBRE_Integracion_QA,Backlog,High,2026-08-24,2026-09-30,"DATOS,SIN_CONEXION,CRITICO",32,P1-M4-028,"BACKEND 3 — Integraciones, FRONTEND 2 — UX y Soporte (desde mes 2)",R4,P1-M2-012,Alta,Alto,Backend,Desarrollo,S7-S9,Septiembre,91.6,Agile — Desarrollo por Sprint
BE3: Pipeline de conversión de formatos (PDF rendering orchestrator),"Servicio orquestador que coordina la generación de múltiples formatos de exportación desde un informe: PDF, DOCX, PPTX. Queue de renderizado con prioridad, monitoreo de progreso, notificación al completar. Maneja concurrencia de exportaciones simultáneas.",MES4_SEPTIEMBRE_Integracion_QA,Backlog,High,2026-08-24,2026-09-30,"EXPORTACION,DATOS",24,P1-M4-029,BACKEND 3 — Integraciones,R4,P1-M3-025,Alta,Medio,Backend,Desarrollo,S7-S9,Septiembre,91.6,Agile — Desarrollo por Sprint
BE2: Auditoría de seguridad de endpoints REST (OWASP pre-check),"Revisión de seguridad pre-producción de todas las APIs: validación de input (SQL injection, XSS), headers de seguridad (CORS, CSP, HSTS), autenticación en cada endpoint, manejo seguro de errores (sin stack traces). Genera reporte de hallazgos.",MES4_SEPTIEMBRE_Integracion_QA,Backlog,High,2026-08-24,2026-09-30,"SEGURIDAD,PRUEBAS_CALIDAD,DATOS",31,P1-M4-030,BACKEND 2 — Ciberseguridad Backend (JWT/RBAC/OWASP),R4,P1-M2-019,Alta,Alto,Backend,Desarrollo,S7-S9,Septiembre,90.0,Agile — Desarrollo por Sprint
"BE2: Implementar audit log centralizado (quién hizo qué, cuándo)","Sistema de audit logging que registra toda operación sensible: login/logout, CRUD de informes, aprobaciones, firmas, exportaciones, cambios de permisos. Almacenamiento inmutable en tabla separada. Cumplimiento normativo minero.",MES4_SEPTIEMBRE_Integracion_QA,Backlog,High,2026-08-24,2026-09-30,"SEGURIDAD,DATOS",23,P1-M4-031,BACKEND 2 — Ciberseguridad Backend (JWT/RBAC/OWASP),R4,P1-M2-019,Alta,Alto,Backend,Desarrollo,S7-S9,Septiembre,90.0,Agile — Desarrollo por Sprint
IA: Motor de clasificación automática de informes por tipo y urgencia,"Modelo de clasificación que analiza el contenido de informes y los clasifica automáticamente por tipo (incidente, rutina, gerencial, ambiental) y nivel de urgencia (crítico, alto, normal, bajo). Usa embeddings de texto + clasificador entrenado con datos mineros.",MES4_SEPTIEMBRE_Integracion_QA,Backlog,Normal,2026-08-24,2026-09-30,"INTELIGENCIA_ARTIFICIAL,EDITOR_INFORMES",28,P1-M4-032,IA-ML — Modelos e Inteligencia Artificial (desde mes 2),R4,,Alta,Medio,IA,Desarrollo,S7-S9,Septiembre,90.0,Agile — Desarrollo por Sprint
IA: Extracción automática de entidades mineras de informes (NER),"Named Entity Recognition adaptado al dominio minero: extrae automáticamente nombres de zonas, equipos, minerales, concentraciones, fechas, personas mencionadas en los informes. Alimenta los tags y metadata automáticamente.",MES4_SEPTIEMBRE_Integracion_QA,Backlog,Normal,2026-08-24,2026-09-30,"INTELIGENCIA_ARTIFICIAL,EDITOR_INFORMES",28,P1-M4-033,IA-ML — Modelos e Inteligencia Artificial (desde mes 2),R4,P1-M3-026,Alta,Medio,IA,Desarrollo,S7-S9,Septiembre,90.0,Agile — Desarrollo por Sprint
IA: Detectar automaticamente si los trabajadores usan casco y chaleco en camaras de vigilancia,"Modelo de vision artificial que analiza las imagenes de las camaras de seguridad de la mina y detecta si los trabajadores estan usando correctamente su equipo de proteccion personal (casco, chaleco reflectante, lentes, guantes). Si detecta que alguien no lo usa, genera alerta automatica al supervisor. Entrenado con fotos reales de la mina.",MES4_SEPTIEMBRE_Integracion_QA,Backlog,High,2026-08-24,2026-09-30,"INTELIGENCIA_ARTIFICIAL,SEGURIDAD,SENSORES",44,P1-M4-034,"IA-ML — Modelos e Inteligencia Artificial (desde mes 2), BACKEND 2 — Ciberseguridad Backend (JWT/RBAC/OWASP), BACKEND 3 — Integraciones",R4,,Alta,Alto,IA,Desarrollo,S7-S9,Septiembre,90.0,Agile — Desarrollo por Sprint
IA: clasificacion automatica de imagenes pegadas en informe tecnico,"Auto-tag de imagenes importadas (equipo, zona, EPP, incidente) para enriquecer metadata y busqueda del informe.",MES5_OCTUBRE_Optimizacion,Backlog,Normal,2026-09-21,2026-11-16,"INTELIGENCIA_ARTIFICIAL,EDITOR_INFORMES",37,P2-ALC-IA1,"IA-ML — Modelos e Inteligencia Artificial (desde mes 2), BACKEND 3 — Integraciones, FRONTEND 1 — Interfaces (mes 1 al 6)",R5,P1-ALC-C2,Alta,Medio,IA,Desarrollo,S9-S13,Octubre,90.0,Agile — Desarrollo por Sprint
"Infra offline-sync: cache edge, monitoreo de colas y alertas de backlog","Nginx cache para assets offline, metricas Prometheus de colas sync y alertas si backlog supera 100 operaciones pendientes.",MES5_OCTUBRE_Optimizacion,Backlog,High,2026-09-21,2026-11-16,"INFRAESTRUCTURA,SIN_CONEXION",30,P2-ALC-SYS1,SYS-Infraestructura,R5,P1-ALC-A1,Media,Medio,Infraestructura,Desarrollo,S9-S13,Octubre,100.0,Agile — Desarrollo por Sprint
Disenar red del datacenter Lima y enlace con minas,"OBJETIVO: Definir como se conectan datacenter, minas y usuarios (fibra, 4G, satelite).

PARA LA MINA: Conectividad confiable desde oficina, campo y zonas remotas.

ENTREGABLE: Diagrama de red, VLANs, VPN WireGuard, plan multi-operador, DNS con failover.

VPS REQUERIDO: Produccion (oct 2026) — diseno previo puede usar staging.

EXITO: ARQ y SYS aprueban topologia antes de instalar servidores.",MES5_OCTUBRE_Optimizacion,Backlog,Urgent,2026-09-21,2026-11-16,"INFRAESTRUCTURA,ARQUITECTURA,CRITICO",38,P2-M5-001,"ARQ-Arquitecto TI / PMO, SYS-Infraestructura, BACKEND 3 — Integraciones",R5,P1-M4-011,Alta,Alto,Infraestructura,Desarrollo,S9-S13,Octubre,96.1,Agile — Desarrollo por Sprint
Configurar red privada y segmentos en datacenter Lima,"OBJETIVO: Crear redes separadas para app, bases de datos y administracion.

PARA LA MINA: Mayor seguridad; un problema no afecta todo el sistema.

ENTREGABLE: VLANs, firewall perimetral, tablas de ruteo, reglas de acceso.

VPS REQUERIDO: Produccion (oct 2026).

DEPENDE DE: P2-M5-001.

EXITO: Trafico de sensores y web aislado de administracion.",MES5_OCTUBRE_Optimizacion,Backlog,Urgent,2026-09-21,2026-11-16,"INFRAESTRUCTURA,SEGURIDAD",29,P2-M5-002,"SYS-Infraestructura, BACKEND 3 — Integraciones",R5,P2-M5-001,Alta,Alto,Infraestructura,Desarrollo,S9-S13,Octubre,100.0,Agile — Desarrollo por Sprint
Instalar servidores VPS Linux en datacenter Tier III Lima,"OBJETIVO: Poner en marcha los servidores fisicos donde correra la plataforma en produccion.

PARA LA MINA: Primer hardware productivo en Lima (<10 ms latencia local).

ENTREGABLE: 2 VPS Ubuntu 22.04, Docker, NVMe, Nginx, acceso admin seguro.

VPS REQUERIDO: SI — PRODUCCION. Contratar ~oct 2026 (semana 17).

DEPENDE DE: P2-M5-002.

EXITO: Servidores accesibles, hardening basico aplicado, listos para servicios.",MES5_OCTUBRE_Optimizacion,Backlog,Urgent,2026-09-21,2026-11-16,"INFRAESTRUCTURA,CRITICO",23,P2-M5-003,SYS-Infraestructura,R5,P2-M5-002,Alta,Alto,Infraestructura,Desarrollo,S9-S13,Octubre,100.0,Agile — Desarrollo por Sprint
"Crear estructura de usuarios, permisos y politicas de acceso al servidor","Definicion de usuarios del sistema operativo, grupos, permisos de acceso a servicios y principio de minimo privilegio en servidores VPS del datacenter.",MES5_OCTUBRE_Optimizacion,Backlog,High,2026-09-21,2026-11-16,"SEGURIDAD,INFRAESTRUCTURA",23,P2-M5-004,"SYS-Infraestructura, BACKEND 2 — Ciberseguridad Backend (JWT/RBAC/OWASP)",R5,P2-M5-003,Media,Alto,Infraestructura,Desarrollo,S9-S13,Octubre,100.0,Agile — Desarrollo por Sprint
Instalar y configurar orquestador de contenedores (Docker Swarm / K3s),Despliegue de Docker Swarm o K3s en servidores VPS del datacenter para administrar los servicios del sistema de forma automatizada.,MES5_OCTUBRE_Optimizacion,Backlog,Urgent,2026-09-21,2026-11-16,"INFRAESTRUCTURA,CRITICO",34,P2-M5-005,"SYS-Infraestructura, BACKEND 3 — Integraciones",R5,P2-M5-003,Alta,Alto,Infraestructura,Desarrollo,S9-S13,Octubre,100.0,Agile — Desarrollo por Sprint
"Blindaje de seguridad de servidores: firewall, bloqueo de accesos no autorizados","Aplicar todas las protecciones de seguridad a los servidores: activar firewall, bloquear puertos innecesarios, proteger acceso remoto, bloquear intentos de intrucion repetidos.",MES5_OCTUBRE_Optimizacion,Backlog,Urgent,2026-09-21,2026-11-16,"SEGURIDAD,INFRAESTRUCTURA,CRITICO",29,P2-M5-006,"SYS-Infraestructura, BACKEND 2 — Ciberseguridad Backend (JWT/RBAC/OWASP)",R5,P2-M5-003,Alta,Alto,Infraestructura,Desarrollo,S9-S13,Octubre,100.0,Agile — Desarrollo por Sprint
Instalar certificados SSL dinámicos (Let's Encrypt / Wildcard),Automatización de certificados SSL con auto-renovación para todos los servicios.,MES5_OCTUBRE_Optimizacion,Backlog,High,2026-09-21,2026-11-16,"SEGURIDAD,INFRAESTRUCTURA",14,P2-M5-007,SYS-Infraestructura,R5,P2-M5-003,Media,Medio,Infraestructura,Desarrollo,S9-S13,Octubre,100.0,Agile — Desarrollo por Sprint
"Automatizar proceso de compilacion, pruebas y despliegue del sistema","Crear proceso automatizado que al subir codigo nuevo: verifica calidad, compila, ejecuta pruebas, revisa seguridad y despliega en servidores de prueba y luego en produccion.",MES5_OCTUBRE_Optimizacion,Backlog,High,2026-09-21,2026-11-16,"INFRAESTRUCTURA,CRITICO",23,P2-M5-008,"SYS-Infraestructura, BACKEND 1 — DBA / Arq. Datos y Core",R5,P2-M5-005,Alta,Medio,Infraestructura,Desarrollo,S9-S13,Octubre,100.0,Agile — Desarrollo por Sprint
Configurar volumenes de disco dedicados para bases de datos y archivos,"Configuracion de discos NVMe dedicados en el VPS: particiones separadas para PostgreSQL, QuestDB, MinIO (archivos), logs y respaldos. Sistema de archivos XFS para alto rendimiento. Monitoreo de espacio disponible con alertas al 80% de uso.",MES5_OCTUBRE_Optimizacion,Backlog,High,2026-09-21,2026-11-16,INFRAESTRUCTURA,12,P2-M5-009,"BACKEND 1 — DBA / Arq. Datos y Core, SYS-Infraestructura",R5,P2-M5-003,Media,Medio,Infraestructura,Desarrollo,S9-S13,Octubre,90.0,Agile — Desarrollo por Sprint
Instalar base de datos PostgreSQL con replica y alta disponibilidad,Instalacion de PostgreSQL en VPS del datacenter con replica sincrona en segundo servidor y cambio automatico si el principal falla.,MES5_OCTUBRE_Optimizacion,Backlog,Urgent,2026-09-21,2026-11-16,"DATOS,INFRAESTRUCTURA,CRITICO",23,P2-M5-010,"BACKEND 1 — DBA / Arq. Datos y Core, SYS-Infraestructura",R5,P2-M5-003,Alta,Alto,Infraestructura,Desarrollo,S9-S13,Octubre,90.0,Agile — Desarrollo por Sprint
Configurar copias de seguridad continuas de la base de datos,Respaldos automaticos continuos de la base de datos que permiten recuperar informacion hasta 5 minutos antes de cualquier falla. Retencion de 30 dias de respaldos.,MES5_OCTUBRE_Optimizacion,Backlog,High,2026-09-21,2026-11-16,"DATOS,INFRAESTRUCTURA,SEGURIDAD",18,P2-M5-011,"BACKEND 1 — DBA / Arq. Datos y Core, SYS-Infraestructura",R5,P2-M5-010,Alta,Alto,Infraestructura,Desarrollo,S9-S13,Octubre,90.0,Agile — Desarrollo por Sprint
Documentar procedimiento de recuperacion de base de datos ante fallos,Manual paso a paso para restaurar la base de datos a cualquier momento en el tiempo. Incluye pruebas periodicas para verificar que los respaldos funcionan correctamente.,MES5_OCTUBRE_Optimizacion,Backlog,High,2026-09-21,2026-11-16,"DATOS,INFRAESTRUCTURA,DOCUMENTACION",13,P2-M5-012,"BACKEND 1 — DBA / Arq. Datos y Core, SYS-Infraestructura, Soporte PMO — Analista Funcional y Documentador",R5,P2-M5-011,Media,Alto,Infraestructura,Desarrollo,S9-S13,Octubre,90.0,Agile — Desarrollo por Sprint
Plan de recuperacion ante desastres (DRP): que hacer si todo falla,Plan completo para recuperar el sistema si ocurre un desastre: el sistema debe estar operativo en menos de 4 horas con perdida maxima de 5 minutos de datos. Incluye servidor secundario de respaldo.,MES5_OCTUBRE_Optimizacion,Backlog,Urgent,2026-09-21,2026-11-16,"INFRAESTRUCTURA,SEGURIDAD,CRITICO",29,P2-M5-013,"SYS-Infraestructura, ARQ-Arquitecto TI / PMO",R5,P2-M5-010,Alta,Alto,Infraestructura,Desarrollo,S9-S13,Octubre,100.0,Agile — Desarrollo por Sprint
Crear procesos automaticos de limpieza y mantenimiento de la base de datos,"Tareas programadas que se ejecutan automaticamente para mantener la base de datos saludable: liberar espacio, reconstruir indices, eliminar datos temporales antiguos.",MES5_OCTUBRE_Optimizacion,Backlog,Normal,2026-09-21,2026-11-16,"DATOS,INFRAESTRUCTURA",12,P2-M5-014,"BACKEND 1 — DBA / Arq. Datos y Core, SYS-Infraestructura",R5,P2-M5-010,Media,Bajo,Infraestructura,Desarrollo,S9-S13,Octubre,90.0,Agile — Desarrollo por Sprint
Instalar sistema de monitoreo de servidores y servicios (Prometheus + Grafana),"Herramientas de vigilancia del estado de servidores, base de datos, aplicaciones y sensores. Pantallas graficas con alertas automaticas cuando algo falla.",MES5_OCTUBRE_Optimizacion,Backlog,High,2026-09-21,2026-11-16,"INFRAESTRUCTURA,SENSORES",23,P2-M5-015,"BACKEND 1 — DBA / Arq. Datos y Core, SYS-Infraestructura",R5,P2-M5-005,Alta,Medio,Infraestructura,Desarrollo,S9-S13,Octubre,90.0,Agile — Desarrollo por Sprint
Simulacro de falla: verificar que el sistema se recupera automaticamente,Pruebas controladas donde se apaga un servidor a proposito para verificar que el sistema cambia automaticamente al servidor de respaldo sin que los usuarios se vean afectados.,MES5_OCTUBRE_Optimizacion,Backlog,High,2026-09-21,2026-11-16,"INFRAESTRUCTURA,PRUEBAS_CALIDAD,CRITICO",22,P2-M5-016,"SYS-Infraestructura, QA-Calidad (desde mes 2)",R5,P2-M5-013,Alta,Alto,Infraestructura,Desarrollo,S9-S13,Octubre,100.0,Agile — Desarrollo por Sprint
Optimizar velocidad de respuesta del servidor (afinamiento de rendimiento),Analizar donde el sistema tarda mas y optimizar esas partes. El objetivo es que el 99% de las operaciones respondan en menos de 100 milisegundos.,MES5_OCTUBRE_Optimizacion,Backlog,High,2026-09-21,2026-11-16,"DATOS,PRUEBAS_CALIDAD",23,P2-M5-017,"BACKEND 1 — DBA / Arq. Datos y Core, QA-Calidad (desde mes 2)",R5,P1-M3-010,Alta,Medio,Backend,Desarrollo,S9-S13,Octubre,90.0,Agile — Desarrollo por Sprint
Optimizar consultas a la base de datos para respuestas mas rapidas,"Analizar las consultas mas lentas de la base de datos, crear indices y optimizar la estructura para que las busquedas y reportes se generen en segundos.",MES5_OCTUBRE_Optimizacion,Backlog,High,2026-09-21,2026-11-16,DATOS,14,P2-M5-018,BACKEND 1 — DBA / Arq. Datos y Core,R5,P2-M5-010,Alta,Medio,Backend,Desarrollo,S9-S13,Octubre,90.0,Agile — Desarrollo por Sprint
Milestone: Infraestructura Productiva Lista,"Validación de infraestructura completa: HA, DR, monitoreo, CI/CD, seguridad.",MES5_OCTUBRE_Optimizacion,Backlog,Urgent,2026-09-21,2026-11-16,"CRITICO,INFRAESTRUCTURA",8,P2-M5-019,"ARQ-Arquitecto TI / PMO, SYS-Infraestructura",R5,P2-M5-016,Baja,Alto,Infraestructura,Desarrollo,S9-S13,Octubre,96.1,Agile — Desarrollo por Sprint
BE2: API de reconocimiento facial biométrico (InsightFace endpoint),"Servicio para registro y verificacion de identidad facial: captura de rostro, extraccion de caracteristicas, comparacion con rostros registrados. Procesamiento con GPU local. Umbral configurable de similitud. Deteccion de intentos de fraude (fotos o videos falsos).",MES5_OCTUBRE_Optimizacion,Backlog,High,2026-11-02,2026-11-16,"INTELIGENCIA_ARTIFICIAL,SEGURIDAD",30,P2-M5-020,"BACKEND 2 — Ciberseguridad Backend (JWT/RBAC/OWASP), IA-ML — Modelos e Inteligencia Artificial (desde mes 2)",R5,P1-M2-006,Alta,Alto,Backend,Desarrollo,S12-S13,Octubre,90.0,Agile — Desarrollo por Sprint
BE2: Detección de anomalías en streams de datos de sensores,"Motor de detección de anomalías sobre datos de telemetría en tiempo real: temperature spikes, pressure drops, vibración anormal. Algoritmos: Z-score, Isolation Forest, Moving Average. Genera alertas y triggers de notificación.",MES5_OCTUBRE_Optimizacion,Backlog,High,2026-09-21,2026-11-16,"INTELIGENCIA_ARTIFICIAL,SENSORES,CRITICO",27,P2-M5-021,"BACKEND 1 — DBA / Arq. Datos y Core, BACKEND 2 — Ciberseguridad Backend (JWT/RBAC/OWASP), IA-ML — Modelos e Inteligencia Artificial (desde mes 2)",R5,P1-M2-011,Alta,Alto,Backend,Desarrollo,S9-S13,Octubre,90.0,Agile — Desarrollo por Sprint
IA: Informe predictivo de fallas y eventos criticos en equipos de la mina,"Modelo de inteligencia artificial que analiza continuamente los datos de sensores (vibracion, temperatura, presion, desgaste) y predice fallas ANTES de que ocurran: 'La bomba #3 tiene 85% de probabilidad de fallar en las proximas 48 horas'. Genera informe predictivo automatico con recomendaciones de mantenimiento preventivo. Alerta al equipo de mantenimiento con 24-72 horas de anticipacion, evitando paradas no planificadas que cuestan miles de dolares.",MES5_OCTUBRE_Optimizacion,Backlog,High,2026-09-21,2026-11-16,"INTELIGENCIA_ARTIFICIAL,SENSORES",48,IA-M09,"IA-ML — Modelos e Inteligencia Artificial (desde mes 2), QA-Calidad (desde mes 2), BACKEND 3 — Integraciones",R5,P2-M5-021,Alta,Alto,IA,Desarrollo,S9-S13,Octubre,90.0,Agile — Desarrollo por Sprint
"IA: Revision integral automatica del informe (calidad, coherencia y completitud)","La IA revisa automaticamente cada informe antes de enviarlo a aprobacion y genera una calificacion de 0 a 100 con recomendaciones: verifica que todas las secciones obligatorias esten completas, que los datos numericos sean coherentes (no se contradigan entre secciones), que la redaccion sea clara y profesional, que cumpla con la plantilla correspondiente. Ahorra tiempo de revision al supervisor.",MES5_OCTUBRE_Optimizacion,Backlog,High,2026-11-02,2026-11-16,"INTELIGENCIA_ARTIFICIAL,EDITOR_INFORMES",30,P2-M5-022,"IA-ML — Modelos e Inteligencia Artificial (desde mes 2), BACKEND 2 — Ciberseguridad Backend (JWT/RBAC/OWASP)",R5,P1-M4-026,Alta,Medio,IA,Desarrollo,S12-S13,Octubre,90.0,Agile — Desarrollo por Sprint
"IA: Corrector integral de documentos — verificacion de datos, referencias y formulas","Herramienta de IA que revisa la integridad completa del informe: verifica que las formulas y calculos sean correctos, que las referencias cruzadas entre secciones coincidan, que las unidades de medida sean consistentes (no mezclar kg con toneladas sin conversion), que las fechas y nombres mencionados existan en el sistema. Genera reporte de errores encontrados.",MES5_OCTUBRE_Optimizacion,Backlog,High,2026-09-21,2026-11-16,"INTELIGENCIA_ARTIFICIAL,EDITOR_INFORMES,DATOS",34,IA-M19,"IA-ML — Modelos e Inteligencia Artificial (desde mes 2), FRONTEND 1 — Interfaces (mes 1 al 6)",R5,P2-M5-022,Alta,Alto,IA,Desarrollo,S9-S13,Octubre,90.0,Agile — Desarrollo por Sprint
BE3: API Gateway externo con circuit breaker y rate limiting global,"Punto de acceso unico para todas las conexiones externas al sistema: control de acceso con claves de API, limitacion de peticiones por cliente, proteccion contra caidas de servicios externos (circuit breaker), registro de todas las operaciones, versionado de API (v1/v2).",MES5_OCTUBRE_Optimizacion,Backlog,High,2026-09-21,2026-11-16,"DATOS,SEGURIDAD,INFRAESTRUCTURA",24,P2-M5-023,BACKEND 3 — Integraciones,R5,P2-M5-005,Alta,Alto,Backend,Desarrollo,S9-S13,Octubre,93.1,Agile — Desarrollo por Sprint
IA: Convertir voz a texto para que el usuario dicte informes en espanol minero,"Servicio que permite al usuario dictar informes hablando en lugar de escribir: el usuario habla al microfono del dispositivo y el texto aparece en el editor en tiempo real. Optimizado para acento latinoamericano y vocabulario tecnico minero ('concentradora', 'molienda', 'relave'). Agrega puntuacion automatica. Respuesta en menos de 1 segundo por oracion.",MES5_OCTUBRE_Optimizacion,Backlog,High,2026-11-02,2026-11-16,"INTELIGENCIA_ARTIFICIAL,EDITOR_INFORMES",30,P2-M5-024,"IA-ML — Modelos e Inteligencia Artificial (desde mes 2), FRONTEND 1 — Interfaces (mes 1 al 6)",R5,P1-M4-026,Alta,Alto,IA,Desarrollo,S12-S13,Octubre,90.0,Agile — Desarrollo por Sprint
IA: Dashboard de analytics predictivo de operaciones mineras,"Módulo de IA que analiza tendencias históricas de telemetría y genera predicciones: mantenimiento predictivo de equipos, estimación de producción, detección temprana de riesgos geotécnicos. Visualización con gráficos en el dashboard.",MES5_OCTUBRE_Optimizacion,Backlog,Normal,2026-09-21,2026-11-16,"INTELIGENCIA_ARTIFICIAL,SENSORES,MAPAS",28,P2-M5-025,"IA-ML — Modelos e Inteligencia Artificial (desde mes 2), FRONTEND 1 — Interfaces (mes 1 al 6)",R5,P2-M5-021,Alta,Alto,IA,Desarrollo,S9-S13,Octubre,90.0,Agile — Desarrollo por Sprint
"Pruebas de estrés: 10,000 sensores simultáneos",Simulación de carga máxima con 10K conexiones concurrentes de sensores IoT.,MES6_NOVIEMBRE_GoLive,Backlog,Urgent,2026-11-30,2026-11-30,"PRUEBAS_CALIDAD,SENSORES,CRITICO",33,P2-M6-001,"QA-Calidad (desde mes 2), SYS-Infraestructura, BACKEND 1 — DBA / Arq. Datos y Core",R6,P2-M5-019,Alta,Alto,QA,Desarrollo,S13,Noviembre,99.9,Agile — Desarrollo por Sprint
Pruebas de seguridad y penetración,"Pruebas profesionales de seguridad para intentar vulnerar el sistema: inyeccion de codigo, suplantacion de identidad, escalacion de permisos. Se verifica que el sistema resista todos los ataques conocidos.",MES6_NOVIEMBRE_GoLive,Backlog,Urgent,2026-11-30,2026-11-30,"SEGURIDAD,PRUEBAS_CALIDAD,CRITICO",31,P2-M6-002,"BACKEND 2 — Ciberseguridad Backend (JWT/RBAC/OWASP), QA-Calidad (desde mes 2)",R6,P2-M5-006,Alta,Alto,QA,Desarrollo,S13,Noviembre,90.0,Agile — Desarrollo por Sprint
Simulacros de fallo y recuperación (DR drill),"Prueba real del plan de recuperacion ante desastres: se corta el servicio principal, se activa el servidor de respaldo, se verifica que todos los datos esten intactos.",MES6_NOVIEMBRE_GoLive,Backlog,High,2026-11-30,2026-11-30,"INFRAESTRUCTURA,PRUEBAS_CALIDAD,CRITICO",22,P2-M6-003,"SYS-Infraestructura, QA-Calidad (desde mes 2)",R6,P2-M5-013,Alta,Alto,QA,Desarrollo,S13,Noviembre,100.0,Agile — Desarrollo por Sprint
Pruebas UAT con usuarios de operaciones mineras,"User Acceptance Testing con ingenieros de mina, supervisores y gerencia usando datos reales.",MES6_NOVIEMBRE_GoLive,Backlog,Urgent,2026-11-30,2026-11-30,"PRUEBAS_CALIDAD,EXPERIENCIA_USUARIO,CRITICO",38,P2-M6-004,"QA-Calidad (desde mes 2), FRONTEND 2 — UX y Soporte (desde mes 2), ARQ-Arquitecto TI / PMO",R6,P2-M6-001,Media,Alto,QA,Desarrollo,S13,Noviembre,99.9,Agile — Desarrollo por Sprint
Ajuste fino de rendimiento post-pruebas,Correccion de los problemas de lentitud y errores detectados durante las pruebas de estres y las pruebas con usuarios reales.,MES6_NOVIEMBRE_GoLive,Backlog,High,2026-11-30,2026-11-30,"DATOS,INFRAESTRUCTURA",18,P2-M6-005,"BACKEND 1 — DBA / Arq. Datos y Core, SYS-Infraestructura",R6,P2-M6-001,Alta,Medio,Backend,Desarrollo,S13,Noviembre,90.0,Agile — Desarrollo por Sprint
Entrenamiento del Reconocimiento Facial y Traducción de Voz,Fine-tuning de modelos de reconocimiento facial (InsightFace) y STT para español minero.,MES6_NOVIEMBRE_GoLive,Backlog,High,2026-11-02,2026-11-30,"INTELIGENCIA_ARTIFICIAL,CRITICO",23,P2-M6-006,IA-ML — Modelos e Inteligencia Artificial (desde mes 2),R6,,Alta,Alto,IA,Desarrollo,S12-S13,Noviembre,90.0,Agile — Desarrollo por Sprint
Protección contra fraudes y controles de seguridad avanzada,"Implementación de detección de anomalías, rate limiting, honeypots y audit logging.",MES6_NOVIEMBRE_GoLive,Backlog,High,2026-11-30,2026-11-30,"SEGURIDAD,CRITICO",39,P2-M6-007,BACKEND 2 — Ciberseguridad Backend (JWT/RBAC/OWASP),R6,P2-M5-006,Alta,Alto,Backend,Desarrollo,S13,Noviembre,90.0,Agile — Desarrollo por Sprint
Documentación final: manuales de usuario y operación,"Manuales de usuario final, guías de operación, runbooks, documentación de API.",MES6_NOVIEMBRE_GoLive,Backlog,High,2026-11-30,2026-11-30,DOCUMENTACION,31,P2-M6-008,"QA-Calidad (desde mes 2), ARQ-Arquitecto TI / PMO",R6,P2-M6-004,Media,Bajo,QA,Desarrollo,S13,Noviembre,99.9,Agile — Desarrollo por Sprint
Marcha blanca con datos reales en unidad minera,Despliegue beta controlado en la mina: supervisores seleccionados usando el sistema en producción.,MES6_NOVIEMBRE_GoLive,Backlog,Urgent,2026-11-30,2026-11-30,"PRODUCCION,CRITICO",37,P2-M6-009,"ARQ-Arquitecto TI / PMO, SYS-Infraestructura, QA-Calidad (desde mes 2)",R6,P2-M6-004,Media,Alto,Arquitectura,Desarrollo,S13,Noviembre,90.1,Agile — Desarrollo por Sprint
Corrección de bugs de marcha blanca,Sprint de hotfixes para bugs detectados durante la marcha blanca.,MES6_NOVIEMBRE_GoLive,Backlog,Urgent,2026-11-30,2026-11-30,"DATOS,PRODUCCION",26,P2-M6-010,"BACKEND 1 — DBA / Arq. Datos y Core, FRONTEND 1 — Interfaces (mes 1 al 6), BACKEND 3 — Integraciones",R6,P2-M6-009,Media,Alto,Backend,Desarrollo,S13,Noviembre,90.0,Agile — Desarrollo por Sprint
Aprobación gerencial y firma de aceptación,"Presentación ejecutiva de resultados, métricas de calidad y firma de aceptación formal.",MES6_NOVIEMBRE_GoLive,Backlog,Urgent,2026-11-30,2026-11-30,"PRODUCCION,CRITICO,DOCUMENTACION",8,P2-M6-011,ARQ-Arquitecto TI / PMO,R6,P2-M6-009,Baja,Alto,Arquitectura,Desarrollo,S13,Noviembre,90.1,Agile — Desarrollo por Sprint
Informe ejecutivo de cierre y lecciones aprendidas del proyecto,"Documento ejecutivo de cierre: logros vs SOW, lecciones aprendidas, recomendaciones para operación, riesgos residuales y plan de soporte post-GoLive. Presentación a Gerencia TI y Gerencia Minera.",MES6_NOVIEMBRE_GoLive,Backlog,High,2026-11-30,2026-11-30,"GESTION_PROYECTO,DOCUMENTACION,PRODUCCION",32,ARQ-G11,ARQ-Arquitecto TI / PMO,R6,P2-M6-011,Baja,Medio,Arquitectura,Desarrollo,S13,Noviembre,90.1,Agile — Desarrollo por Sprint
Pase a producción global (Hard-Launch LATAM),"Lanzamiento oficial del sistema en produccion: cambio de direccion web al nuevo servidor, desactivacion del sistema antiguo, vigilancia activa 24/7.",MES6_NOVIEMBRE_GoLive,Backlog,Urgent,2026-11-30,2026-11-30,"PRODUCCION,CRITICO",15,P2-M6-012,"ARQ-Arquitecto TI / PMO, SYS-Infraestructura",R6,P2-M6-011,Media,Alto,Infraestructura,Desarrollo,S13,Noviembre,90.1,Agile — Desarrollo por Sprint
Transferencia formal del sistema a operaciones TI del cliente,"Handover estructurado: runbooks, accesos, diagramas as-built, contactos proveedores datacenter Lima, sesión de transferencia con equipo operativo del cliente y acta de recepción firmada.",MES6_NOVIEMBRE_GoLive,Backlog,Urgent,2026-11-30,2026-11-30,"GESTION_PROYECTO,PRODUCCION,SOPORTE",38,ARQ-G13,"ARQ-Arquitecto TI / PMO, SYS-Infraestructura, Soporte PMO — Analista Funcional y Documentador",R6,P2-M6-012,Media,Alto,Arquitectura,Desarrollo,S13,Noviembre,90.1,Agile — Desarrollo por Sprint
Seguimiento KPIs y estabilización post-GoLive (primera quincena),"Monitoreo diario de indicadores post-lanzamiento: disponibilidad, errores críticos, tickets de soporte, adopción de usuarios. Reporte ejecutivo a Gerencia y plan de acción correctiva.",PMO_Seguimiento,Backlog,High,2026-11-30,2026-11-30,"GESTION_PROYECTO,PRODUCCION,GERENCIA",24,ARQ-G14,ARQ-Arquitecto TI / PMO,R6,P2-M6-012,Baja,Medio,Arquitectura,Desarrollo,S13,Transversal,90.1,PMO — Gobierno
Soporte post-GoLive y estabilización (Semana 26),Vigilancia intensiva del sistema durante la primera semana en produccion. Equipo de soporte disponible para resolver cualquier problema critico que aparezca.,MES6_NOVIEMBRE_GoLive,Backlog,Urgent,2026-11-30,2026-11-30,PRODUCCION,33,P2-M6-013,"BACKEND 1 — DBA / Arq. Datos y Core, SYS-Infraestructura, QA-Calidad (desde mes 2)",R6,P2-M6-012,Media,Alto,Backend,Desarrollo,S13,Noviembre,90.0,Agile — Desarrollo por Sprint
Pruebas de estrés del editor: 50 usuarios editando simultáneamente,"Simulación de carga del ReportStudio con 50 usuarios concurrentes editando informes diferentes. Medir auto-save latency, WebSocket stability, lock contention, memory usage del browser.",MES6_NOVIEMBRE_GoLive,Backlog,High,2026-11-30,2026-11-30,"PRUEBAS_CALIDAD,EDITOR_INFORMES,CRITICO",18,P2-M6-014,"QA-Calidad (desde mes 2), BACKEND 1 — DBA / Arq. Datos y Core",R6,P2-M5-019,Alta,Alto,QA,Desarrollo,S13,Noviembre,99.9,Agile — Desarrollo por Sprint
Pruebas de exportación masiva (100 informes concurrentes),"Stress test del pipeline de exportación: generar 100 PDFs/DOCXs simultáneamente. Validar queue ordering, calidad de output, memory leaks del motor de renderizado.",MES6_NOVIEMBRE_GoLive,Backlog,High,2026-11-30,2026-11-30,"PRUEBAS_CALIDAD,EXPORTACION",15,P2-M6-015,"QA-Calidad (desde mes 2), BACKEND 3 — Integraciones",R6,P1-M4-029,Alta,Medio,QA,Desarrollo,S13,Noviembre,99.9,Agile — Desarrollo por Sprint
"Actualizacion semanal ClickUp: estados, responsables, fechas y dependencias","Rutina semanal: revisar 287+ tareas, actualizar % avance, validar fechas Gantt, marcar bloqueos y reflejar cambios acordados en comites.",PMO_Seguimiento,Backlog,High,2026-07-01,2026-07-31,GESTION_PROYECTO,52,PAF-001,Soporte PMO — Analista Funcional y Documentador,R1,,Baja,Medio,Arquitectura,Desarrollo,S3-S5,Transversal,93.6,PMO — Gobierno
"Coordinacion de reuniones: convocatorias, agendas, salas y recordatorios","Gestionar calendario de dailies, sprint planning, reviews, comite ejecutivo y workshops. Enviar invites, preparar agenda y confirmar asistencia de 9 recursos + gerencia.",PMO_Seguimiento,Backlog,High,2026-08-03,2026-08-31,"GESTION_PROYECTO,DOCUMENTACION",52,PAF-002,Soporte PMO — Analista Funcional y Documentador,R1,,Baja,Medio,Arquitectura,Desarrollo,S5-S7,Transversal,96.9,PMO — Gobierno
"Actas, action items y seguimiento de acuerdos entre sprints","Redactar actas de cada ceremonia, registrar acuerdos con responsable y fecha, enviar resumen por correo y escalar vencidos al ARQ/PMO.",PMO_Seguimiento,Backlog,High,2026-11-02,2026-11-30,"GESTION_PROYECTO,DOCUMENTACION",48,PAF-003,Soporte PMO — Analista Funcional y Documentador,R1,PAF-002,Baja,Medio,Arquitectura,Desarrollo,S12-S13,Transversal,90.0,PMO — Gobierno
"Correos de seguimiento a equipo y gerencia (avance, riesgos, bloqueos)","Elaborar y enviar boletines quincenales de avance, alertas de tareas vencidas, recordatorios de entregables y canal unico de comunicacion proyecto-mina.",PMO_Seguimiento,Backlog,High,2026-06-01,2026-06-30,"GESTION_PROYECTO,GERENCIA",40,PAF-004,Soporte PMO — Analista Funcional y Documentador,R1,,Baja,Medio,Arquitectura,Desarrollo,S1-S3,Transversal,90.0,PMO — Gobierno
"Matriz RACI, organigrama del proyecto y onboarding de nuevos recursos","Documentar roles (BE1-3, FE1-2, QA, IA, SYS, PAF, ARQ), responsables por modulo minero y guia de induccion al proyecto y ClickUp.",PMO_Seguimiento,Backlog,Normal,2026-07-01,2026-07-31,"GESTION_PROYECTO,DOCUMENTACION",32,PAF-005,Soporte PMO — Analista Funcional y Documentador,R1,,Media,Bajo,Arquitectura,Desarrollo,S3-S5,Transversal,93.6,PMO — Gobierno
Documentacion funcional para usuarios de mina (manuales y quick-start),"Redactar manuales funcionales no tecnicos: crear informe, sensores, mapas, alertas. Coordinar revision con FE1/FE2 y validacion con QA.",PMO_Seguimiento,Backlog,High,2026-10-29,2026-11-30,"DOCUMENTACION,EXPERIENCIA_USUARIO",42,PAF-006,"Soporte PMO — Analista Funcional y Documentador, FRONTEND 1 — Interfaces (mes 1 al 6), FRONTEND 2 — UX y Soporte (desde mes 2)",R3,P1-M3-004,Media,Medio,Frontend,Desarrollo,S11-S13,Transversal,96.0,PMO — Gobierno
Catalogo de requerimientos funcionales y trazabilidad FE-BE,Mantener matriz requerimiento-tarea-modulo minero; actualizar correspondencias frontend-backend y evidencias de cierre por sprint.,PMO_Seguimiento,Backlog,High,2026-09-28,2026-11-30,"DOCUMENTACION,DATOS",37,PAF-007,"Soporte PMO — Analista Funcional y Documentador, BACKEND 1 — DBA / Arq. Datos y Core, FRONTEND 1 — Interfaces (mes 1 al 6)",R2,P1-M1-005,Media,Medio,Backend,Desarrollo,S9-S13,Transversal,90.0,PMO — Gobierno
Dashboard ejecutivo de avance (extraccion ClickUp + slide gerencia),"Consolidar KPIs de avance, capacidad y riesgos desde Excel/ClickUp; preparar slide quincenal para comite ejecutivo junto al ARQ.",PMO_Seguimiento,Backlog,High,2026-07-01,2026-11-02,"GESTION_PROYECTO,GERENCIA",40,PAF-009,"Soporte PMO — Analista Funcional y Documentador, ARQ-Arquitecto TI / PMO",R1,PAF-004,Baja,Medio,Arquitectura,Desarrollo,S3-S12,Transversal,93.6,PMO — Gobierno
"Kit de cierre: indice documentacion, actas finales y lecciones aprendidas","Compilar entregables documentales del proyecto, lecciones aprendidas, acta de cierre y paquete de handover para operaciones mina.",PMO_Seguimiento,Backlog,High,2026-11-30,2026-11-30,"GESTION_PROYECTO,DOCUMENTACION,PRODUCCION",32,PAF-010,"Soporte PMO — Analista Funcional y Documentador, ARQ-Arquitecto TI / PMO",R6,P2-M6-012,Media,Medio,Arquitectura,Desarrollo,S13,Transversal,90.0,PMO — Gobierno
"Plan de capacitacion: offline, borradores, shortcuts y UX industrial","Disenar agenda de talleres, guias quick-start y material de entrenamiento para nuevos alcances A-G. Coordinar sesiones presenciales mes 5-6 con supervisores mineros.",PMO_Seguimiento,Backlog,High,2026-11-30,2026-11-30,"SOPORTE,DOCUMENTACION,EXPERIENCIA_USUARIO,SIN_CONEXION",40,PAF-011,"Soporte PMO — Analista Funcional y Documentador, FRONTEND 1 — Interfaces (mes 1 al 6), FRONTEND 2 — UX y Soporte (desde mes 2)",R5,P1-ALC-G1,Media,Medio,Frontend,Desarrollo,S13,Transversal,90.0,PMO — Gobierno
Coordinacion de reuniones ejecutivas y seguimiento de action items gerencia,"Soporte directo al PM: preparar comites quincenales C-Level, consolidar action items, escalamiento de bloqueos y minutas de decisiones de alcance.",PMO_Seguimiento,Backlog,High,2026-08-31,2026-09-25,"GESTION_PROYECTO,GERENCIA",56,PAF-012,"Soporte PMO — Analista Funcional y Documentador, ARQ-Arquitecto TI / PMO, IA-ML — Modelos e Inteligencia Artificial (desde mes 2)",R1,PAF-002,Baja,Medio,Arquitectura,Desarrollo,S7-S9,Transversal,96.9,PMO — Gobierno
Sprint Planning quincenal (planificación del sprint),"Cada 2 semanas: revisión del backlog, priorización de tareas, estimación de esfuerzo, asignación a recursos, definición de objetivos del sprint. ARQ lidera la sesión con todo el equipo. 2h × 13 sprints.",PMO_Seguimiento,Backlog,High,2026-06-01,2026-11-02,"GESTION_PROYECTO,DOCUMENTACION",26,PMO-001,"ARQ-Arquitecto TI / PMO, Soporte PMO — Analista Funcional y Documentador",R1,,Baja,Bajo,Arquitectura,Desarrollo,S1-S12,Transversal,97.9,PMO — Gobierno
"Daily standups (reunión diaria de sincronización, 15 min)","Reunión diaria de 15 minutos con todo el equipo: qué hice ayer, qué haré hoy, qué me bloquea. ARQ facilita y registra impedimentos para resolución inmediata. Mantiene al equipo alineado y detecta problemas temprano.",PMO_Seguimiento,Backlog,Normal,2026-10-01,2026-11-02,GESTION_PROYECTO,33,PMO-002,Soporte PMO — Analista Funcional y Documentador,R1,,Baja,Bajo,Arquitectura,Desarrollo,S9-S12,Transversal,96.0,PMO — Gobierno
Sprint Review y Retrospectiva quincenal,"Al final de cada sprint: Demo de lo construido ante stakeholders (Review, 1h) + sesión de mejora continua del equipo (Retro, 1h). ARQ presenta, QA valida calidad de los entregables demostrados.",PMO_Seguimiento,Backlog,High,2026-06-01,2026-06-30,"GESTION_PROYECTO,DOCUMENTACION",26,PMO-003,"ARQ-Arquitecto TI / PMO, Soporte PMO — Analista Funcional y Documentador",R1,,Baja,Bajo,Arquitectura,Desarrollo,S1-S3,Transversal,97.9,PMO — Gobierno
Comité ejecutivo semanal con Gerencia TI y Gerencia Minera,"Reunión semanal con gerencia (1h): estado del proyecto (semáforo), riesgos activos, decisiones pendientes, presupuesto ejecutado, siguiente hito. Formato ejecutivo de 1 página + demo visual cuando aplica.",PMO_Seguimiento,Backlog,High,2026-08-03,2026-09-30,"GESTION_PROYECTO,GERENCIA,CRITICO",26,PMO-004,"ARQ-Arquitecto TI / PMO, Soporte PMO — Analista Funcional y Documentador",R1,,Baja,Medio,Arquitectura,Desarrollo,S5-S9,Transversal,91.6,PMO — Gobierno
Dashboard de métricas del proyecto en ClickUp,"Configuración y mantenimiento del dashboard ejecutivo en ClickUp: velocidad del equipo (story points/sprint), burndown chart, bugs abiertos/cerrados, % avance por release, uso de recursos.",PMO_Seguimiento,Backlog,Normal,2026-11-02,2026-11-30,"GESTION_PROYECTO,DOCUMENTACION",16,PMO-005,Soporte PMO — Analista Funcional y Documentador,R1,PMO-001,Media,Bajo,Arquitectura,Desarrollo,S12-S13,Transversal,90.0,PMO — Gobierno
Definir estrategia de testing y criterios de aceptación,"Definir la estrategia completa de calidad del proyecto: qué se prueba, cómo se prueba, cuándo se prueba, quién aprueba. Incluye criterios de aceptación para cada módulo, umbrales de cobertura (>80%), y proceso de gestión de defectos.",QA_Transversal,Backlog,High,2026-06-01,2026-06-30,"PRUEBAS_CALIDAD,DOCUMENTACION,GESTION_PROYECTO",24,QA-001,"Soporte PMO — Analista Funcional y Documentador, ARQ-Arquitecto TI / PMO",R1,,Media,Medio,QA,Desarrollo,S1-S3,Transversal,90.0,Agile — QA continuo
Preparar ambiente de PRUEBAS (staging) para el equipo QA,"OBJETIVO: Tener un servidor de pruebas separado donde QA valida cambios antes de produccion.

PARA LA MINA: Evita que errores lleguen a operadores reales; permite simular sensores, informes y usuarios de prueba.

ENTREGABLE: Ambiente staging operativo, datos sinteticos de mina, acceso documentado para QA.

VPS REQUERIDO: Staging (segundo servidor) — contratar a partir de semana 10 (~agosto 2026), despues del VPS de desarrollo.

DEPENDE DE: DEV-003 (VPS desarrollo listo) y QA-001 (estrategia de testing).

EXITO: QA ejecuta pruebas funcionales sin usar laptops de desarrolladores.",QA_Transversal,Backlog,High,2026-09-24,2026-10-22,"PRUEBAS_CALIDAD,INFRAESTRUCTURA",22,QA-002,"QA-Calidad (desde mes 2), SYS-Infraestructura",R3,DEV-003,Media,Medio,QA,Desarrollo,S9-S11,Transversal,91.4,Agile — QA continuo
Automatización de tests de regresión,"Construcción de la suite automatizada que se ejecuta en cada despliegue para verificar que las funcionalidades existentes siguen funcionando correctamente. Cobertura: login, CRUD informes, exportación, sensores.",QA_Transversal,Backlog,High,2026-10-22,2026-11-18,PRUEBAS_CALIDAD,43,QA-003,QA-Calidad (desde mes 2),R3,QA-002,Alta,Medio,QA,Desarrollo,S11-S13,Transversal,100.0,Agile — QA continuo
Revisión de código y estándares de calidad (continuo),"Proceso continuo de revisión de código: cada pull request es revisado por QA (estándares de código, seguridad básica, complejidad). Análisis estático con SonarQube. Métricas de calidad por sprint.",QA_Transversal,Backlog,Normal,2026-08-03,2026-11-02,"PRUEBAS_CALIDAD,DATOS,SEGURIDAD",42,QA-004,"QA-Calidad (desde mes 2), BACKEND 1 — DBA / Arq. Datos y Core, FRONTEND 1 — Interfaces (mes 1 al 6)",R4,QA-001,Media,Bajo,QA,Desarrollo,S5-S12,Transversal,92.1,Agile — QA continuo
Desarrollo del framework de automatización de pruebas,"Construcción del framework base de testing automatizado: Cypress para e2e, Jest para unitarios, k6 para performance. Estructura de proyectos, helpers, fixtures, reporters. Base para todo el testing del proyecto.",QA_Transversal,Backlog,Urgent,2026-07-01,2026-07-31,"PRUEBAS_CALIDAD,DATOS",40,QA-T01,"QA-Calidad (desde mes 2), FRONTEND 1 — Interfaces (mes 1 al 6), IA-ML — Modelos e Inteligencia Artificial (desde mes 2)",R2,,Alta,Medio,QA,Desarrollo,S3-S5,Transversal,94.3,Agile — QA continuo
Testing de regresión continuo por sprint (quincenal),"Ejecución completa de la suite de regresión al final de cada sprint: funcional, integración, rendimiento base. Reporte de resultados con métricas de cobertura y defectos encontrados. 4h × 13 sprints.",QA_Transversal,Backlog,High,2026-10-01,2026-11-02,PRUEBAS_CALIDAD,47,QA-T02,QA-Calidad (desde mes 2),R2,QA-T01,Media,Medio,QA,Desarrollo,S9-S12,Transversal,100.0,Agile — QA continuo
Verificación diaria de builds y smoke testing,"Verificación diaria de que el build compila, pasa tests básicos y los servicios arrancan correctamente. Smoke test de los flujos críticos (login, crear informe, guardar, exportar). 30min/día × 130 días.",QA_Transversal,Backlog,High,2026-07-01,2026-11-30,"PRUEBAS_CALIDAD,DATOS",46,QA-T03,"QA-Calidad (desde mes 2), BACKEND 2 — Ciberseguridad Backend (JWT/RBAC/OWASP), FRONTEND 1 — Interfaces (mes 1 al 6)",R1,,Baja,Bajo,QA,Desarrollo,S3-S13,Transversal,94.3,Agile — QA continuo
"Gestión de bugs: triage, priorización y seguimiento","Proceso diario de triage de bugs reportados: clasificación por severidad (crítico/alto/medio/bajo), asignación a responsable, seguimiento hasta resolución. Métricas de defectos abiertos/cerrados por sprint.",QA_Transversal,Backlog,High,2026-07-01,2026-11-30,"PRUEBAS_CALIDAD,GESTION_PROYECTO",74,QA-T04,"QA-Calidad (desde mes 2), Soporte PMO — Analista Funcional y Documentador, ARQ-Arquitecto TI / PMO",R2,,Baja,Medio,QA,Desarrollo,S3-S13,Transversal,94.3,Agile — QA continuo
Testing cross-browser y multi-dispositivo,"Pruebas sistemáticas de la plataforma en Chrome, Firefox, Edge y Safari. Verificación en resoluciones: desktop (1920×1080, 1366×768), tablet (1024×768), mobile (375×667). Reporte de incompatibilidades.",QA_Transversal,Backlog,Normal,2026-08-03,2026-08-31,"PRUEBAS_CALIDAD,EXPERIENCIA_USUARIO",29,QA-T05,"QA-Calidad (desde mes 2), FRONTEND 2 — UX y Soporte (desde mes 2)",R3,,Media,Medio,QA,Desarrollo,S5-S7,Transversal,92.1,Agile — QA continuo
Pruebas de accesibilidad WCAG 2.1 nivel AA,"Auditoría de accesibilidad: navegación con teclado, lectores de pantalla (NVDA/VoiceOver), contraste de colores, textos alternativos, formularios accesibles. Cumplimiento de estándares internacionales.",QA_Transversal,Backlog,Normal,2026-09-01,2026-11-02,"PRUEBAS_CALIDAD,EXPERIENCIA_USUARIO,SEGURIDAD",42,QA-T06,"QA-Calidad (desde mes 2), FRONTEND 2 — UX y Soporte (desde mes 2), FRONTEND 1 — Interfaces (mes 1 al 6)",R4,,Media,Medio,QA,Desarrollo,S7-S12,Transversal,91.4,Agile — QA continuo
Creación y mantenimiento de datos de prueba,"Generación de datasets sintéticos que simulan datos reales de la mina: 10K sensores, 500 informes, 50 usuarios, 20 zonas geográficas. Scripts de seed para ambientes QA y staging.",QA_Transversal,Backlog,High,2026-07-01,2026-07-31,"PRUEBAS_CALIDAD,DATOS",23,QA-T07,"BACKEND 1 — DBA / Arq. Datos y Core, QA-Calidad (desde mes 2)",R2,,Media,Medio,QA,Desarrollo,S3-S5,Transversal,100.0,Agile — QA continuo
Pruebas de rendimiento baseline por módulo,"Benchmarks de rendimiento de cada módulo: tiempo de carga de dashboard (<2s), tiempo de guardado de informe (<500ms), tiempo de exportación PDF (<5s), latencia de WebSocket (<20ms). Línea base para detectar regresiones.",QA_Transversal,Backlog,High,2026-08-03,2026-09-30,"PRUEBAS_CALIDAD,DATOS",30,QA-T08,"QA-Calidad (desde mes 2), BACKEND 1 — DBA / Arq. Datos y Core",R3,QA-T01,Alta,Medio,QA,Desarrollo,S5-S9,Transversal,92.1,Agile — QA continuo
Desarrollo de scripts de pruebas de estrés,"Scripts especializados para simular carga: k6 para APIs, WebSocket load tester para sensores, Selenium Grid para usuarios concurrentes. Escenarios: 10K sensores, 100 usuarios, 50 exportaciones simultáneas.",QA_Transversal,Backlog,High,2026-10-01,2026-11-02,PRUEBAS_CALIDAD,33,QA-T09,"QA-Calidad (desde mes 2), SYS-Infraestructura",R4,QA-T01,Alta,Alto,QA,Desarrollo,S9-S12,Transversal,100.0,Agile — QA continuo
Revisión de calidad de documentación técnica y funcional,"QA revisa toda la documentación del proyecto: manuales de usuario, documentación de API, arquitectura, runbooks. Verifica completitud, claridad, actualización. Feedback a autores para correcciones.",QA_Transversal,Backlog,Normal,2026-09-01,2026-11-30,"PRUEBAS_CALIDAD,DOCUMENTACION",38,QA-T10,"QA-Calidad (desde mes 2), Soporte PMO — Analista Funcional y Documentador",R3,,Baja,Bajo,QA,Desarrollo,S7-S13,Transversal,91.4,Agile — QA continuo
Plan y ejecución de User Acceptance Testing (UAT),"Planificación completa del UAT: selección de usuarios piloto en la mina, preparación de casos de prueba en lenguaje de negocio, coordinación logística, ejecución acompañada, recopilación de feedback.",QA_Transversal,Backlog,High,2026-09-01,2026-11-02,"PRUEBAS_CALIDAD,EXPERIENCIA_USUARIO,SOPORTE",38,QA-T11,"QA-Calidad (desde mes 2), FRONTEND 2 — UX y Soporte (desde mes 2), ARQ-Arquitecto TI / PMO",R5,,Media,Alto,QA,Desarrollo,S7-S12,Transversal,91.4,Agile — QA continuo
"Soporte a UAT: escenarios, datos de prueba y log de incidencias funcionales","Apoyar QA en preparacion UAT: escenarios de negocio minero, datos anonimizados, registro de incidencias funcionales en ClickUp y priorizacion con ARQ.",PMO_Seguimiento,Backlog,High,2026-11-02,2026-11-30,"GESTION_PROYECTO,PRUEBAS_CALIDAD",34,PAF-008,"BACKEND 1 — DBA / Arq. Datos y Core, Soporte PMO — Analista Funcional y Documentador, QA-Calidad (desde mes 2)",R5,QA-T11,Media,Medio,QA,Desarrollo,S12-S13,Transversal,90.0,PMO — Gobierno
Testing del editor en diferentes resoluciones y formatos,"Pruebas del ReportStudio en todas las resoluciones soportadas: verificar que reglas horizontales, tablas, imágenes y formatos se renderizan correctamente. Pruebas de impresión y exportación en cada resolución.",QA_Transversal,Backlog,Normal,2026-08-03,2026-08-31,"PRUEBAS_CALIDAD,EDITOR_INFORMES",19,QA-T12,"QA-Calidad (desde mes 2), FRONTEND 1 — Interfaces (mes 1 al 6)",R4,,Media,Medio,QA,Desarrollo,S5-S7,Transversal,92.1,Agile — QA continuo
Testing del modo offline y sincronización,"Escenarios de prueba de desconexion: editar informe sin conexion, reconectar y verificar sincronizacion. Conflictos de edicion simultanea. Perdida de conexion durante exportacion. Recuperacion de datos locales.",QA_Transversal,Backlog,High,2026-09-01,2026-11-02,"PRUEBAS_CALIDAD,SIN_CONEXION",29,QA-T13,"QA-Calidad (desde mes 2), FRONTEND 2 — UX y Soporte (desde mes 2)",R4,,Alta,Alto,QA,Desarrollo,S7-S12,Transversal,91.4,Agile — QA continuo
Identificación y registro inicial de riesgos del proyecto,"Taller de identificación de riesgos con todo el equipo técnico: riesgos tecnológicos (C++ complexity, performance), de recursos (dependencia de BE1), de integración (legacy), de timeline (6 meses agresivo). Registro en ClickUp.",Gestion_Riesgos,Backlog,High,2026-06-01,2026-06-30,"GESTION_PROYECTO,DOCUMENTACION",16,RSK-001,ARQ-Arquitecto TI / PMO,R1,,Media,Alto,Arquitectura,Desarrollo,S1-S3,Transversal,97.9,PMO — Riesgos
Plan de mitigación y contingencia para cada riesgo,"Para cada riesgo identificado: estrategia de mitigación (reducir probabilidad), plan de contingencia (qué hacer si ocurre), responsable, indicadores de activación. Los 10 riesgos principales documentados en detalle.",Gestion_Riesgos,Backlog,High,2026-06-30,2026-07-31,"GESTION_PROYECTO,DOCUMENTACION",24,RSK-002,ARQ-Arquitecto TI / PMO,R1,RSK-001,Media,Alto,Arquitectura,Desarrollo,S3-S5,Transversal,97.9,PMO — Riesgos
Revisión quincenal de riesgos con comité técnico,"Cada 2 semanas, revisión del registro de riesgos: nuevos riesgos, riesgos materializados, efectividad de mitigaciones, actualización de probabilidad/impacto. Participan ARQ + líderes técnicos.",Gestion_Riesgos,Backlog,Normal,2026-07-01,2026-08-31,"GESTION_PROYECTO,DOCUMENTACION",48,RSK-003,"Soporte PMO — Analista Funcional y Documentador, ARQ-Arquitecto TI / PMO",R1,RSK-001,Baja,Medio,Arquitectura,Desarrollo,S3-S7,Transversal,93.6,PMO — Riesgos
Automatizar instalacion de servidores (Ansible),"OBJETIVO: Levantar un servidor identico en minutos si falla o hay que escalar.

PARA LA MINA: Menos tiempo caido; recuperacion rapida en faena.

ENTREGABLE: Playbooks Ansible (OS, Docker, servicios, red, seguridad basica).

VPS REQUERIDO: Desarrollo (desde semana 7, jul 2026).

DEPENDE DE: DEV-002.

EXITO: Servidor nuevo listo en <30 minutos ejecutando un playbook.",MES2_JULIO_Core_Seguridad,Backlog,High,2026-06-30,2026-07-31,INFRAESTRUCTURA,29,SYS-I01,"SYS-Infraestructura, BACKEND 3 — Integraciones",R2,DEV-002,Alta,Medio,Infraestructura,Desarrollo,S3-S5,Julio,0.0,Agile — Desarrollo por Sprint
Centralizar logs del sistema (Loki + Grafana),"OBJETIVO: Ver en un solo lugar errores y eventos de todos los servicios.

PARA LA MINA: Diagnosticar fallas de sensores, informes o login sin revisar cada servidor.

ENTREGABLE: Loki + Promtail + Grafana con busqueda y retencion 90 dias.

VPS REQUERIDO: Desarrollo (jul 2026).

DEPENDE DE: DEV-003.

EXITO: Un error en backend aparece en dashboard en menos de 1 minuto.",MES2_JULIO_Core_Seguridad,Backlog,High,2026-06-30,2026-07-31,INFRAESTRUCTURA,29,SYS-I02,"SYS-Infraestructura, BACKEND 3 — Integraciones",R2,DEV-003,Alta,Medio,Infraestructura,Desarrollo,S3-S5,Julio,0.0,Agile — Desarrollo por Sprint
Configurar dominios y DNS de la plataforma,"OBJETIVO: Que usuarios accedan con URLs claras por ambiente (dev, pruebas, produccion).

PARA LA MINA: Operadores entran a app.plataforma.com; desarrollo en dev.plataforma.com.

ENTREGABLE: DNS, subdominios, failover DNS al servidor de respaldo.

VPS REQUERIDO: Desarrollo + staging (ago 2026).

DEPENDE DE: DEV-003.

EXITO: Cada ambiente tiene URL propia y certificado SSL valido.",MES3_AGOSTO_UX_Sensores,Backlog,Normal,2026-07-27,2026-08-31,INFRAESTRUCTURA,11,SYS-I03,SYS-Infraestructura,R3,DEV-003,Baja,Bajo,Infraestructura,Desarrollo,S5-S7,Agosto,92.1,Agile — Desarrollo por Sprint
Gestionar parches de seguridad del sistema operativo,"OBJETIVO: Mantener servidores Linux actualizados sin sorpresas en produccion.

PARA LA MINA: Reduce riesgo de intrusion o caida por vulnerabilidades conocidas.

ENTREGABLE: Proceso mensual: evaluar parches -> probar en staging -> aplicar en prod.

VPS REQUERIDO: Todos (desde ago 2026, continuo).

DEPENDE DE: DEV-003.

EXITO: Registro de parches aplicados; cero servidores con CVE critico sin parche.",MES3_AGOSTO_UX_Sensores,Backlog,High,2026-07-27,2026-08-31,"INFRAESTRUCTURA,SEGURIDAD",23,SYS-I04,SYS-Infraestructura,R3,DEV-003,Media,Alto,Infraestructura,Desarrollo,S5-S7,Agosto,92.1,Agile — Desarrollo por Sprint
Mantenimiento semanal de bases de datos,"OBJETIVO: Mantener PostgreSQL, QuestDB y Redis rapidos y sin llenar discos.

PARA LA MINA: Telemetria e informes siguen respondiendo con miles de sensores activos.

ENTREGABLE: Rutina semanal (2h): limpieza, indices, consultas lentas, alertas de espacio.

VPS REQUERIDO: Desarrollo desde semana 10; produccion desde oct 2026.

DEPENDE DE: DEV-003 (BD instalada).

EXITO: Sin caidas por disco lleno; consultas criticas bajo umbral acordado.",MES3_AGOSTO_UX_Sensores,Backlog,High,2026-07-27,2026-08-31,"DATOS,INFRAESTRUCTURA",30,SYS-I05,"BACKEND 1 — DBA / Arq. Datos y Core, SYS-Infraestructura",R3,DEV-003,Media,Medio,Infraestructura,Desarrollo,S5-S7,Agosto,100.0,Agile — Desarrollo por Sprint
Probar que los backups se pueden restaurar,"OBJETIVO: Confirmar mensualmente que las copias de seguridad realmente funcionan.

PARA LA MINA: Si hay desastre, se recupera informacion e historial de sensores.

ENTREGABLE: Restauracion en ambiente test + acta con tiempo y integridad verificada.

VPS REQUERIDO: Staging (sep 2026 en adelante).

DEPENDE DE: DEV-004.

EXITO: Restauracion completa probada; tiempo documentado para auditoria.",MES4_SEPTIEMBRE_Integracion_QA,Backlog,High,2026-08-24,2026-09-30,INFRAESTRUCTURA,23,SYS-I06,"BACKEND 1 — DBA / Arq. Datos y Core, SYS-Infraestructura",R4,DEV-004,Media,Alto,Infraestructura,Desarrollo,S7-S9,Septiembre,99.3,Agile — Desarrollo por Sprint
Documentar infraestructura y red (diagramas),"OBJETIVO: Dejar mapa claro de servidores, redes, puertos y credenciales para operacion y DR.

PARA LA MINA: TI del cliente entiende la arquitectura sin depender de una sola persona.

ENTREGABLE: Diagrama de red, inventario, runbook de acceso, vault de secretos.

VPS REQUERIDO: Documentacion de dev + staging (sep 2026).

DEPENDE DE: SYS-I03, DEV-004.

EXITO: Documento actualizado tras cada cambio mayor de infra.",MES4_SEPTIEMBRE_Integracion_QA,Backlog,Normal,2026-08-24,2026-09-30,"DOCUMENTACION,INFRAESTRUCTURA",23,SYS-I07,"SYS-Infraestructura, ARQ-Arquitecto TI / PMO",R4,DEV-004,Media,Medio,Infraestructura,Desarrollo,S7-S9,Septiembre,90.0,Agile — Desarrollo por Sprint
"Igualar ambientes dev, staging y produccion","OBJETIVO: Evitar sorpresas: lo que funciona en desarrollo debe funcionar igual en produccion.

PARA LA MINA: Menos bugs el dia del Go-Live.

ENTREGABLE: Checklist de paridad, sync de configs, reporte semanal de diferencias.

VPS REQUERIDO: Los tres ambientes activos (sep 2026).

DEPENDE DE: DEV-003, DEV-004.

EXITO: Drift detectado y corregido antes de cada release.",MES4_SEPTIEMBRE_Integracion_QA,Backlog,High,2026-09-24,2026-09-30,INFRAESTRUCTURA,29,SYS-I08,"SYS-Infraestructura, BACKEND 3 — Integraciones",R4,DEV-003,Media,Medio,Infraestructura,Desarrollo,S9,Septiembre,100.0,Agile — Desarrollo por Sprint
Optimizar red mina ↔ datacenter Lima,"OBJETIVO: Reducir latencia y perdida de paquetes entre faena y datacenter.

PARA LA MINA: Sensores y mapas responden mas rapido con fibra, 4G o satelite.

ENTREGABLE: Informe de latencia, ajustes MTU/QoS, recomendaciones por tipo de enlace.

VPS REQUERIDO: Produccion (oct 2026).

EXITO: Latencia objetivo <20 ms desde oficina mina con fibra.",MES5_OCTUBRE_Optimizacion,Backlog,High,2026-09-21,2026-11-16,INFRAESTRUCTURA,17,SYS-I09,SYS-Infraestructura,R5,P2-M5-001,Alta,Alto,Infraestructura,Desarrollo,S9-S13,Octubre,100.0,Agile — Desarrollo por Sprint
Configurar firewall y segmentacion de red,"OBJETIVO: Separar trafico de aplicacion, bases de datos y administracion.

PARA LA MINA: Un ataque o error en un segmento no tumba toda la operacion.

ENTREGABLE: Reglas firewall, VLANs, logs de bloqueos, revision mensual.

VPS REQUERIDO: Produccion (oct 2026).

EXITO: Solo puertos necesarios abiertos; acceso admin por VPN.",MES5_OCTUBRE_Optimizacion,Backlog,High,2026-09-21,2026-11-16,"INFRAESTRUCTURA,SEGURIDAD",23,SYS-I10,SYS-Infraestructura,R5,P2-M5-002,Alta,Alto,Infraestructura,Desarrollo,S9-S13,Octubre,100.0,Agile — Desarrollo por Sprint
Acelerar carga web con Nginx (cache y compresion),"OBJETIVO: Paginas e imagenes cargan rapido incluso con 3G/4G en faena.

PARA LA MINA: Operadores no abandonan la app por lentitud.

ENTREGABLE: Nginx con gzip/brotli, cache estatico, tiempos medidos antes/despues.

VPS REQUERIDO: Produccion.

EXITO: Reduccion >50% tiempo de carga en conexiones moviles.",MES5_OCTUBRE_Optimizacion,Backlog,Normal,2026-09-21,2026-11-16,INFRAESTRUCTURA,13,SYS-I11,"SYS-Infraestructura, FRONTEND 1 — Interfaces (mes 1 al 6)",R5,P2-M5-003,Media,Medio,Infraestructura,Desarrollo,S9-S13,Octubre,100.0,Agile — Desarrollo por Sprint
Alertas de vencimiento de certificados SSL,"OBJETIVO: Evitar que la plataforma quede inaccesible por certificado vencido.

PARA LA MINA: Acceso continuo sin avisos de ""conexion no segura"".

ENTREGABLE: Monitoreo 30/15/7 dias, renovacion automatica certbot, dashboard.

VPS REQUERIDO: Todos los ambientes.

EXITO: Cero interrupciones por SSL en 12 meses.",MES5_OCTUBRE_Optimizacion,Backlog,Normal,2026-09-21,2026-11-16,"INFRAESTRUCTURA,SEGURIDAD",14,SYS-I12,SYS-Infraestructura,R5,P2-M5-007,Baja,Medio,Infraestructura,Desarrollo,S9-S13,Octubre,100.0,Agile — Desarrollo por Sprint
Plan de capacidad y escalamiento (1 ano),"OBJETIVO: Proyectar CPU, RAM, disco y red para crecimiento de sensores e informes.

PARA LA MINA: Evitar sorpresas de costo o caida cuando crece la operacion.

ENTREGABLE: Modelo de crecimiento (10K sensores, informes, usuarios), plan de upgrade.

VPS REQUERIDO: Produccion.

EXITO: Documento aprobado por ARQ y gerencia TI.",MES5_OCTUBRE_Optimizacion,Backlog,High,2026-09-21,2026-11-16,INFRAESTRUCTURA,23,SYS-I13,"SYS-Infraestructura, ARQ-Arquitecto TI / PMO",R5,P2-M5-015,Alta,Alto,Infraestructura,Desarrollo,S9-S13,Octubre,100.0,Agile — Desarrollo por Sprint
Soporte infraestructura 24/7 en marcha blanca y Go-Live,"OBJETIVO: Presencia SYS durante las semanas criticas de puesta en marcha.

PARA LA MINA: Respuesta inmediata si falla servidor, red o certificado en faena real.

ENTREGABLE: Turno on-call, runbook de incidentes, escalamiento a datacenter Lima.

VPS REQUERIDO: Produccion (nov 2026).

EXITO: Cero incidentes P1 sin respuesta en <15 minutos.",MES6_NOVIEMBRE_GoLive,Backlog,Urgent,2026-11-30,2026-11-30,"PRODUCCION,INFRAESTRUCTURA",28,SYS-I14,SYS-Infraestructura,R6,P2-M6-009,Media,Alto,Infraestructura,Desarrollo,S13,Noviembre,100.0,Agile — Desarrollo por Sprint
"Instalar MinIO — almacenamiento de archivos (reportes, imagenes)","OBJETIVO: Guardar PDFs, imagenes de informes y adjuntos como Amazon S3 pero en Lima.

PARA LA MINA: Archivos bajo control del cliente, sin costo por descarga en nube publica.

ENTREGABLE: MinIO en Docker, discos dedicados, cifrado, politicas de retencion.

VPS REQUERIDO: Produccion (oct 2026).

DEPENDE DE: P2-M5-003.

EXITO: Backend sube y descarga archivos via API S3-compatible.",MES5_OCTUBRE_Optimizacion,Backlog,High,2026-09-21,2026-11-16,"INFRAESTRUCTURA,SEGURIDAD",17,VPS-001,SYS-Infraestructura,R5,P2-M5-003,Alta,Medio,Infraestructura,Desarrollo,S9-S13,Octubre,100.0,Agile — Desarrollo por Sprint
Instalar QuestDB — base de datos de sensores en tiempo real,"OBJETIVO: Almacenar y consultar millones de lecturas IoT por segundo.

PARA LA MINA: Graficos de sensores en vivo sin saturar PostgreSQL.

ENTREGABLE: QuestDB en Docker, puertos ingest/consulta, NVMe, backup configurado.

VPS REQUERIDO: Produccion (oct 2026).

DEPENDE DE: P2-M5-003.

EXITO: 10K sensores simulados escriben y consultan sin degradacion.",MES5_OCTUBRE_Optimizacion,Backlog,Urgent,2026-09-21,2026-11-16,"INFRAESTRUCTURA,SENSORES,CRITICO",23,VPS-002,"BACKEND 1 — DBA / Arq. Datos y Core, SYS-Infraestructura",R5,P2-M5-003,Alta,Alto,Infraestructura,Desarrollo,S9-S13,Octubre,90.0,Agile — Desarrollo por Sprint
Configurar VPN WireGuard para acceso seguro desde mina,"OBJETIVO: Que personal autorizado entre a la plataforma cifrado desde faena.

PARA LA MINA: Seguridad en 4G/satelite; perfiles por rol (admin, supervisor, ingeniero).

ENTREGABLE: Servidor WireGuard, perfiles, logs de conexion, guia de uso.

VPS REQUERIDO: Produccion.

DEPENDE DE: P2-M5-002.

EXITO: Conexion VPN estable desde tablet en zona minera.",MES5_OCTUBRE_Optimizacion,Backlog,High,2026-09-21,2026-11-16,"SEGURIDAD,INFRAESTRUCTURA",23,VPS-003,"SYS-Infraestructura, BACKEND 2 — Ciberseguridad Backend (JWT/RBAC/OWASP)",R5,P2-M5-002,Alta,Alto,Infraestructura,Desarrollo,S9-S13,Octubre,100.0,Agile — Desarrollo por Sprint
Provisionar servidor VPS de respaldo (arquitectura Activo-Pasivo),"Contratacion y configuracion del segundo servidor VPS en el datacenter Lima como respaldo. Arquitectura Activo-Pasivo: el servidor principal atiende todo el trafico; el de respaldo se mantiene sincronizado y listo para tomar el control si el principal falla. Cambio automatico via DNS en menos de 5 minutos. Ambos servidores tienen la misma configuracion: Docker, bases de datos, servicios. El respaldo tambien almacena las copias de seguridad encriptadas.",MES5_OCTUBRE_Optimizacion,Backlog,Urgent,2026-09-21,2026-11-16,"INFRAESTRUCTURA,CRITICO",27,VPS-004,"BACKEND 1 — DBA / Arq. Datos y Core, ARQ-Arquitecto TI / PMO, SYS-Infraestructura",R5,P2-M5-003,Alta,Alto,Infraestructura,Desarrollo,S9-S13,Octubre,90.0,Agile — Desarrollo por Sprint
"Plan de conectividad operador-agnostica para clientes mineros (Claro, Movistar, Bitel, Entel)","Disenar y documentar la arquitectura de conectividad para que los usuarios de la mina se conecten sin importar el operador telefonico. Opciones validadas: (1) Fibra optica convencional para oficinas de mina con conexion fija; (2) Red movil 3G/4G de operadores peruanos (Claro, Movistar, Bitel, Entel) para tablets y dispositivos moviles en campo; (3) Conexion satelital para zonas sin cobertura celular. El VPS en datacenter Lima tiene IP publica fija accesible desde cualquier operador. Incluye pruebas de latencia con cada tipo de conexion.",MES5_OCTUBRE_Optimizacion,Backlog,High,2026-09-21,2026-11-16,"INFRAESTRUCTURA,DOCUMENTACION,CRITICO",23,VPS-005,"ARQ-Arquitecto TI / PMO, SYS-Infraestructura",R5,P2-M5-001,Alta,Alto,Arquitectura,Desarrollo,S9-S13,Octubre,96.1,Agile — Desarrollo por Sprint
Instalar WAF (Web Application Firewall) para proteger la plataforma web,"Instalacion de firewall de aplicaciones web (ModSecurity con Nginx o similar) que filtra ataques antes de que lleguen al sistema: bloquea intentos de inyeccion SQL, cross-site scripting, bots maliciosos, escaneos automaticos. Complementa el firewall de red (iptables) con proteccion a nivel de aplicacion. Reglas personalizadas para la plataforma minera. Logs de ataques bloqueados visibles en Grafana.",MES5_OCTUBRE_Optimizacion,Backlog,High,2026-09-21,2026-11-16,"SEGURIDAD,INFRAESTRUCTURA",23,VPS-006,"SYS-Infraestructura, BACKEND 2 — Ciberseguridad Backend (JWT/RBAC/OWASP)",R5,P2-M5-006,Alta,Alto,Infraestructura,Desarrollo,S9-S13,Octubre,100.0,Agile — Desarrollo por Sprint
Instalar Redis en Docker: cache de datos y sesiones de usuarios,"Despliegue de Redis como servicio Docker en el VPS: almacena temporalmente los datos mas consultados (documentos abiertos, sesiones activas, resultados de busqueda) para que el sistema responda mas rapido sin consultar la base de datos cada vez. Configuracion de seguridad: contrasena, cifrado de datos sensibles, limite de memoria. Persistencia en disco para no perder datos si el contenedor se reinicia.",MES5_OCTUBRE_Optimizacion,Backlog,High,2026-09-21,2026-11-16,"INFRAESTRUCTURA,DATOS",12,VPS-007,"BACKEND 1 — DBA / Arq. Datos y Core, SYS-Infraestructura",R5,P2-M5-005,Alta,Medio,Infraestructura,Desarrollo,S9-S13,Octubre,90.0,Agile — Desarrollo por Sprint
Configurar replicacion automatica de datos al servidor de respaldo,"Proceso automatico que copia continuamente los datos del servidor principal al de respaldo: base de datos PostgreSQL (replica en streaming), QuestDB (replica de datos de sensores), MinIO (sincronizacion de archivos), Redis (replica). Si el servidor principal falla, el respaldo tiene los datos actualizados hasta segundos antes del fallo.",MES5_OCTUBRE_Optimizacion,Backlog,Urgent,2026-09-21,2026-11-16,"INFRAESTRUCTURA,CRITICO",23,VPS-008,"BACKEND 1 — DBA / Arq. Datos y Core, SYS-Infraestructura",R5,VPS-004,Alta,Alto,Infraestructura,Desarrollo,S9-S13,Octubre,90.0,Agile — Desarrollo por Sprint
Documentar arquitectura completa VPS datacenter Lima (diagrama tecnico y gerencial),"Elaborar documentacion completa de la arquitectura del datacenter: (1) Diagrama tecnico con todos los componentes Docker (C++, React, PostgreSQL, QuestDB, Redis, MinIO, Kafka, Prometheus, Grafana, WireGuard); (2) Diagrama de red (VLANs, firewall, VPN, DNS); (3) Diagrama gerencial simplificado para presentar al Directorio; (4) Inventario de servidores, IPs, puertos, credenciales. Basado en el informe de evaluacion AWS vs VPS.",MES5_OCTUBRE_Optimizacion,Backlog,High,2026-09-21,2026-11-16,"DOCUMENTACION,ARQUITECTURA",20,VPS-009,"BACKEND 1 — DBA / Arq. Datos y Core, ARQ-Arquitecto TI / PMO, SYS-Infraestructura",R5,VPS-005,Media,Medio,Arquitectura,Desarrollo,S9-S13,Octubre,90.0,Agile — Desarrollo por Sprint
"Prueba de conectividad desde mina real: fibra, 4G (todos los operadores) y satelital","Prueba real de conexion desde la unidad minera al datacenter Lima usando los 3 tipos de conectividad: (1) Fibra optica de oficina central de mina; (2) Celular 4G con chips de Claro, Movistar, Bitel y Entel desde distintas zonas de la mina; (3) Satelital desde zona sin cobertura. Medir latencia, estabilidad y velocidad en cada caso. Verificar que la plataforma funciona correctamente en conexiones lentas (3G/satelital). Documentar resultados y recomendaciones.",MES6_NOVIEMBRE_GoLive,Backlog,Urgent,2026-11-30,2026-11-30,"INFRAESTRUCTURA,PRUEBAS_CALIDAD,CRITICO",22,VPS-010,"SYS-Infraestructura, QA-Calidad (desde mes 2), ARQ-Arquitecto TI / PMO",R6,VPS-005,Alta,Alto,Infraestructura,Desarrollo,S13,Noviembre,100.0,Agile — Desarrollo por Sprint
Prueba de failover completo: caida de servidor principal y activacion de respaldo,"Simulacro real donde se apaga el servidor VPS principal y se verifica: (1) El DNS redirige al servidor de respaldo en menos de 5 minutos; (2) Todos los servicios funcionan en el respaldo (plataforma, sensores, informes); (3) Los datos estan completos y actualizados; (4) Los usuarios de mina no pierden sesion activa. Documentar tiempos y resultados. Repetir el simulacro en sentido inverso (volver al principal).",MES6_NOVIEMBRE_GoLive,Backlog,Urgent,2026-11-30,2026-11-30,"PRUEBAS_CALIDAD,CRITICO,INFRAESTRUCTURA",7,VPS-011,"SYS-Infraestructura, QA-Calidad (desde mes 2)",R6,VPS-008,Alta,Alto,Infraestructura,Desarrollo,S13,Noviembre,100.0,Agile — Desarrollo por Sprint
